source,key,bg,en
"AngleMeanings","byKey|asc","Как пристигате: Асцендентът показва първото впечатление, стила на влизане в нови ситуации и начина, по който започвате взаимодействия. Това не е маска, а начинът, по който тялото, поведението и моментът създават „вратата“ към останалата част от картата. Асцендентът може да обрисува повтарящи се реакции и автоматични подходи, които после съзнателно развивате или омекотявате; осъзнаването му често дава контрол върху първия импулс и позволява да подберете как да се представите според целта си.","How you arrive: the Ascendant shows the first impression you give, the way you enter situations, and the approach you take when something begins. It isn’t a mask but the doorway through which the rest of the chart expresses itself — a pattern of bodily presence and instinctive responses shaped by the moment of birth. The ASC often reveals automatic habits you can become aware of and refine, so noticing it helps you choose when to lean into a first impulse or to adjust your presentation."
"AngleMeanings","byKey|mc","Най-високата точка на картата говори за позицията ви пред света — репутацията, кариерата или обществената роля, към която сте привлечени. Меридианът описва какво хората би трябвало да видят: типа отговорности, авторитет или амбиция, която ви тегли. Той не определя интимния живот, а сцената, на която се измерят вашите усилия. Животните обрати могат да изместят фокусa към или от МС, но разбирането му помага да насочвате професионални избори и публични прояви по-осъзнато.","The chart’s highest point describes your standing before the world — reputation, vocation, or the public role you’re drawn toward. The Midheaven outlines the kinds of responsibilities, authority, or ambitions that shape your outward direction. It speaks more to public life than to private matters: the stage on which your work and status are seen. Life changes can shift how you express your MC, but understanding it helps you steer career choices and public behavior with greater clarity."
"AscendantInSign","entries|asc_aquarius","Хората ви възприемат като независими и различни — малко встрани от общото, трудни за поместване в стандартни кутии. Това ви прави запомнящи се и често привлича интерес към нестандартните ви възгледи. Първите впечатления от вас могат да варират значително в зависимост от наблюдателя: за някои сте визионер, за други — хладен или ексцентричен. Темите са индивидуалност, иновация и социални идеи; практическото предизвикателство е да намирате съмишленици и да обяснявате различията си така, че да изграждате реални връзки.","You come across as your own person—slightly apart, hard to categorize and not doing things the usual way. That makes you memorable and often attracts curiosity about your unconventional views. First impressions of you can differ widely: some see a visionary, others find you detached or eccentric. Themes include individuality, innovation and social thinking; a helpful strategy is to find compatible circles, explain your choices with clarity when needed, and use your originality to collaborate rather than isolate."
"AscendantInSign","entries|asc_aries","Проявявате се пред света като директен, бърз и импулсивен човек — околните често очакват да поемете инициативата. Новите ситуации срещате напред, вместо да ги анализирате, и това често се чете като увереност, дори когато вътрешно не сте сигурни. Силната ви енергия е ценна за започване на проекти, но може да доведе до прибързани решения или конфликти. Насоки: огледайте импулса преди действие, канализирайте енергията в ясни начала и практикувайте търпение към собствените несигурности.","You present as direct, quick and ready to take the lead, so others often expect you to initiate. You meet new situations head-on rather than study them, which reads as confidence even when you feel uncertain. Your drive is ideal for starting projects, yet it can produce hasty choices or friction. Practical advice: pause briefly before acting, direct your energy toward deliberate beginnings, and cultivate patience with moments of inner doubt."
"AscendantInSign","entries|asc_cancer","Проявявате се като мек, грижовен и наблюдателен човек, който усеща настроението на другите. Преди да влезете в нова ситуация, обикновено „пробвате водата“ и първото ви движение е да прецените дали е безопасно. Връзките ви търсят сигурност и емоционална дълбочина; понякога защитният ви механизъм може да изглежда резервиран или предпазлив. Практически подход: създайте ритуали за усещане на сигурност, споделяйте малко по малко уязвимостта си и позволете на хората да покажат сигурност обратно.","You present as gentle, caring and attuned to others’ moods, often testing the waters before entering a new situation. Your first move is typically to gauge safety, and you value relationships that offer emotional security and depth. Protective instincts can come across as guardedness. Practical suggestions: develop rituals that make you feel secure, reveal vulnerability gradually, and allow others opportunities to demonstrate reliability in return."
"AscendantInSign","entries|asc_capricorn","Излизате пред хората сериозни, отговорни и надеждни — понякога изглеждате по-възрастни или по-уравновесени, отколкото сте. Околните често ви дават отговорност без да попитат и разчитат на стабилността ви. Това ви дава уважение, но може да ви направи дистанционни или предпазливи към уязвимост. Темите включват дисциплина, дългосрочно планиране и авторитет; полезно е да показвате малки човешки страни, да приемате подкрепа и да отделяте време за почивка и игра.","You come across as serious, reliable and often more composed than your years. People tend to hand you responsibility and trust your steadiness. That earns respect, yet it can make you appear distant or guarded emotionally. Themes include discipline, long-term planning and authority; a practical approach is to let a few humanizing details show, accept support when it’s offered, and schedule time for rest and lighter pursuits so responsibility doesn’t become burden."
"AscendantInSign","entries|asc_gemini","Пристигате в света с разговор, въпроси и бързи връзки между идеи — лесни сте за компания и комуникация. Хората често ви приемат за по-лек или по-повърхностен, защото при първа среща предпочитате да впечатлявате и да бъдете интересни, а не дълбоки. Любознателността ви носи разнообразие, но и риск от разпиляване. Насоки: изберете няколко области за по-задълбочено внимание, упражнявайте активно слушане и работете върху последователност в проектите.","You arrive with talk, curiosity and quick connections—easy company and lively conversation. People may take you as lighter or more surface-level because you prefer to be interesting rather than intense at first meetings. Your curiosity brings variety but can scatter your focus. Useful practices: pick a few topics for deeper follow‑through, cultivate active listening, and develop routines that help you finish what you start."
"AscendantInSign","entries|asc_leo","Забелязват ви — независимо дали търсите внимание или не. Вашето присъствие е топло, драматично и често носи усещане за сцена; хората очакват от вас да „носите стаята“. Това може да ви ласкае и да ви дава възможност да влияете позитивно, но и да тежи, когато сте уморени или уязвими. Темите включват нужда от признание, щедрост и стремеж към лидерство; практика е да насочвате вниманието си в смислени проекти и да си позволявате почивка, за да избегнете изтощение.","You tend to be noticed whether you seek it or not. Your presence feels warm, dramatic and slightly theatrical; people often expect you to carry the room. That attention can flatter and empower you, but it can also feel burdensome when you're tired or vulnerable. Key themes are a need for recognition, generosity and natural leadership; tensions appear when showmanship overrides authenticity. A helpful approach is to use the spotlight intentionally—for creativity or service—and to schedule rest and quieter ways to be seen."
"AscendantInSign","entries|asc_libra","Пристигате приветливи и отзивчиви; хората се отпускат около вас. Рефлексът ви е да изглаждате напрежението и да търсите хармония, което прави първите срещи лесни и приятни. В същото време това може да затрудни другите да разберат какво наистина мислите, защото предпочитате компромиса пред директния спор. Темите включват естетика, дипломация и търсене на баланс; практическо насочване е да упражнявате кратки, ясни изказвания на предпочитания и граници, за да запазите честността във взаимоотношенията.","You arrive as pleasant and accommodating, and people tend to relax around you. Your reflex is to smooth things over and seek harmony, which makes first meetings easy but can obscure what you really think. Themes include aesthetics, diplomacy and a strong sense of fairness; the tension is between keeping the peace and stating your needs. A constructive approach is to practice brief, clear expressions of preference and to set gentle boundaries so your charm doesn’t become a mask for avoidance."
"AscendantInSign","entries|asc_pisces","Излизате пред хората с меки контури и висока възприемчивост — често хората ви споделят неща по-рано, отколкото са планирали. Склонни сте да отразявате настроението на обкръжението си, което ви прави лесни за общуване, но и трудни за уловими като индивидуалност. Темите включват емпатия, интуиция и творческа чувствителност; практическо насочване е да работите върху граници и заземяване, да канализирате чувствителността в изкуство или помощ на другите и да запазвате време за възстановяване.","You come across as soft-edged and receptive, and people often confide in you sooner than they expect. You tend to take on the tone of whoever you’re with, which makes you easy to be around but sometimes hard to pin down as an individual. Themes include empathy, intuition and creative sensitivity; consider practicing clearer boundaries and grounding techniques, channeling your receptivity into creative or compassionate work, and reserving time to replenish your own emotional reserves."
"AscendantInSign","entries|asc_sagittarius","Пристигате отворени, откровени и готови за движение — образ на човек, който търси смисъл и възможности. Хората ви намират освежаващи и понякога прекалено директни; вашият първи импулс към нова ситуация е да потърсите интересното или широката перспектива. Това носи ентусиазъм и оптимизъм, но може да създаде впечатление на лекомислие или непостоянство. Практика е да балансирате спонтанността с последователност и да използвате откровеността за свързване, не за нараняване.","You arrive open, candid and ready to go somewhere—someone who seeks meaning and possibility. People often find you refreshing and sometimes too blunt; your first reaction to a new situation is to look for what’s interesting or expansive. That brings enthusiasm and a broad view, but it can also read as restlessness or inconsistency. Aim to temper bluntness with attentive listening, follow through on promising leads and channel your curiosity into projects that sustain rather than scatter your energy."
"AscendantInSign","entries|asc_scorpio","Давате малко от себе си и това се усеща. Излизате пред хората като самодостатъчни и наблюдателни, с интензивност, която привлече някои и държи други на разстояние. Често имате способността бързо да разбирате мотивации и скрити пластове в отношенията, което ви дава предимство, но може да роди подозрителност или контрол. Темите са дълбочина, трансформация и лична сила; полезно е стратегически да разкривате себе си поетапно и да канализирате интензивността към изцеление или фокусирана работа.","You give little away, and people notice that. You present as self-contained and watchful, with an intensity that draws some people in and keeps others at a distance. You tend to read motivations and undercurrents quickly, which can be an advantage but may also generate suspicion or power plays. Themes include depth, transformation and personal power; a constructive path is to reveal yourself in measured ways, channel intensity into focused work or healing, and practice honest boundaries to avoid manipulative dynamics."
"AscendantInSign","entries|asc_taurus","Оставяте впечатление на уравновесен и ненатоварен човек, който не бърза и предпочита устойчивост. Това спокойствие кара хората да ви се доверяват бързо, но също така може да прикрива колко работи се извършват вътре. Цените комфорт, сетивност и стабилни връзки; промените ви изтощават, ако са твърде бързи. Практически съвет: използвайте устойчивото си темпо като ресурс за последователност, но се упражнявайте в адаптивност и комуникиране на вътрешните усилия.","You come across as steady, unhurried and reliable, someone unlikely to be rushed. That calm quickly earns trust but can mask how much activity is happening beneath the surface. You value comfort, sensory pleasure and durable relationships; sudden change can drain you. Practical tips: use your steadiness to build consistency, while practising flexibility and sharing the inner work you’re doing so people appreciate the effort behind your composed exterior."
"AscendantInSign","entries|asc_virgo","Излизате пред другите като способен, наблюдателен и практичен — човекът, който е забелязал детайлите и може да подреди нещата. Новите ситуации първо ги оценявате, преди да поемете ангажимент, а естественият ви импулс е да бъдете полезни. Това ви прави надежден съюзник, но понякога и прекалено критични — към себе си и към околните. Полезно е да практикувате ясно споделяне на намеренията и да позволявате малко повече широта и топлина в първите срещи.","You come across as capable, observant and practical—the person who notices the details and can organize things. You tend to assess new situations before committing, and your first instinct is to be useful rather than to be liked. This makes you a reliable colleague or friend, though it can slide into self-criticism or perceived reserve. Try making your intentions visible and allowing some softness in first impressions; small gestures of warmth help others see the person behind the competence."
"ChartConcepts","all|angles","Асцендентът е градусът, който изгрява по източния хоризонт в момента на раждане, а Меридианът (средното небе) е най-високата точка на картата. Те не са планети, а географски кръстовища — местата, където небето среща конкретната точка на земята, на която сте родени. Затова точният час на раждане влияе силно: промяна от един час променя тези ъгли и с това конфигурацията на домове и проявата на личностните теми. В професионален и социален контекст ъглите подсказват как ви възприемат и къде се срещате със света.","The Ascendant is the degree rising on the eastern horizon at birth; the Midheaven (MC) is the chart’s highest point. They aren’t planets but geographic intersections — where the sky meets the particular spot on earth where you were born. That’s why an accurate birth time matters: shifting the time by an hour moves these angles and alters house cusps and how themes show up. In practice, the angles point to first impressions and public standing — the interface between your inner chart and the world."
"ChartConcepts","all|applyingSeparating","Приближаващият аспект изглежда като енергия, която набира интензитет: темата се приближава към вас и може да донесе възможности за действие, ясност или поврат. Това е момент, в който има смисъл да се подготвите, да фокусирате намерения или да започнете проект, защото силата на влиянието още расте. От друга страна, отдалечаващият се аспект често показва отслабване на натиска — основното вече е било преживяно и остава интегриране или поемане на последствията. И в двата случая полезно е да се наблюдава скоростта и орбата: колко скоро аспектът става точен или колко време е изминало от точността, за да се прецени дали е време за инициатива, затваряне или осмисляне.","An applying aspect reads as energy that is building: the topic is moving toward you and may bring chances to act, clarify, or shift direction. It’s a useful time to prepare, set intentions, or begin something, because the influence is still increasing. A separating aspect, by contrast, often signals that the pressure is easing — the main point has largely been experienced and what remains is integration or dealing with the results. Pay attention to speed and orb: how soon the aspect becomes exact or how long it’s been past exact helps decide whether to initiate, complete, or reflect."
"ChartConcepts","all|duplicatedSign","Когато един и същи знак лежи на границата между два последователни дома, неговият характер и начин на действие се проявяват в двете области едновременно. Това често създава интегрирана нишка: една и съща реакция или ресурс се използва в два контекста, което може да дава ефективност, но и да води до слепи петна — когато методът работи в една сфера, може да се опира на същия навик и в другата, дори ако не е оптимален. Съзнателната диференциация помага да се използва силата на дублирания знак, без да се изпуска възможността да се адаптира подходът там, където е нужен различен инструмент.","When the same sign straddles the cusp of two consecutive houses, its style and impulses play out in both areas at once. This creates a unified thread: the same instinct or method gets applied across two contexts, which can bring efficiency but also blind spots — a habit that works in one sphere may be carried over into the other where it’s less suitable. Conscious differentiation helps you harness the duplicated sign’s strength while adapting when each house requires a different approach."
"ChartConcepts","all|houseRuler","Всеки дом в картата има знак на своята граница, а всеки знак има планета, която го управлява — това е владетелят на дома. Позицията на владетеля в картата насочва къде и как се реализират темите на самия дом: той показва подхода, инструментите и средата, през които въпросът ще намери отговор. Ако владетелят стои в същия дом, темата може да се самоутвърждава; ако е в друг дом, отговорът идва по различен път и може да изиска подкрепа или компромис. Аспектите към владетеля разкриват пречки, помощници и времето, в което въпросът става актуален. Практически: потърсете владетеля, за да разберете ресурсите, ограниченията и реалните възможности по въпроса.","Each house has a sign on its cusp, and every sign has a ruling planet — the house ruler. Where that ruler sits in the chart points to how and where the house’s matters are likely to unfold: it suggests the approach, tools, and setting through which resolutions are found. If the ruler is in the same house it can reinforce the theme; if it sits elsewhere, the answer comes via another area of life and may require trade-offs or external help. Aspects to the ruler reveal tensions, allies, and timing. Practically, follow the ruler to see resources, constraints, and how a house’s question is most constructively pursued."
"ChartConcepts","all|interceptedHouse","Знак е прихванат, когато се намира изцяло в рамките на един дом, без да достига до неговите граници. Това може да означава, че темите на този знак се проявяват по-късно, косвено или трудно — те нямат „врата“ за лесен достъп. Прихванатите енергии често изискват съзнателно усилие, повторение или външен тласък, за да се освободят; въпреки това, когато бъдат отключени, те могат да станат концентриран ресурс и да носят вътрешна сила. Наблюдавайте владетеля на знака, транзитите и прогресиите: те често действат като ключ, който отваря затворените теми.","A sign is intercepted when it lies entirely inside one house without touching either cusp. Intercepted signs often mean their themes arrive late, indirectly, or only after extra effort — there’s no easy ‘doorway’ into that mode of expression. Such energies may require sustained work, catalysts from relationships, or timing events to surface; yet once accessed, they can become a concentrated strength. Look to the intercepted sign’s ruler, transits, and progressions — these tend to act as keys that open up what was previously out of reach."
"ChartConcepts","all|orb","Орбисът е границата на допустимото отклонение от точния ъгъл, при която един аспект все още се смята за действащ. Аспектите не „включват“ и „изключват“ в един миг; вместо това влиянието се усилва, когато се приближава до точната конфигурация. По-строги интерпретации използват тесни орбиси, широките орбиси оставят място за по-дифузни влияния. Контекстът е важен: бавни планети и големи конфигурации по-често работят на по-широк орбис, докато бързите планети се усещат само близо до точния градус. При тълкуване гледайте орбиса като градиент на сила, не като бинарен ключ.","An orb is the allowable deviation from an exact angle at which an aspect is still considered operative. Aspects don’t switch on and off suddenly; influence increases as the configuration approaches exactness. Narrow orbs emphasize precision; wider orbs allow for more diffuse effect. Context matters: slow-moving bodies and large configurations often function across wider orbs, while faster planets tend to act most strongly near exact degrees. Treat the orb as a gradient of potency rather than a simple on/off rule when assessing aspectual influence."
"ChartConcepts","all|primaryDirections","Примарните дирекции са техника за времево „преместване“ на цялата рождена карта напред с приблизително един градус на година. Това не е за ежедневните транзити, а за по-големи структурни периоди: когато дирекцията на една точка срещне друга, в живота често се отваря голяма глава — промяна, узряване или дълъг процес, който може да продължи година-две. Дирекциите често маркират моменти на вътрешно преориентиране, съзряване или съдбовни възможности, които после се разгръщат по-дълго. Интерпретацията изисква да се гледат съвпадите, околните аспекти и ролята на владетелите: те дават контекст за това какъв вид промяна е настъпила и как може да се работи с нея в ретроспекция и в настоящето.","Primary directions move the whole natal chart forward roughly one degree per year. They aren’t about where the planets are day-to-day but about larger structural chapters: when a directed point meets another natal point, a significant chapter often opens — a maturing, turning point, or extended process that can last a year or two. Directions tend to mark enduring shifts rather than moods, and are useful for identifying when something structural was set in motion. Read them alongside aspects and rulers to understand the nature of the change and how it unfolded over time."
"ChartConcepts","all|retrograde","Планета е ретроградна, когато от нашата перспектива изглежда да се движи назад. Небесните движения не се обръщат наистина — ефектът идва от относителната скорост и ъгъл. В рождена карта ретроградата често насочва енергията навътре: темите на тази планета може да се преживяват по-интензивно вътрешно, с нужда от преработване и вътрешна рефлексия, преди да се проявят външно. В транзити ретроградните периоди означават повторни преминавания през един и същ градус — въпросът се връща за доизясняване и може да поиска преглед, корекция или забавяне, преди да продължи напред.","A planet is retrograde when it appears to move backward from our vantage point. The effect comes from relative motion, not an actual reversal. In the natal chart retrograde planets often indicate inward processing: the planet’s themes may be worked out privately and require more introspection before they show externally. In transit retrogrades mean the same degree is revisited, so a matter tends to come back for review, correction, or deeper integration before it can move forward. Retrograde periods can be productive times for reworking, refining, and reconsidering earlier choices."
"ChartConcepts","all|rulershipChain","Става дума за верига: планета, която застава в даден дом, срещата на знака на ръба и планетата-владетел на този знак. Първата планета дава темата; знакът определя нюанса; владетелят и мястото му в картата показват откъде идват решенията и ресурсите. Тази верига обяснява защо двама души с една и съща планета в един дом я преживяват различно — защото владетелят може да я довежда чрез кариера, партньорства, вътрешна работа или социален кръг. Асцендентът на владетеля, аспектите към него и неговите транзити задават ритъма и препятствията. При тълкуване следвайте веригата, за да видите не само въпроса, но и пътя към решението.","Think of a rulership chain: a planet placed in a house raises a theme; the sign on the cusp shades it; and the sign’s ruling planet — and where that ruler sits — reveals where answers and resources actually come from. This chain explains why two people with the same planet in a house can live that theme very differently: the ruler might bring the issue through career, partnership, inner work, or social networks. The ruler’s aspects and transits set timing and obstacles. When interpreting, trace the chain to see not just the question, but the pathways and conditions by which it’s resolved."
"ChartConcepts","angles","Асцендентът е градусът, който изгрява по източния хоризонт в момента на раждане, а Меридианът (средното небе) е най-високата точка на картата. Те не са планети, а географски кръстовища — местата, където небето среща конкретната точка на земята, на която сте родени. Затова точният час на раждане влияе силно: промяна от един час променя тези ъгли и с това конфигурацията на домове и проявата на личностните теми. В професионален и социален контекст ъглите подсказват как ви възприемат и къде се срещате със света.","The Ascendant is the degree rising on the eastern horizon at birth; the Midheaven (MC) is the chart’s highest point. They aren’t planets but geographic intersections — where the sky meets the particular spot on earth where you were born. That’s why an accurate birth time matters: shifting the time by an hour moves these angles and alters house cusps and how themes show up. In practice, the angles point to first impressions and public standing — the interface between your inner chart and the world."
"ChartConcepts","applyingSeparating","Приближаващият аспект изглежда като енергия, която набира интензитет: темата се приближава към вас и може да донесе възможности за действие, ясност или поврат. Това е момент, в който има смисъл да се подготвите, да фокусирате намерения или да започнете проект, защото силата на влиянието още расте. От друга страна, отдалечаващият се аспект често показва отслабване на натиска — основното вече е било преживяно и остава интегриране или поемане на последствията. И в двата случая полезно е да се наблюдава скоростта и орбата: колко скоро аспектът става точен или колко време е изминало от точността, за да се прецени дали е време за инициатива, затваряне или осмисляне.","An applying aspect reads as energy that is building: the topic is moving toward you and may bring chances to act, clarify, or shift direction. It’s a useful time to prepare, set intentions, or begin something, because the influence is still increasing. A separating aspect, by contrast, often signals that the pressure is easing — the main point has largely been experienced and what remains is integration or dealing with the results. Pay attention to speed and orb: how soon the aspect becomes exact or how long it’s been past exact helps decide whether to initiate, complete, or reflect."
"ChartConcepts","duplicatedSign","Когато един и същи знак лежи на границата между два последователни дома, неговият характер и начин на действие се проявяват в двете области едновременно. Това често създава интегрирана нишка: една и съща реакция или ресурс се използва в два контекста, което може да дава ефективност, но и да води до слепи петна — когато методът работи в една сфера, може да се опира на същия навик и в другата, дори ако не е оптимален. Съзнателната диференциация помага да се използва силата на дублирания знак, без да се изпуска възможността да се адаптира подходът там, където е нужен различен инструмент.","When the same sign straddles the cusp of two consecutive houses, its style and impulses play out in both areas at once. This creates a unified thread: the same instinct or method gets applied across two contexts, which can bring efficiency but also blind spots — a habit that works in one sphere may be carried over into the other where it’s less suitable. Conscious differentiation helps you harness the duplicated sign’s strength while adapting when each house requires a different approach."
"ChartConcepts","houseRuler","Всеки дом в картата има знак на своята граница, а всеки знак има планета, която го управлява — това е владетелят на дома. Позицията на владетеля в картата насочва къде и как се реализират темите на самия дом: той показва подхода, инструментите и средата, през които въпросът ще намери отговор. Ако владетелят стои в същия дом, темата може да се самоутвърждава; ако е в друг дом, отговорът идва по различен път и може да изиска подкрепа или компромис. Аспектите към владетеля разкриват пречки, помощници и времето, в което въпросът става актуален. Практически: потърсете владетеля, за да разберете ресурсите, ограниченията и реалните възможности по въпроса.","Each house has a sign on its cusp, and every sign has a ruling planet — the house ruler. Where that ruler sits in the chart points to how and where the house’s matters are likely to unfold: it suggests the approach, tools, and setting through which resolutions are found. If the ruler is in the same house it can reinforce the theme; if it sits elsewhere, the answer comes via another area of life and may require trade-offs or external help. Aspects to the ruler reveal tensions, allies, and timing. Practically, follow the ruler to see resources, constraints, and how a house’s question is most constructively pursued."
"ChartConcepts","interceptedHouse","Знак е прихванат, когато се намира изцяло в рамките на един дом, без да достига до неговите граници. Това може да означава, че темите на този знак се проявяват по-късно, косвено или трудно — те нямат „врата“ за лесен достъп. Прихванатите енергии често изискват съзнателно усилие, повторение или външен тласък, за да се освободят; въпреки това, когато бъдат отключени, те могат да станат концентриран ресурс и да носят вътрешна сила. Наблюдавайте владетеля на знака, транзитите и прогресиите: те често действат като ключ, който отваря затворените теми.","A sign is intercepted when it lies entirely inside one house without touching either cusp. Intercepted signs often mean their themes arrive late, indirectly, or only after extra effort — there’s no easy ‘doorway’ into that mode of expression. Such energies may require sustained work, catalysts from relationships, or timing events to surface; yet once accessed, they can become a concentrated strength. Look to the intercepted sign’s ruler, transits, and progressions — these tend to act as keys that open up what was previously out of reach."
"ChartConcepts","orb","Орбисът е границата на допустимото отклонение от точния ъгъл, при която един аспект все още се смята за действащ. Аспектите не „включват“ и „изключват“ в един миг; вместо това влиянието се усилва, когато се приближава до точната конфигурация. По-строги интерпретации използват тесни орбиси, широките орбиси оставят място за по-дифузни влияния. Контекстът е важен: бавни планети и големи конфигурации по-често работят на по-широк орбис, докато бързите планети се усещат само близо до точния градус. При тълкуване гледайте орбиса като градиент на сила, не като бинарен ключ.","An orb is the allowable deviation from an exact angle at which an aspect is still considered operative. Aspects don’t switch on and off suddenly; influence increases as the configuration approaches exactness. Narrow orbs emphasize precision; wider orbs allow for more diffuse effect. Context matters: slow-moving bodies and large configurations often function across wider orbs, while faster planets tend to act most strongly near exact degrees. Treat the orb as a gradient of potency rather than a simple on/off rule when assessing aspectual influence."
"ChartConcepts","primaryDirections","Примарните дирекции са техника за времево „преместване“ на цялата рождена карта напред с приблизително един градус на година. Това не е за ежедневните транзити, а за по-големи структурни периоди: когато дирекцията на една точка срещне друга, в живота често се отваря голяма глава — промяна, узряване или дълъг процес, който може да продължи година-две. Дирекциите често маркират моменти на вътрешно преориентиране, съзряване или съдбовни възможности, които после се разгръщат по-дълго. Интерпретацията изисква да се гледат съвпадите, околните аспекти и ролята на владетелите: те дават контекст за това какъв вид промяна е настъпила и как може да се работи с нея в ретроспекция и в настоящето.","Primary directions move the whole natal chart forward roughly one degree per year. They aren’t about where the planets are day-to-day but about larger structural chapters: when a directed point meets another natal point, a significant chapter often opens — a maturing, turning point, or extended process that can last a year or two. Directions tend to mark enduring shifts rather than moods, and are useful for identifying when something structural was set in motion. Read them alongside aspects and rulers to understand the nature of the change and how it unfolded over time."
"ChartConcepts","retrograde","Планета е ретроградна, когато от нашата перспектива изглежда да се движи назад. Небесните движения не се обръщат наистина — ефектът идва от относителната скорост и ъгъл. В рождена карта ретроградата често насочва енергията навътре: темите на тази планета може да се преживяват по-интензивно вътрешно, с нужда от преработване и вътрешна рефлексия, преди да се проявят външно. В транзити ретроградните периоди означават повторни преминавания през един и същ градус — въпросът се връща за доизясняване и може да поиска преглед, корекция или забавяне, преди да продължи напред.","A planet is retrograde when it appears to move backward from our vantage point. The effect comes from relative motion, not an actual reversal. In the natal chart retrograde planets often indicate inward processing: the planet’s themes may be worked out privately and require more introspection before they show externally. In transit retrogrades mean the same degree is revisited, so a matter tends to come back for review, correction, or deeper integration before it can move forward. Retrograde periods can be productive times for reworking, refining, and reconsidering earlier choices."
"ChartConcepts","rulershipChain","Става дума за верига: планета, която застава в даден дом, срещата на знака на ръба и планетата-владетел на този знак. Първата планета дава темата; знакът определя нюанса; владетелят и мястото му в картата показват откъде идват решенията и ресурсите. Тази верига обяснява защо двама души с една и съща планета в един дом я преживяват различно — защото владетелят може да я довежда чрез кариера, партньорства, вътрешна работа или социален кръг. Асцендентът на владетеля, аспектите към него и неговите транзити задават ритъма и препятствията. При тълкуване следвайте веригата, за да видите не само въпроса, но и пътя към решението.","Think of a rulership chain: a planet placed in a house raises a theme; the sign on the cusp shades it; and the sign’s ruling planet — and where that ruler sits — reveals where answers and resources actually come from. This chain explains why two people with the same planet in a house can live that theme very differently: the ruler might bring the issue through career, partnership, inner work, or social networks. The ruler’s aspects and transits set timing and obstacles. When interpreting, trace the chain to see not just the question, but the pathways and conditions by which it’s resolved."
"HdConnectionTexts","bothOpen","Никой от двамата не дефинира тези, така че тук няма кой да е източник — и това значи две неща наведнъж. Между вас няма търкане в тези области, което е спокойно, но също няма кой да задържи почвата, когато натискът дойде отвън: и двамата ще поемете онова, което носи стаята, семейството или ситуацията, и ще си го усилите взаимно. Когато една трудност все идва отникъде и никой от двамата не може да я обясни, вижте първо този списък.","Neither of you defines these, so nobody in this pair is a source here — and that means two things at once. There is no friction between you in these areas, which is restful, and there is also nobody to hold the ground when pressure arrives from outside: you will both take on whatever the room, the family or the situation brings, and amplify it for each other. When a difficulty keeps arriving from nowhere and neither of you can explain it, look at this list first."
"HdConnectionTexts","conditioning","Там, където единият има дефиниция, а другият не, дефиницията печели: отвореният човек поема тази енергия в присъствието на другия и често не може да усети, че е заета. Не е потискане и не е вина — просто е постоянно, и обяснява защо единият от двамата изглежда като различен човек в тази връзка, отколкото извън нея. Поправката е време поотделно, а не по-малко близост: всичко, което си отива, когато сте сами, никога не е било ваше.","Where one of you has definition and the other does not, the definition wins: the open person takes on that energy in the other's presence and often cannot tell it is borrowed. It is not domination and it is not a fault — it is simply constant, and it explains why one of you seems like a different person in this relationship than outside it. The correction is time apart, not less closeness: whatever leaves when you are alone was never yours."
"HdConnectionTexts","intro","Две карти, положени върху едни и същи 36 канала. Важното не е колко споделяте, а как споделяте всеки един — канал, който единият довършва в другия, тегли съвсем различно от канал, който и двамата вече имате. Прочетете първо електромагнитния списък: това е частта, която никой от двамата не може да обясни. ПРОБА.","Two charts laid over the same 36 channels. What matters is not how many you share but how you share each one — a channel one of you completes in the other pulls very differently from a channel you both already have. Read the electromagnetic list first: that is the part neither of you can explain. TEST."
"HdConnectionTexts","state|COMPANIONSHIP","И двамата носите целия канал, така че тук се разпознавате веднага и без усилие — това е частта от връзката, която се усеща като дом. Тук обаче нищо не се разменя: никой от двамата не научава нищо в тази верига, а връзка, изградена главно от другарство, е удобна и бавно става плоска. Работи най-добре като баласт под частите, които наистина се движат.","You both carry the whole channel, so you recognise each other here immediately and effortlessly — this is the part of the relationship that feels like home. Nothing is exchanged, though: neither of you learns anything in this circuit, and a bond built mostly out of companionship is comfortable and slowly becomes flat. It works best as ballast under the parts that do move."
"HdConnectionTexts","state|COMPROMISE","Единият от двамата държи целия канал, а другият държи точно един гейт от него, и това е по-трудната подредба: човекът с единия гейт има мнение за верига, която всъщност не движи, затова участва наполовина и постоянно отстъпва. Тук живеят повтарящите се спорове — същото несъгласие, на същото място, години наред — и да назовете кой от двамата е онзи, който отстъпва, изважда почти цялата горещина от него. Не се разрешава; става поносимо, когато и двамата знаят, че е структурно, а не лично.","One of you holds the whole channel and the other holds exactly one gate of it, and that is the harder arrangement: the one with the single gate has an opinion about a circuit they do not actually run, so they keep half-participating and keep bending. This is where the repetitive arguments live — the same disagreement, in the same place, for years — and naming which of you is the one compromising takes most of the heat out of it. It does not resolve; it becomes workable once both of you know it is structural rather than personal."
"HdConnectionTexts","state|DOMINANCE","Единият от двамата има целия канал, а другият няма нито една от двете половини, така че няма какво да се договаря — човекът без него просто получава тази енергия и най-често я преживява като „такъв си е“. Това е най-тихото от четирите състояния и най-лесното за живеене, стига онзи, който го държи, да не приема липсата на съпротива за правота. Другият не може да ви срещне тук; може само да е близо до това.","One of you has the whole channel and the other has neither half of it, so there is nothing to negotiate — the one without it simply receives that energy, and mostly experiences it as ""that is how they are"". It is the quietest of the four states and the easiest to live with, provided the one who holds it does not mistake being unopposed for being right. The other person cannot meet you here; they can only be near it."
"HdConnectionTexts","state|ELECTROMAGNETIC","Всеки от двамата държи по една половина, така че тази верига съществува само докато сте заедно. Това е най-силният вид привличане и причината хората да казват, че не могат да обяснят притеглянето — поотделно и на двамата липсва; заедно се включва. Тук живее и търкането, защото онова, което ви допълва, по определение не сте вие, и с времето същото, което ви е привлякло, е онова, за което спорите.","Each of you holds one half, so this circuit exists only while you are together. It is the strongest kind of pull and the reason people say they cannot explain the attraction — apart, you are both missing it; together, it switches on. It is also where the friction lives, because what completes you is by definition not you, and over time the same thing that drew you in is the thing you argue about."
"HdDescriptions","authorityInfo|EGO","Вашият авторитет е Его/Сърце — решенията следват онова, което сърцето истински желае и което подкрепя волята и интересите ви. Тук практиката включва да произнесете избора си на глас и да усетите дали думите звучат уверено и естествено. Ако е лесно да го кажете и се усеща „да“, вероятно е в синхрон с вас. Бъдете внимателен към социални очаквания и склонността да угодите — Его/Сърцето губи сила, когато жертвате собствените си приоритети.","Your authority is the Ego/Heart — decisions follow what your heart genuinely wants and what supports your will and interests. Practice by saying your choice aloud and noticing whether the words come with ease and conviction. If it’s easy to say and feels like a ‘yes,’ it’s likely aligned. Be mindful of social expectations and people‑pleasing tendencies — the Ego/Heart loses power when you sacrifice your own priorities. Protect honest expression and commit to what truly matters to you."
"HdDescriptions","authorityInfo|EMOTIONAL","Вашата истина живее в емоционалната вълна и яснотата идва с времето. В момента на емоционален пик или спад няма окончателна истина — изчакайте вълната да премине преди да се ангажирате. Ясността може да дойде след часове, дни или седмици. Уведомете хората около вас, че ще поискате време, водете дневник на емоционалните промени и използвайте малки експерименти, за да тествате решенията си. Избягвайте да взимате окончателни решения в емоционален екстремум; пространството често носи по‑мъдро разглеждане.","Your truth lives in the emotional wave and clarity comes with time. At an emotional high or low there is rarely a final answer — wait for the wave to pass before committing. Clarity can arrive in hours, days, or weeks. Let others know you need time, keep a short record of shifting feelings, and run small experiments to test choices. Avoid making irreversible decisions during emotional extremes; giving things space often leads to wiser, more grounded outcomes."
"HdDescriptions","authorityInfo|LUNAR","Като Рефлектор решенията ви узряват по-бавно и е полезно да наблюдавате как се променя усещането ви в рамките на лунния цикъл. Преди важен избор дайте си около 28 дни, ако обстоятелствата го позволяват, и говорете с различни хора, за да видите какво остава важно след първоначалния импулс. Ще разпознаете подходящия момент, когато една и съща посока продължава да ви се струва правилна, вместо да разчитате на моментно настроение. Дневникът и достатъчно време без натиск могат да ви помогнат да вземете по-спокоен и последователен избор.","As a Reflector, the lunar cycle functions as your authority — important decisions tend to benefit from the full moon cycle. Give yourself about 28 days to observe how your feelings and perspective shift as the Moon moves through your chart. Talk with a variety of people, gather different reactions, and keep notes so you can track emerging patterns. Resist pressure for immediate answers; letting the cycle unfold helps you arrive at choices that feel genuinely aligned."
"HdDescriptions","authorityInfo|MENTAL","Нямате вътрешен авторитет в класическия смисъл — вашият авторитет е разположен във външната среда и в менталния процес. Разговаряйте с доверени хора и използвайте събеседници като огледала, не за да получавате готови решения, а за да чуете как формулирате мислите си. Правилната обстановка и хората около вас често осветяват това, което ви е важно. Да реагирате след период на обмисляне и да създадете спокойна, ненатоварваща среда може да ви помогне да намерите яснота и увереност.","You don't have a single internal authority; your guidance is shaped by environment and mental reflection. Use trusted people as sounding boards to hear how you articulate your thoughts, rather than to take their advice as definitive. The right setting and supportive company often reveal what matters to you. Allow time to process impressions, seek calm, nonjudgmental spaces, and notice how different environments shift your sense of clarity before committing to important choices."
"HdDescriptions","authorityInfo|SACRAL","Вашият авторитет е непосредственият сакрален отговор — звучно „ъ‑ъ‑ха“ за да или „ъ‑ъ‑не“ за не. Сакралният говори в момента чрез гласови реакции, звуци и физически усещания в коремната област. Доверявайте се на този импулс без ментално претъкмяване. Практикувайте с ясни въпроси, които изискват да/не отговор; наблюдавайте първоначалния звук или усещане и избягвайте рационализирането му. Малки експерименти подсилват увереността в този практичен, телесно‑осъзнат начин за вземане на решения.","Your authority is the immediate sacral response — an audible uh‑huh for yes or a clear uhn‑un for no. The sacral speaks in the moment through vocal reactions, sounds, and bodily sensations around the gut. Trust that impulse without mental override. Practice with clear yes/no questions; notice the first sound or sensation and avoid rationalizing it away. Small experiments build confidence in this practical, body‑felt way of deciding."
"HdDescriptions","authorityInfo|SELF_PROJECTED","Вашият авторитет идва от G/Центъра на Аза — от усещането за идентичност, посока и любов. Той ви води към избори, които резонират с това, което сте и с дългосрочната ви посока. Обсъждайте важните решения с доверени хора, не за да им дадете власт над избора, а за да чуете как вашите думи звучат отвън. Обърнете внимание коя посока се чувства най‑„ти“ и дали изборът допринася за цялост и смисъл. Вашият говор често разкрива вътрешната ви истина и помага да потвърдите посоката.","Your authority comes from the G/Self Center — your sense of identity, direction, and love. It guides you toward choices that resonate with who you are and your longer‑term trajectory. Talk through significant decisions with trusted people not to hand them the answer, but to hear how your words land externally. Notice which direction feels most ‘you’ and whether the choice contributes to a sense of wholeness and purpose. Speaking your intentions aloud often helps reveal and confirm the right path over time."
"HdDescriptions","authorityInfo|SPLENIC","Спленичният авторитет е тихият, мигновен глас на интуицията в настоящия момент. Той шепне само веднъж и рядко се повтаря — трябва да сте достатъчно присъстващ, за да уловите този единствен сигнал. Свързан е с усещането за безопасност и здравословност и често се проявява като моментална физическа реакция: отпускане, напрежение или внезапно усещане за „това е правилно/не е правилно“. Практикувайте присъствие и се научете да доверявате първата си реакция на място.","Splenic authority is the quiet, instantaneous voice of in‑the‑moment intuition. It whispers once and seldom repeats — you need to be present enough to catch that single signal. It’s tied to a sense of safety and well‑being and often appears as an immediate physical reaction: a release, a tightening, or a sudden sense that something is right or not. Cultivate presence and learn to trust your first, fleeting response in the moment."
"HdDescriptions","centerInfo|AJNA|defined","Дефинирана Аджна: Имате стабилен и повтарящ се начин за обработка на информация и оформяне на мнения. Мисленето ви обикновено е структурирано и последователно, което ви дава надеждност при вземане на решения и изразяване на възгледи. Това може да бъде силно в роли, които изискват яснота и последователност, но носи и риск от закостенялост или съпротива към нови идеи. Полезно е да практикувате проверка на предположенията си и да търсите обратна връзка, за да останете открит към допълващи гледни точки.","Defined Ajna: You have a steady, repeatable way of processing information and forming opinions. Your thinking tends to be structured and reliable, which supports clear decisions and consistent expression. This can be an asset in roles where intellectual steadiness matters, though it may sometimes make you resistant to novel perspectives. It helps to test your assumptions, seek feedback, and intentionally expose yourself to differing viewpoints so your certainty remains useful rather than limiting."
"HdDescriptions","centerInfo|AJNA|undefined","Недефинирана Аджна: Имате гъвкав и адаптивен ум, способен да разглежда идеи от множество ъгли. Често можете да променяте перспективата си според контекста и да намерите нестандартни решения. В същото време има риск да поемете мнения наоколо или да се преструвате на сигурен, когато всъщност сте несигурен. Практиката тук е честно да признавате несигурността, да задавате въпроси и да използвате разнообразието от виждания като ресурс, без да се задържате дълго върху чужди убеждения.","Undefined Ajna: You have a flexible, adaptable mind that can consider ideas from many angles. You often shift perspective with ease and can synthesize diverse viewpoints. That versatility is valuable, but it also carries the tendency to borrow others’ beliefs or to appear certain when you’re not. A constructive approach is to acknowledge uncertainty openly, ask clarifying questions, and treat incoming opinions as resources to explore rather than fixed answers. This preserves your mental freedom and integrity."
"HdDescriptions","centerInfo|G|defined","Дефинирано G Център: Имате сравнително стабилно усещане за себе си, идентичност и посока в живота. Често знаете кой сте и къде би искал да отидете, дори когато пътят не е напълно ясен. Тази постоянност ви дава вътрешен компас, който влияе на връзките и избора ви на среди. Възможно е да проявявате малко устойчивост към промяна; полезно е да проверявате дали устойчивостта подкрепя растежа ви и да си оставяте пространство за преразглеждане на целите, когато е необходимо.","Defined G Center: You tend to have a steady sense of self, identity, and direction in life. You often know who you are and where you want to go, even if the exact route isn’t clear. That constancy provides an inner compass that shapes relationships and the environments you gravitate toward. It can sometimes lead to resistance to change; periodically checking whether your stability still serves your growth and allowing space to revise goals will keep your identity both grounded and responsive."
"HdDescriptions","centerInfo|G|undefined","Недефиниран G Център: Вашето усещане за идентичност и посока е по-сложно и се променя според хората и местата около вас. Това не е недостатък, а дар — вие имате способността да се адаптирате и да се оглеждате в средата си. Предизвикателството е временната загуба на център или объркване относно коя версия на себе си да следвате. Полезно е да отбелязвате кои обстановки и взаимоотношения ви правят да се чувствате най-истински и да търсите такива пространства, когато имате нужда от опора.","Undefined G Center: Your sense of identity and direction tends to shift depending on the people and places you’re with. This is a gift of adaptability rather than a flaw — you can try on different selves and respond fluidly to context. The downside can be occasional disorientation about who you are or where you’re heading. It helps to notice which environments and relationships make you feel most authentic and to seek those contexts when you need an anchor, while honoring the creativity in your changing self-expression."
"HdDescriptions","centerInfo|HEAD|defined","Дефинирана глава: Имате постоянен и надежден източник на ментален натиск, идеи и вдъхновение. Често генерирате въпроси, съмнения и творчески импулси без външно подтикване; другите може да се обръщат към вас за мисли и перспективи. Постарайте се да канализирате този умствен поток практично — водете записки, давайте си време за размисъл и разграничение, за да не изпаднете в прекалено размишление. Разпознаването на кога мислите са полезни и кога просто шум може да ви даде повече яснота.","Defined Head: You have a steady source of mental pressure and inspiration, frequently generating questions, doubts, and creative sparks on your own. Others may be drawn to your ideas and intellectual energy. To make this mental vitality constructive, capture insights in notes, create space for reflection, and practice discernment so thinking doesn't become rumination. Learning to tell apart useful inspiration from habitual mental noise will help you apply your ideas with clarity and purpose."
"HdDescriptions","centerInfo|HEAD|undefined","Недефинирана Глава: Усилвате и пробвате менталния натиск на другите, приемащ идеи, емоционални теми и въпроси, които не са ваши. Може да се почувствате задължен да размишлявате върху чужди дилеми или да решавате проблеми, които не ви принадлежат. Практиката тук е да отбелязвате откъде идват мислите — чии са въпросите, кои очакват отговор — и да си давате паузи за разпознаване. Когато разграничите собствените си въпроси, можете да използвате получените впечатления като вдъхновение, без да ги превръщате автоматично в свои убеждения.","Undefined Head: You tend to amplify and sample other people’s mental pressure, taking on ideas and questions that aren’t originally yours. You may feel compelled to think about subjects that don’t truly concern you. Practical wisdom is learning to notice the origin of thoughts — whose questions they are and when you’re merely echoing. Allow pauses and inner checks so you can distinguish your own concerns from ambient mental noise. That discernment lets you keep useful impressions as inspiration without adopting them as fixed beliefs."
"HdDescriptions","centerInfo|HEART|defined","Дефинирано Сърце/Его: Имате стабилен достъп до воля, чувство за собствена стойност и енергията на материалния свят. Това ви позволява да поемате ангажименти и да ги изпълнявате, да искате и да защитавате това, което цените. Важно е да се ангажирате само с проекти и взаимоотношения, които наистина отразяват вашите приоритети, и да почитате нуждата си от почивка след усилие. Внимавайте със склонността да доказвате стойността си чрез прекомерна работа или съревнование — поставяйте граници и управлявайте ресурсите си съзнателно.","Defined Heart/Ego: You have consistent access to willpower, a sense of self-worth, and the drive to engage with the material world. That enables you to make commitments and follow through, to claim and protect what you value. It’s important to commit only to what genuinely reflects your priorities and to honor your need for rest after exertion. Watch for tendencies to prove worth through overwork or competitiveness; set boundaries and manage your energy and resources consciously so your will serves you sustainably."
"HdDescriptions","centerInfo|HEART|undefined","Недефинирано Сърце/Его: Вашата воля често варира — понякога имате решимостта, друг път не. Това е естествено и не означава слабост; не сте проектиран да поддържате постоянна волева енергия. Практика на честност към себе си и другите за вашата непостоянност може да предотврати изтощение и разочарования. Полезно е да избягвате да доказвате своята стойност чрез обещания, които правите в моменти на висок заряд; вместо това използвайте краткосрочни ангажименти, ясни граници и комуникация за настоящите си ресурси.","Undefined Heart/Ego: Your willpower often fluctuates — sometimes it's present, sometimes it isn't. This variability is natural and not a flaw; you are not designed for steady, ongoing ego-driven will. Practically, it helps to be transparent about your changing capacity so you avoid overcommitting or proving your worth in bursts of high energy. Use short-term commitments, clear boundaries, and honest communication about what you can deliver; rest and recalibration are legitimate and necessary strategies."
"HdDescriptions","centerInfo|ROOT|defined","Дефиниран Корен: Имате относително постоянен адреналинов импулс, който ви тласка да довършвате задачи и да се движите с определено темпо. Това налягане е вашият двигател, но е важно да различавате кога ускорявате за да облекчите напрежение и кога действително откликвате на вътрешен импулс. Канализирайте го чрез структурирани периоди на интензивна работа, редовни паузи и практики за отпускане, за да избегнете хроничен стрес и да запазите устойчиво темпо.","Defined Root: You carry a fairly steady adrenal pressure that propels you to finish tasks and move through life at your own pace. That pressure is your engine, but discernment matters — notice when you’re rushing merely to relieve tension versus responding to a genuine drive. Channel this force with focused sprints, scheduled breaks, realistic prioritization, and relaxation practices so it serves productivity without tipping into chronic stress or impatience with slower rhythms."
"HdDescriptions","centerInfo|ROOT|undefined","Недефиниран Корен: Често поглъщате и усилвате адреналиновия стрес на хората около вас — усещате натиска като собствен и може да бързате, за да го облекчите. Това води до импулсивни решения и умора. Практически подход е да се научите да разпознавате кога е външен натиск и кога е ваш собствен импулс: поемайте дълбоко дъх, забавяйте темпото и давайте си време преди да действате. Може да поставяте граници, да използвате паузи или ритуали за регулиране и да превърнете своята чувствителност в информация, а не в задължение.","Undefined Root: You often absorb and amplify the adrenal stress of people around you, which can make you rush to relieve the pressure. That urgency may lead to hasty choices or fatigue. A constructive approach is to learn to tell external pressure apart from your own impulses: pause, breathe, and allow time before deciding. You can set gentle boundaries, create small rituals to regulate your energy, and use your sensitivity as information rather than obligation. Slowing down can reduce reactive behaviour and help you respond from clarity rather than anxiety."
"HdDescriptions","centerInfo|SACRAL|defined","Дефиниран Сакрален: Имате мощен двигател за живот, работа и сексуалност — енергията ви се възстановява през нощта и често е налична за нов ден. Проектиран сте да откликвате „с червата“; интуитивните отговори (да/не) ви насочват към удовлетворяваща дейност. Полезно е да търсите работа и връзки, които приемат вашите енергийни цикли, да планирате интензивни периоди на продуктивност и да се пазите от хронично пренатоварване, като давате приоритет на това, което наистина ви зарежда.","Defined Sacral: You carry a strong motor for life, work, and sexuality — your energy typically renews overnight and is available again each morning. You are designed to respond from the gut; simple yes/no impulses guide you toward satisfying activity. Aim to shape routines and commitments that respect your energy cycles, allow for bursts of focused work, and protect against chronic depletion. Listening to what genuinely energizes you helps you apply this power sustainably and avoid doing energy-draining tasks out of obligation."
"HdDescriptions","centerInfo|SACRAL|undefined","Недефиниран Сакрален: Нямате постоянен генеративен източник и често усилвате сакралната енергия на хора около себе си. Това може да доведе до приемане на повече задачи или ангажименти, отколкото можете да поддържате. За благосъстоянието ви е важно да зачитащ нуждата от почивка, да поставяте граници и да избирате кога да откликвате. Практики като ясни работни периоди, междинни почивки и честни разговори за възможностите ви помагат да работите устойчиво без изгаряне.","Undefined Sacral: You don’t have a steady generative source and often absorb or amplify the sacral energy of those around you. That tendency can lead to taking on more than you can sustain. It’s important to honor your need for rest, set boundaries, and resist working as if you had a defined sacral rhythm. Practical measures — scheduling breaks, saying no to persistent requests, and choosing projects that truly feel right — protect your health and keep your energy balanced."
"HdDescriptions","centerInfo|SOLAR_PLEXUS|defined","Дефиниран Слънчев Сплит: Вашият емоционален ритъм често се движи между върхове и долини — това е естествената ви динамика и не е нещо, което трябва да „поправяте“. За вас яснотата обикновено идва с времето; моментните емоции могат да бъдат заблуждаващи. Практически, изчакването преди важни решения, откровена комуникация с близки за вашите емоционални цикли и изграждането на ритуали за обработване на чувства ви помагат да взимате решения с по-малко съжаление и по-голямо вътрешно равновесие.","Defined Solar Plexus: You move along an emotional wave of highs and lows — that variability is part of your nature and not something to be fixed. For you, clarity often unfolds over time; the present moment may not reveal the whole truth. Practically, waiting through emotional cycles before making major choices, communicating your tempo to others, and using processing tools (journaling, talking it through) reduce impulsive moves and lead to decisions that feel more aligned once the wave settles."
"HdDescriptions","centerInfo|SOLAR_PLEXUS|undefined","Недефиниран Слънчев Сплит: Често поглъщате и усилвате емоциите на хората около себе си — може да усещате чуждите чувства като свои. Тази чувствителност е дар, когато е разпозната и управлявана. Полезно е да развивате практики за заземяване, да именувате какво е твое и какво не, и да отделяте време за емоционално пречистване преди да вземате решения. Научаването да не „поправяте“ автоматично емоционалните състояния на другите ще съхрани енергията и яснота ви.","Undefined Solar Plexus: You often absorb and amplify the emotions of those around you, feeling others’ feelings as if they were your own. This sensitivity can be a gift when you learn to manage it. Useful strategies include grounding techniques, naming which emotions belong to you, and allowing time to process before responding or deciding. Practicing compassionate boundaries and not rushing to fix others’ emotional states preserves your energy and helps you respond from a clearer space."
"HdDescriptions","centerInfo|SPLEEN|defined","Дефинирана Слезка: Имате постоянен достъп до интуиция, имунна чувствителност и първични усещания — тялото ви често знае мигновено кое е полезно или вредно. Това интуитивно осъзнаване може да ви води в малки, бързи решения за здраве и среда. Важно е да цените тези тихи импулси и да им създавате пространство, вместо да ги рационализирате или пренебрегвате. Упражнения в присъствие, слушане на телесни сигнали и леки ритуали за самообгрижване могат да засилят това природно знание.","Defined Spleen: You have steady access to intuition, immune awareness, and primal sensing — your body often knows instantly what is healthy or harmful. This immediate guidance can be reliable for quick practical choices about food, environment, or timing. It’s useful to honor these quiet impulses rather than over-rationalize them, and to build practices that tune you in (grounding, brief checks-in, simple self-care rituals). At the same time, allow space to differentiate instinctual signals from fear-driven reactions."
"HdDescriptions","centerInfo|SPLEEN|undefined","Недефинирана Слезка: Усилвате страховете и здравните осъзнавания на хората около вас и можете да задържите връзки, места или навици, които не са дългосрочно полезни — защото в момента изглеждат „добри“. Мъдростта е да развивате способността да разграничите какво е твое усещане и какво прилича на чуждо усилване, и да създадете ритми и граници, които подпомагат спокоен избор. Малки, постепенни стъпки да пускате това, което вреди на здравето ви, могат да се окажат най-устойчивата промяна.","Undefined Spleen: You tend to amplify others’ fears and well-being signals and may stay attached to people, jobs, or habits that feel comfortable in the moment but aren’t healthy long-term. The skill is learning to distinguish your own somatic cues from amplified input and to create boundaries that support clearer choices. Practical approaches — pausing before big health decisions, testing small changes, and building routines that honor rest — help you let go of what no longer serves your vitality."
"HdDescriptions","centerInfo|THROAT|defined","Дефинирано Гърло: Имате последователен глас и присъствие, което може да иницира комуникация и да привлича внимание. Думите ви често имат сила да оформят ситуации — в лични разговори, изяви или практическа проява на идеи. Това ви дава възможност за лидерство в изразяването, но може и да предизвика склонност да доминирате или да говорите преждевременно. Полезно е да балансирате инициативността с слушане и да избирате моментите, в които да канализирате гласа си целенасочено.","Defined Throat: You have a consistent voice and presence that can reliably initiate communication and attract attention. Your words often shape situations — in conversation, performance, or the practical manifestation of ideas. This gives you a natural edge for leadership in expression, but it can also incline you to dominate or speak before reflecting. Balancing initiative with active listening and choosing intentional moments to use your voice will make your expression both influential and responsible."
"HdDescriptions","centerInfo|THROAT|undefined","Недефинирано Гърло: По природа сте добър слушател и приемате стиловете на общуване на другите — можете да отразявате различни тонове и начин на изразяване. Понякога може да почувствате натиск да говорите, за да привлечете внимание, но мъдростта е да изчаквате покана или подходящия момент. Когато решите да говорите след покана, думите ви често звучат открояващо и автентично. Практики като пауза преди отговор и проверка на мотивите ви помагат да запазите собствения си глас.","Undefined Throat: You’re naturally a good listener who absorbs others’ communication styles and can mirror different tones of expression. You may feel pressure to speak to gain attention, yet the wiser path is often to wait for an invitation or the right moment. When you do speak after being invited, your words can feel uniquely authentic and striking. Simple practices like pausing before replying and checking your motives help protect your own voice while using your capacity to reflect and connect."
"HdDescriptions","channelInfo|1-8","Вдъхновение (1-8): Каналът на творческото индивидуално изразяване. Често имате постоянна нужда да бъдете видян и чут чрез своите оригинални идеи и стил. Творческата ви енергия може лесно да вдъхнови другите, но също така да създава очаквания за признание. Практически съвет е да работите последователно, да създавате навици за продукция и да споделяте творбите си на стъпки, вместо да търсите еднократен успех. Автентичността и постоянството често говорят по-силно от кратката видимост.","Inspiration (1-8): The channel of creative individual expression. You often feel a steady drive to be seen and heard through your unique ideas and style. Your creative output can naturally inspire others, though it may also bring a desire for recognition. Practical guidance is to cultivate regular creative habits, share work in manageable steps, and focus on authenticity rather than one-off validation. Over time, consistent expression tends to build influence and deeper resonance more reliably than chasing immediate applause."
"HdDescriptions","channelInfo|10-20","Пробуждане (10-20): Интеграционен канал. Тук поведението на Аза се проявява в настоящия момент — вашето автентично действие може да говори по-силно от думите. Каналът насочва към интегрирането на себелюбието и осъзнатия избор: когато действате в синхрон с вътрешната си истина, поведението ви естествено показва посоката. Това може да бъде начин на ежедневно лидерство или тихо водене чрез пример. Възможни са усещания за уязвимост и съмнение; полезно е да практикувате малки, честни стъпки и да оценявате реакциите, без да губите вътрешната си ориентация.","Awakening (10-20): An integration channel where the behavior of the Self is expressed in the now. This energy often aligns self-regard with present-moment awareness so that authentic action becomes a clear communication of where you’re headed. It can show up as quiet leadership, making choices that model integrity, or sudden clarity about how to live your values. Tensions may include feeling exposed or second-guessing. Practical suggestions: start with small acts of authenticity, notice how others respond, and use moment-to-moment awareness to refine your conduct."
"HdDescriptions","channelInfo|10-34","Изследване (10-34): Интеграционен канал. Силата на следване на собствените убеждения често ви подтиква да живеете по свои правила и да изследвате какво означава да бъдете истински себе си. Този канал подкрепя експериментите, смелите избори и индивидуалната отговорност за последствията. В позитивна изява можете да бъдете пионер в морални или житейски въпроси; в напрежение — да срещате съпротива или да отхвърляте полезна обратна връзка. Практиката включва внимателно изпробване на убежденията, събиране на данни от опита и гъвкавост при необходимост.","Exploration (10-34): An integration channel emphasizing the power of following one’s convictions. You may feel a strong drive to live by your own rules and to investigate what authenticity means in practice, regardless of others’ opinions. This energy supports bold experiments, personal responsibility, and the refinement of a unique life approach. Potential tensions include social friction or stubbornness. Constructive expression involves testing beliefs in real situations, learning from feedback selectively, and remaining open to adapting your approach as you gain experience."
"HdDescriptions","channelInfo|10-57","Перфектна Форма (10-57): Интеграционен канал. Интуитивното оцеляване се проявява чрез автентично поведение — имате усещането за телесни и интуитивни сигнали, които ви насочват към това, което е здравословно и безопасно в момента. Този канал може да даде бърза адаптивност и усет за подходящи избори в лично и професионално поле. Възможни предизвикателства са объркване между страх и интуиция или импулсивни реакции; полезно е да развивате смирено доверие към телесните усещания и да проверявате импулсите в действие постепенно.","Perfected Form (10-57): An integration channel linking intuitive survival cues to authentic behavior. You may receive strong somatic or instinctive signals that steer you toward what feels healthy and safe in a given moment. This can support rapid adaptation, wise self-care, and choices that preserve well-being. Tensions can arise when fear is mistaken for intuition or when impulses are acted on without testing. Practical guidance: cultivate body awareness, pause to sense whether a response is habitual or genuinely informative, and apply instincts incrementally to build trust."
"HdDescriptions","channelInfo|11-56","Любопитство (11-56): Каналът на разказвача. Често ви движи търсенето на нови идеи и преживявания и желанието да ги превърнете в истории, които вдъхновяват и свързват. Вашият дар може да бъде в споделянето на въздействащи разкази — чрез писане, говорене или артистични форми. Предизвикателства включват склонност към преувеличение или да търсите вълнение заради самото вълнение. Практически подход: развивайте чувството за отговорност към истината, редувайте новаторство с дълбочина и давайте глас и на чуждите истории, не само на собствените.","Curiosity (11-56): The channel of the storyteller. You are often driven to seek new ideas and experiences and to shape them into stories that inspire and connect. Your gift can appear in writing, speaking, teaching, or any medium that translates novelty into meaning for others. Challenges include a tendency toward sensationalism or pursuing novelty for its own sake. Useful practices: pair curiosity with careful observation, honor factual nuance, and use storytelling to illuminate others’ perspectives as well as your own."
"HdDescriptions","channelInfo|12-22","Откритост (12-22): Каналът на грацията и емоционалното изразяване. Вашите чувства често се проявяват през звук, тон и творческа форма — гласът и начинът на изразяване могат дълбоко да трогнат слушателите, когато сте в подходящото емоционално пространство. Този канал насочва към артистична изява, публична комуникация и уязвимо споделяне. Възможни трудности са емоционалната нестабилност или изборът на неподходящ момент за изява; работете за регулиране на настроенията, подбор на ситуации и използване на паузи като инструмент за въздействие.","Openness (12-22): The channel of grace and emotional expression. Your emotions often speak through sound, tone, and creative presentation — when you’re in the right emotional space, your voice can move others deeply. This energy lends itself to singing, spoken word, performance, or any vulnerable form of communication. Tensions include moodiness or mistiming emotionally charged messages. Helpful strategies: cultivate emotional regulation, choose contexts that support vulnerability, and learn how silence or restraint can amplify the effect of your expression."
"HdDescriptions","channelInfo|13-33","Блудният Син (13-33): Каналът на свидетеля. Често сте пазител на истории и тайни — имате умението да слушате внимателно и да наблюдавате човешките процеси, за да споделите мъдростта си в подходящия момент. Този канал насочва към ретроспекция, разказ и трансформация на преживяното в полезни уроци. Може да изпитвате тежестта на отговорността да пазите довереността или да се колебаете кога да говорите; полезно е да упражнявате дискриминация, да уважавате времето за споделяне и да превръщате личните свидетелства в емпатична подкрепа за другите.","The Prodigal (13-33): The channel of the witness. You often act as a keeper of stories and confidences, gifted at listening deeply and later sharing the insight you’ve gathered at the right moment. This energy supports reflection, narrative wisdom, and the ability to transform experience into meaningful teaching. Potential tensions include the burden of secrecy or hesitation about when to speak. Practice discernment about timing and audience, honor confidentiality, and use your witnessing to foster healing and clear perspective rather than sensational disclosure."
"HdDescriptions","channelInfo|16-48","Дължината на Вълната (16-48): Каналът на таланта и майсторството. Имате достъп до дълбоки извори на умения и потенциал — често се проявяват като устременост да усъвършенствате една област чрез повторение и фино настройване. Този канал насочва към радостта от практиката и към развиване на експертиза, която може да бъде както практическа, така и художествена. Предизвикателствата включват перфекционизъм или застой в търсенето на „съвършенството“; полезно е да прилагате целенасочена практика, да търсите менторство и да запазвате играта и любопитството в процеса.","The Wavelength (16-48): The channel of talent and mastery. You often have access to deep wells of skill and potential, with a predisposition to develop mastery in a chosen area through repetition, refinement, and joyful practice. This energy favors craft, technique, and gradual improvement that accrues into expertise. Tensions can include perfectionism or getting stuck chasing an ideal. Constructive approaches involve deliberate practice, feedback from mentors, balancing discipline with play, and setting milestones to celebrate incremental progress."
"HdDescriptions","channelInfo|17-62","Приемане (17-62): Каналът на логическата организация и мнението. Имате склонност да подреждате информацията в ясни, логически модели и да формулирате структурирани становища. Това често ви дава възможност да виждате недоразумения и да предлагате системни решения, които улесняват общото функциониране. Внимавайте мненията ви да не звучат догматично — полезно е да оставяте място за обратна връзка, да проверявате фактите и да представяте вижданията си като предложения, които могат да се дискутират и адаптират.","Acceptance (17-62): The channel of logical organisation and opinion. You naturally organise information into coherent patterns and articulate structured viewpoints, which helps clarify systems and reduce confusion. This talent can streamline group decision-making and highlight practical improvements. Be mindful that clearly expressed opinions can be received as fixed or prescriptive; offering your insights as open suggestions, checking assumptions, and inviting dialogue often makes them more useful and less confrontational."
"HdDescriptions","channelInfo|18-58","Съждение (18-58): Каналът на проницателната корекция. Имате остро око за това, което е неизправно или подлежи на подобрение, и можете да предложите практически корекции, които повишават жизнеспособността на групата. Този дар е ценен, когато е използван с чувствителност — критиката може да бъде полезна, ако е конструктивна и навременна. Работете върху начина на подаване: давате повече полза, когато комбинирате точността с емпатия и насърчавате участие в решаването на проблемите.","Judgment (18-58): The channel of incisive correction. You tend to spot what’s inefficient or flawed and can offer corrective measures that enhance communal vitality. This perceptive gift supports collective health when applied constructively and with good timing. Because corrective feedback can feel sharp, it helps to pair keen observation with empathy, frame suggestions as improvements rather than verdicts, and engage others in the process so change becomes collaborative rather than isolating."
"HdDescriptions","channelInfo|19-49","Синтез (19-49): Племенният канал на чувствителността към нуждите. Често сте дълбоко усетлив към основните нужди — храна, подслон, подкрепа и принадлежност — на вашата общност. Вашият талант е да разпознавате какво липсва и да организирате ресурси или решения, които да подпомогнат оцеляването и просперитета на „племето“. Внимавайте да не поемате твърде голяма отговорност самостоятелно; ефективно е да включвате и овластявате други членове в грижата и разпределението на ресурсите.","Synthesis (19-49): The tribal channel of sensitivity to needs. You are often deeply attuned to basic communal needs—food, shelter, belonging—and skilled at recognising gaps and mobilising resources to address them. This ability supports group resilience and practical survival. Pay attention to balance: the impulse to provide can lead to taking on too much alone, so inviting shared responsibility and creating systems for sustainable care tends to be more empowering for everyone involved."
"HdDescriptions","channelInfo|2-14","Ритъмът (2-14): Каналът на пазителя на ключовете — имате магнитично качество, което насочва жизнената енергия и често привлича хора към вашата посока, дори когато не се стараете. Това може да носи отговорности или очаквания да водите. Балансът идва от да бъдете съзнателен в начина, по който оказвате влияние: показвайте пример чрез действия, установявайте ясни граници и избирайте кога да поемете водеща роля. Вашата притегателност е ресурс, който може да се използва за подкрепа и организиране, ако го управлявате с внимание.","The Beat (2-14): The channel of the keeper of the keys. You have a natural, magnetic quality that can direct life-force energy and often draws others toward your direction, even without effort. That attraction may bring responsibilities or expectations to lead. Balance comes from being intentional about your influence: lead by example, set clear boundaries, and choose when to step forward. When managed with care, your magnetism can be a powerful resource for guiding, organizing, and supporting those around you."
"HdDescriptions","channelInfo|20-57","Мозъчната вълна (20-57): Интеграционен канал. Този канал насочва интуитивното осъзнаване, изразено в момента — бързо знание за това кое е правилно и безопасно тук и сега. Можете да служите като жив пример, чието присъствие успокоява и насочва останалите. В същото време директността може да изглежда импулсивна; полезно е да развивате умението да разпознавате кога да говорите веднага и кога да изчакате, за да се случи по-благоразумна интеграция.","The Brainwave (20-57): An integration channel for present-moment knowing. You often experience immediate intuitive clarity about what’s appropriate and safe now, and your presence can communicate that assurance to others. This makes you a natural example of embodied awareness. Because this expression can come through as sudden or direct, it helps to notice timing and context—speaking from presence is powerful, but pausing when necessary ensures your insight lands constructively."
"HdDescriptions","channelInfo|21-45","Пари (21-45): Племенният канал на материалното майсторство. Имате волята и уменията да управлявате материални ресурси — планиране, контрол и грижа за финансите — и често поемате ръководна роля в осигуряването на материално благополучие за общността. Това може да ви направи ценен стопанин, но и да създаде напрежение, ако контролът стане прекомерен. Полезно е да развивате прозрачност, делегиране и ясни правила за отговорност и споделяне.","Money (21-45): The tribal channel of material mastery. You often have the will and practical skill to manage resources—budgets, logistics, stewardship—and may naturally take responsibility for your group's material wellbeing. This aptitude can stabilise and support others, but can also create friction if it becomes overly controlling. Cultivating transparency, fair delegation, and clear agreements about responsibilities and distribution helps sustain both effectiveness and trust."
"HdDescriptions","channelInfo|23-43","Структуриране (23-43): Каналът на уникалните индивидуални прозрения. Получавате внезапни, понякога неочаквани прозрения, които променят рамките, в които се разбират нещата. Предизвикателството е да преведете тези интуитивни проблясъци в достъпни думи и примери, така че други да могат да ги схванат и приложат. Практикувайте изпробване на идеите в малки стъпки, търпение и опростяване — това увеличава шанса прозренията ви да намерят разбиране и използване.","Structuring (23-43): The channel of distinctive individual insights. You frequently receive sudden, restructuring insights that can shift how things are understood. The real work is translating those flashes into language and examples others can grasp. Try testing ideas in small, clear steps, refining explanations, and allowing time for others to assimilate new frames. Grounding visionary thoughts in simple practices or demonstrations makes them easier to share and sustain."
"HdDescriptions","channelInfo|24-61","Осъзнаване (24-61): Каналът на менталния мистицизъм. Често усещате вътрешно натискане да проникнете в непознатото — да търсите „защо“-то зад явленията и смисъла на съществуването. Този ум е любопитен и неуморим, привлечен от дълбоки тайни и символи. Важно е да балансирате интелектуалното търсене с практика, която да превърне прозренията в творчество или споделено познание, и да допускате, че някои мистерии остават отворени.","Awareness (24-61): The channel of mental mysticism. You often feel an inner pressure to explore the unknowable—to seek truths beneath surface appearances and probe existential questions. This creates a restless, searching mind drawn to paradox and depth. Balancing inquiry with practices that translate insights into creative expression or shared teaching helps prevent rumination; also, learning to tolerate unresolved mysteries can be as freeing as finding answers."
"HdDescriptions","channelInfo|25-51","Посвещение (25-51): Каналът на космическия шок. Имате достъп до усещане за универсална обич и способност да бъдете трансформиран чрез неочаквани, понякога силни преживявания, които отварят към по-широко съзнание. Тези „шокове“ могат да бъдат както пробуждащи, така и изтощителни; важно е да имате ресурси за интеграция и да подходите с уважение към собственото темпо. Когато се работи осъзнато, преживяванията ви могат да вдъхновят другите и да служат на общото пробуждане.","Initiation (25-51): The channel of cosmic shock. You may access a sense of universal love and be opened to higher consciousness through unexpected, sometimes intense experiences that function as initiations. These events can be both catalytic and exhausting, so integration—rest, reflection, and support—is important. Approached with care and humility, such transformations can deepen compassion, model resilience for others, and become a source of service rather than merely personal upheaval."
"HdDescriptions","channelInfo|26-44","Предаване (26–44): Племенният канал на предавателя. Имате естествена склонност да предлагате, убеждавате и комуникирате онова, което общността смята за важно. Инстинктът ви за това, от което „племето“ се нуждае, и чарът ви в това да го предоставите често изглеждат като дар — но могат и да предизвикат очаквания или натиск да представяте стойност дори когато не е подходящо. Практическото приложение може да е в защитаване на ресурси, посредничество в конфликти или изграждане на доверие чрез прозрачност. Балансът идва от честност, ясни граници и избор на послания, които обслужват общото благо, а не само личната репутация.","Surrender (26–44): The tribal transmitter channel. You often have a natural gift for offering, persuading, and communicating what your community values. Your instinct about what the tribe needs — and the ease with which you deliver it — can feel like a gift, though it may bring expectations or pressure to perform. Practically, this shows up in advocating for shared resources, mediating needs, or shaping what others accept as valuable. Tensions can arise when persuasion tips into manipulation or when you overextend. Aim for integrity, clear boundaries, and messages aligned with lasting community welfare rather than short-term approval."
"HdDescriptions","channelInfo|27-50","Съхранение (27–50): Каналът на грижата и ценностите. Често сте дълбоко настроени към онова, което подхранва и запазва живота — материални ресурси, традиции или съпричастни взаимоотношения. Импулсът да се грижите за хора, животни и културни ценности носи усещане за мисия, но може да доведе и до пренебрегване на личните нужди или прекомерна защита. Практически това може да означава организиране на устойчиви системи, опазване на наследство или ежедневни грижи. За устойчив принос е полезно да установите граници, да делегирате и да интегрирате грижа за себе си като част от грижата за другите.","Preservation (27–50): The channel of care and values. You are often finely tuned to what nourishes and preserves life — whether material resources, cultural heritage, or relational structures. The instinct to care for people, animals, or shared values can feel like a calling, but it may also lead to over-responsibility or protective rigidity. Practically, this channel shows in creating sustainable systems, stewarding traditions, or tending to others’ needs in daily life. For long-term effectiveness, practice setting boundaries, delegating when appropriate, and treating self-care as part of your stewardship rather than a luxury."
"HdDescriptions","channelInfo|28-38","Борба (28–38): Каналът на целенасочената борба. Често усещате натиск да отстоявате онова, което има смисъл и стойност за вас. Животът може да се усеща като постоянна борба, но тази е насочена и разкрива кои каузи заслужават усилията. Възможни са конфронтации и недоразумения — понякога борбата идва от нуждата да заявите стойностите си пред други, които не ги разбират. Полезно е да избирате битките си съзнателно, да запазвате вътрешна цел и да търсите стратегически съюзи, така че усилията ви да водят към устойчиви резултати, а не само към изтощение.","Struggle (28–38): The channel of purposeful struggle. You often feel driven to stand up for what has meaning and value; life can seem like a series of battles, but these struggles tend to be purposeful and revealing. This channel pushes you to test ideas, challenge complacency, and clarify what matters. Tensions may include being misunderstood, attracting resistance, or exhausting yourself on fights that aren’t yours. A constructive approach is to choose battles selectively, clarify your motives, build alliances, and balance persistence with rest so your efforts cultivate lasting value rather than burnout."
"HdDescriptions","channelInfo|29-46","Откритие (29–46): Каналът на предаността и любовта към тялото. Често разполагате със сакрална енергия да се посветите дълбоко на хора, проекти и преживявания. Чрез ангажирано участие може да откриете радостта от съществуването в тяло и да развиете дълбока връзка с настоящия момент. Възможно е да се чувствате призовани да поемате обещания, което носи радост, но и риск от привързаност, когато ангажиментите не са внимателно избрани. Полезно е да избирате посветеността си съзнателно, да следите за граници и да поддържате ритуали, които подкрепят телесната ви наличност и удоволствие.","Discovery (29–46): The channel of commitment and love for embodiment. You often have sacral energy that enables deep commitment to people, projects, and experiences. Through wholehearted engagement you can discover the pleasures and lessons of being embodied — a visceral sense of aliveness. Commitment brings depth but can also create attachment or over-extension if chosen carelessly. Practice selective ‘yeses,’ maintain boundaries, and use simple rituals to stay connected to your body’s signals. When aligned, this channel helps you inhabit life richly and teach others the value of devoted presence."
"HdDescriptions","channelInfo|3-60","Мутация (3-60): Каналът на енергийна мутация. Често усещате натиск да преодолеете ограничения и да внесете нещо ново — промяната идва на вълни и не може да бъде форсирана. Това може да бъде бурно и непредвидимо, но и плодотворно. Полезно е да се подготвяте чрез експерименти, да оставяте пространство за интеграция между тласъците и да приемате цикличността на процеса. Когато позволявате на промяната да се оформя постепенно, тя често носи по-устойчив и иновативен резултат.","Mutation (3-60): The channel of energy mutation. You may feel pressure to break through limitations and introduce something new; change tends to come in bursts rather than on a schedule. That pattern can feel disruptive and unpredictable, yet creative and generative. It helps to experiment, allow recovery and integration between surges, and avoid forcing progress. By giving transformation space to unfold, you often allow more sustainable, genuinely novel outcomes to emerge instead of rushed or temporary fixes."
"HdDescriptions","channelInfo|30-41","Признание (30–41): Каналът на фантазията и желанието. Често изпитвате натиск да търсите нови емоции и преживявания — движени сте от мечтата за това, което може да бъде. Това внушава творческа визия и готовност за риск, но може да предизвика и неспокойство или чувство за постоянно търсене. Полезно е да канализирате желанието си в проекти, които превръщат въображението в конкретни стъпки, и да работите с емоционално усвояване, за да интегрирате преживяванията. Когато желанието се съчетае с последователност, то ражда иновативни и смислени промени.","Recognition (30–41): The channel of fantasy and desire. You often feel a pressure to experience new emotions and situations; desire and the image of what could be fuel your curiosity and drive. This brings imagination, creative risk-taking, and the impulse to explore, but it can also lead to restlessness or an endless search for novelty. Channel your yearning into projects that translate imagination into tangible steps, and practice emotional integration so experiences deepen rather than fragment you. When desire is paired with discipline, it can produce innovative contributions and meaningful personal growth."
"HdDescriptions","channelInfo|32-54","Трансформация (32–54): Каналът на амбицията и преобразяването. Често усещате постоянен натиск да се трансформирате, да се изкачвате и да реализирате потенциал. Имате усет кои идеи, умения или ресурси ще оцелеят и ще се развият с времето, и това ви насочва към целенасочено движение нагоре. В същото време драйвът за успех може да носи съревнование, напрежение или риск от прегаряне. Практически подходи включват дългосрочно планиране, почитане на процеса на учене, търсене на наставничество и интегриране на етична перспектива, за да растежът бъде устойчив и смислен.","Transformation (32–54): The channel of driven ambition and evolution. You often feel a continual pressure to transform, rise, and realize potential. You have an instinct for what will endure and flourish over time, which guides ambitious, upward movement. That drive can produce resilience and achievement, but it may also invite competitiveness, impatience, or burnout if unchecked. Practical strategies include long-term planning, honoring gradual skill development, seeking mentorship, and keeping ethical considerations central so your ascent supports lasting contribution rather than short-lived gain."
"HdDescriptions","channelInfo|34-57","Сила (34–57): Интеграционен канал. Това е чиста сила за оцеляване, подтиквана от интуиция. Често имате изключително мощна сакрална енергия, насочвана от спленичната, интуитивна чувствителност: тялото ви може да „знае“ мигновено кое е безопасно и кое — не. Тази непосредствена мъдрост ви дава способността да действате бързо и решително, но може да доведе и до импулсивни решения, ако интуицията не се проверява. Практически ползвайте телесните сигнали като ценен ориентир, развивайте различаване между страх и интуиция и създавайте структури, които канализират силата ви в дългосрочно оцеляване и грижа.","Power (34–57): An integration channel of instinctive survival energy. You often have potent sacral energy guided by splenic intuition — a near-instant bodily sense of what is safe or healthy. That somatic knowing gives you the capacity for quick, decisive action, which can be a major resource in crises or practical tasks. At the same time it may prompt impulsive moves if not reflected on. Use bodily signals as an important guide, cultivate the skill of distinguishing true intuition from fear, and build structures that channel your power into sustainable protection and practical care rather than reactive aggression."
"HdDescriptions","channelInfo|35-36","Преходност (35–36): Каналът на емоционалното преживяване. Често ви движи стремежът да търсите разнообразни човешки преживявания — пълния спектър на това да бъдете жив. Емоционалната ви дълбочина расте чрез участие в различни ситуации и връзки, но това може да доведе до нестабилност на ангажиментите или повторни експерименти в личните отношения. За вътрешно равновесие е полезно да оставите време за интеграция между преживяванията, да практикувате емоционално овладяване и да споделяте процеса си с доверени хора. Това позволява богатата емоционална палитра да стане източник на растеж, а не само на хаос.","Transitoriness (35–36): The channel of emotional experience. You are often driven to seek varied human experiences — the full range of what it means to be alive. Your emotional depth expands by living through many situations and relationships, but that appetite for novelty can create instability in commitments or repeated experimentation in close ties. For steadiness, allow time to integrate experiences, practice emotional regulation, and confide in trusted others. When processed consciously, your breadth of feeling becomes a resource for insight and empathy rather than a source of repeated turmoil."
"HdDescriptions","channelInfo|37-40","Общност (37-40): Племенният канал на договарянето и изграждането на принадлежност. Често имате дара да създавате и поддържате общности чрез ясни договорки, ритуали на подкрепа и взаимност. Това ви прави естествен медиатор и организатор — можете да насочвате групите към яснота и лоялност, като същевременно уважавате индивидуалните нужди. Възможни са напрежения около очакванията и зависимостите: важно е да поставяте граници и да формализирате споразумения, за да предотвратите изтощение. Практически съвет: оформяйте ясни правила и роли, поощрявайте отчетността и оставяйте място за автономност в рамките на общността.","Community (37-40): The tribal channel of bargaining and belonging. You often have a talent for forming and sustaining communities through clear agreements, mutual support and shared protocols. This can make you a natural mediator and organizer — able to steer groups toward clarity and loyalty while still acknowledging individual needs. Tensions may arise around expectations or dependency, so boundaries and transparent arrangements are helpful to avoid burnout. Practical guidance: set explicit roles and agreements, encourage reciprocity and accountability, and allow space for personal autonomy within the group to keep bonds healthy and resilient."
"HdDescriptions","channelInfo|39-55","Емотиране (39-55): Каналът на индивидуалната емоционална провокация. Вашата енергия често предизвиква и разтърсва емоциите на другите, подпомагайки ги да открият своята страст, истина или мобилизация. Това може да бъде лечебно и пробуждащо, но и дразнещо — хората понякога реагират интензивно. Важно е да разпознавате границите и времето: провокацията, направена с уважение и ясно намерение, може да доведе до прозрения; ако е импулсивна, рискува да се тълкува като манипулация. Съвет: практикувайте емоционална осъзнатост, търсете съгласие при силни интервенции и използвайте енергията си за вдъхновение и изцеление.","Emoting (39-55): The channel of individual emotional provocation. Your energy often stirs others’ feelings in ways that can help them access passion, clarity or renewed motivation. This capacity can be both catalytic and unsettling: it can catalyze growth, yet provoke strong reactions. Timing, consent and emotional awareness matter — well-timed provocation can open doors to insight, while impulsive pushes may be perceived as manipulative. Practical guidance: cultivate emotional regulation, check in with others before intense interventions, and use your prompting energy to inspire authentic expression and healing rather than control."
"HdDescriptions","channelInfo|4-63","Логика (4-63): Каналът на ментална логика и съмнение. Често усещате вътрешен натиск да поставяте под въпрос модели и да търсите доказателства, което ви дава способността да внасяте логическа строгост в общото разбиране. Внимание: склонността към скептицизъм може да води до анализаторски блокажи или отчуждение. Практическо насочване е да комбинирате критичното мислене с търпение и емпатия — представяйте своите аргументи като работни хипотези и давате пространство за обратна връзка.","Logic (4-63): The channel of mental logic and doubt. You often feel compelled to question patterns and seek evidence, which equips you to bring rigor to collective understanding. That critical edge can be invaluable, but it may also lead to over-analysis or alienation if unchecked. Practical guidance is to pair rigorous inquiry with patience and empathy: frame insights as hypotheses, invite feedback, and apply your analytical gifts to clarify rather than only to dismiss. This makes your contributions both sharp and constructive."
"HdDescriptions","channelInfo|42-53","Зреене (42-53): Каналът на жизнените цикли и завършването. Често усещате силен натиск да започвате нови цикли и — още по-важно — да ги завършвате с внимание. Всеки цикъл носи уроци, растеж и усещане за завършеност, но без финал може да остане неизчистена карма или недовършено учене. Може да се борите с нетърпение или страх от загуба, когато предстои край; практиката на ритуали на преход и ясни крачки към завършване помага. Съвет: планирайте фази, отдавайте време за интеграция след края и намирайте смисъл в преходите, за да превърнете всяко приключване в източник на мъдрост.","Maturation (42-53): The channel of life cycles and completion. You often feel a strong drive to initiate new phases and — crucially — to bring them to full completion. Each cycle offers lessons, growth and a sense of closure; when endings are avoided, lessons may repeat or remain unresolved. You may face impatience or a fear of loss around conclusions, so intentional transition practices and rites of passage are useful. Practical guidance: structure projects and relationships in phases, allow time for integration after endings, and treat closures as opportunities for learning and renewal rather than mere termination."
"HdDescriptions","channelInfo|47-64","Абстракция (47-64): Каналът на менталната абстракция и осмислянето на миналото. Мотивиран сте да откривате модели и да превръщате объркващи или фрагментарни преживявания в обобщена мъдрост. Този процес често включва интуитивно улавяне на повтарящи се теми и формулиране на теории, които придават смисъл на личната или колективната история. Рискът е да се отдалечите от конкретността или да се съсредоточите върху идеите в ущърб на емпатията. Съвет: тестирайте своите хипотези на практика, споделяйте прозренията си с уважение и балансирайте абстрактното мислене с внимателно слушане.","Abstraction (47-64): The channel of mental abstraction and making sense of the past. You are often driven to detect patterns and to transform confusing or fragmented experiences into generalized insight. This tends to involve an intuitive grasp of recurring themes and the formulation of ideas that make personal or collective histories more coherent. The downside can be detachment from concrete detail or an overreliance on theory. Practical guidance: test your hypotheses in real situations, present your insights with humility, and balance abstract thinking with empathetic listening so your interpretations remain grounded and useful."
"HdDescriptions","channelInfo|5-15","Ритъм (5-15): Каналът на естествените ритми и времето. Имате уникална връзка с времето и потока — животът ви се движи в цикли и когато уважавате собствения си ритъм, много неща текат по-лесно. В противен случай външните графици и очаквания могат да създадат напрежение и чувство на дисхармония. Полезно е да изработите ритуали, да разпознавате периодите на продуктивност и почивка и да комуникирате нуждите си, така че да синхронизирате личния си темп с изискванията на средата.","Rhythm (5-15): The channel of natural rhythms and timing. You have a distinct relationship with time and flow; your life often moves in cycles, and honoring your own rhythm can make things run more smoothly. When you ignore it, external schedules or pressures can create tension and friction. Helpful practices include establishing rituals, noticing when you’re in a creative peak or need rest, and communicating your timing to others so you can better align personal tempo with shared commitments."
"HdDescriptions","channelInfo|6-59","Чифтосване (6-59): Племенният канал на сексуалността и интимността. Често изпитвате силно желание за дълбока връзка и споделяне; вашата енергия може да събаря бариери и да създава доверие. Това интензивно поле може да породи уязвимост, притежание или пресилване на близостта, ако не са ясни границите. Практическо насочване: култивирайте искрен диалог, ясни очаквания и съгласие; използвайте своята сила, за да изграждате взаимна подкрепа, а не да запълвате лични липси.","Mating (6-59): The tribal channel of sexuality and intimacy. You often feel a powerful urge for deep bonding and mutual sharing; your energy can dissolve barriers and foster genuine trust. That intensity can also create vulnerability, possessiveness, or pressure if boundaries are unclear. Practical guidance is to cultivate honest communication, explicit expectations, and consent. Channel your drive toward mutual support and reciprocity, using openness to deepen connection rather than to compensate for unmet needs."
"HdDescriptions","channelInfo|7-31","Алфата (7-31): Каналът на влиянието и лидерството. Често имате естествена способност да насочвате другите към бъдещето и вашият глас може да привлича внимание и посока. Това носи възможност за вдъхновение, но също и риск от поемане на прекалена отговорност или доминиране. Съветът е да водите чрез покана и пример, да останете отговорен и отворен към обратна връзка, да делегирате и да развивате съпричастност — така влиянието ви става устойчива и приемана от останалите.","The Alpha (7-31): The channel of influence and leadership. You often possess a natural ability to guide others toward the future; your voice can attract attention and direction. That capacity offers opportunities to inspire, yet it can also bring pressure to take on too much or to dominate. Aim to lead by invitation and example, stay accountable, welcome feedback, and delegate where appropriate. Leading with empathy and transparency helps your influence feel trustworthy and sustainable to those who follow."
"HdDescriptions","channelInfo|9-52","Концентрация (9-52): Каналът на фокуса и детайла. Често притежавате възможността да се съсредоточите дълбоко и да забелязвате онова, което другите пропускат. Този канал насочва към устойчиво внимание и усърдна работа по един конкретен обект или задача. В практиката това може да се прояви в научни изследвания, занаятчийство или аналитична работа. В същото време е полезно да наблюдавате склонността към обсесивност и да отмервате времето за почивка, за да запазите перспектива и креативност.","Concentration (9-52): The channel of focus and detail. You often have the capacity to concentrate deeply and notice what others miss. This channel encourages sustained attention and persistence on a specific subject, which can be valuable for research, craft, troubleshooting, or any work that requires fine discrimination. Tensions may include tunnel vision or overworking; practical expression involves structuring deep-work periods, taking regular breaks, and deliberately shifting perspective to balance precision with the larger picture."
"HdDescriptions","definitionInfo|NONE","Без дефиниция (Рефлектор): Всички центрове са отворени и недефинирани, което ви прави чувствително огледало на хората и средата около вас. Тази отвореност е дар — можете да пробвате различни роли и да отразявате широк спектър от човешки преживявания. В същото време лесно поемате енергии от околните, затова е важно да избирате внимателно средата и хората, да създавате ритуали за презареждане и да използвате лунния ритъм или други цикли за по-обмислени решения.","No Definition (Reflector): With all centers open, you naturally mirror the people and environments around you. This openness allows you to sample many roles and perspectives, providing a broad and sensitive reflection of human experience. Because you're porous energetically, it's important to choose settings and companions deliberately, establish routines for recharging, and use cycles—like the lunar rhythm—to pace decisions. Cultivating clear boundaries and restorative practices helps you harness this reflective gift."
"HdDescriptions","definitionInfo|QUADRUPLE_SPLIT","Четворната сплит дефиниция е рядка и означава четири отделни групи дефинирани центрове. Такъв тип дава изключителна отвореност и склонност да се влияете от много различни хора и среди. Може да сте особено чувствителен към общността и социалната обстановка; с правилната среда получавате значителна подкрепа и вдъхновение. Внимавайте с разсейването — избирайте съзнателно хора и групи, които ви заземяват и ви позволяват да усетите вътрешна цялост въпреки множеството входове.","Quadruple Split Definition, a rare pattern of four separate groupings, brings exceptional openness and responsiveness to many different people and environments. You can gain a great deal from the right community, as social context tends to shape your experience strongly. However, the abundance of inputs can also feel fragmenting if you don't curate your circles. Consciously choose supportive groups that help you feel grounded and give you space to integrate the diverse influences you encounter."
"HdDescriptions","definitionInfo|SINGLE","Единична дефиниция означава, че всичките ви дефинирани центрове са свързани в един непрекъснат веригов модел. Това ви дава последователна, предвидима и самодостатъчна енергия — често усещате поток и стабилност в решенията и работата си. Може да предпочитате автономия и да не търсите енергийно 'допълване' отвън. Въпреки това, ценните връзки и сътрудничествата могат да обогатят опита ви; работете със социални пространства, които уважават вашата независимост, но предлагат подкрепа, когато ви е нужна.","Single Definition means your defined centers form one continuous circuit, giving you steady, self-contained energy. You often experience consistency and reliability in how you think, act, and make decisions, and you don't typically need others to 'complete' your energy. While independence is a strength, intentional relationships and collaborations can still enrich your life. Seek partnerships that respect your autonomy while offering practical support when you choose to connect."
"HdDescriptions","definitionInfo|SPLIT","Сплит дефиницията показва, че вашите дефинирани центрове се групират в две отделни вериги. Инстинктивно търсите хора, ситуации или транзити, които да създадат мост между тези групи и да донесат усещане за цялост. Тази структура често води до гъвкавост — по-лесно възприемате различни гледни точки и роли. Понякога можете да се чувствате раздвоен или да имате нужда от външна подкрепа, за да съединявате частите си; давайте си време да усетите кой „мост“ работи най-добре за вас.","Split Definition means your defined centers form two distinct groupings, and you naturally seek people, contexts, or transits that bridge those groups. This tendency often makes you adaptable and receptive to multiple perspectives, but it can also create a sense of incompleteness when the bridge is missing. Allow relationships and circumstances to emerge that help connect your inner parts. Give yourself time to recognize which external connections truly harmonize your experience rather than forcing quick fixes."
"HdDescriptions","definitionInfo|TRIPLE_SPLIT","Тройната сплит дефиниция означава три отделни групи дефинирани центрове, което ви дава голяма адаптивност и нужда от разнообразие. Информацията и чувствата ви често идват на вълни, различни вериги се активират в различни моменти, затова може да ви е нужно повече време за интеграция. Облагодетелствате се от контакти с различни типове хора и среди — колкото по-разнообразни са взаимоотношенията ви, толкова по-ясна може да стане картината. Планирайте периоди за обработка и усвояване на впечатленията, за да избегнете претоварване.","Triple Split Definition has three separate groupings of defined centers, giving you pronounced adaptability and a preference for varied interactions. Your impressions and responses often arrive in waves as different circuits activate at different times, so you may need extra time to process and integrate experiences. You benefit from a wide range of people and environments — diversity often clarifies what resonates. Intentionally schedule quieter time to assimilate new information and avoid overwhelm from too many simultaneous inputs."
"HdDescriptions","profileInfo|1/3","Изследовател/Мъченик: Имате нужда от солидна основа от знания преди да действате. Учите се главно чрез проба и грешка — вашите ""грешки"" са най-великият ви учител и източник на данни.","Investigator/Martyr: You need a solid foundation of knowledge before acting. You learn primarily through trial and error — your 'mistakes' are your greatest teacher and data source."
"HdDescriptions","profileInfo|1/4","Изследовател/Опортюнист: Имате нужда от дълбоки лични основи, а вашите възможности идват чрез социалната ви мрежа. Проучете задълбочено, след което споделете онова, което сте овладял, с доверени връзки.","Investigator/Opportunist: You need deep personal foundations, and your opportunities come through your social network. Research thoroughly, then share what you've mastered with trusted connections."
"HdDescriptions","profileInfo|2/4","Отшелник/Опортюнист: Имате природни дарби, за които може дори да не знаете. Имате нужда от самота за да ги развиете, но вашите възможности идват чрез мрежата ви. Правилното обаждане от правилния човек може да промени живота ви.","Hermit/Opportunist: You have natural talents you may not even be aware of. You need time alone to develop them, but your opportunities come through your network. The right call from the right person can change your life."
"HdDescriptions","profileInfo|2/5","Отшелник/Еретик: Другите ви проектират като 'спасител' или практически решавач на проблеми, дори ако вие не се виждате така. Имате нужда от самота за зареждане, но светът призовава несъзнателните ви дарби да поправят нещата.","Hermit/Heretic: You are projected onto as a 'savior' or practical problem-solver, even if you don't see yourself that way. You need solitude to recharge, yet the world calls on your unconscious gifts to fix things."
"HdDescriptions","profileInfo|3/5","Мъченик/Еретик: Учите се чрез житейски опит — връзки, които работят и не работят, работи, опитани и отхвърлени. Тази придобита мъдрост ви прави практически, кармичен учител, към когото другите се обръщат за решения в реалния живот.","Martyr/Heretic: You learn through life experience — bonds that work and don't work, jobs tried and rejected. This experiential wisdom makes you a practical, karmic teacher who others turn to for real-world solutions."
"HdDescriptions","profileInfo|3/6","Мъченик/Ролеви модел: Три жизнени фази — първата половина в проба и грешка, след това период на отдръпване и наблюдение, после ставане на мъдър ролеви модел, въплъщаващ уроците от опита ви.","Martyr/Role Model: Three life phases — first half spent in trial and error, then a period of stepping back and observing, then becoming a wise role model embodying the lessons of your experience."
"HdDescriptions","profileInfo|4/1","Опортюнист/Изследовател: Имате нужда от стабилна лична основа за да се чувствате сигурен, и възможностите идват чрез мрежата ви. Трябва да изградите солидни знания преди удобно да споделяте с другите.","Opportunist/Investigator: You need a stable personal foundation to feel secure, and opportunities come through your network. You must build solid knowledge before you can comfortably share with others."
"HdDescriptions","profileInfo|4/6","Опортюнист/Ролеви модел: Вашите възможности идват чрез близката ви лична мрежа. В първата половина на живота изграждате тези мрежи; в втората ставате доверен ролеви модел, към когото другите се обръщат за насоки.","Opportunist/Role Model: Your opportunities come through your close personal network. In the first half of life you build those networks; in the second half you become a trusted role model who others look to for guidance."
"HdDescriptions","profileInfo|5/1","Еретик/Изследовател: Другите ви проектират като някой, който може да 'спаси' или да предостави универсални решения. Имате нужда от солидни основи за да избегнете капана на проекцията. Слава (и лоша слава) ви идват лесно.","Heretic/Investigator: You are projected onto by others as someone who can 'save' or provide universal solutions. You need solid foundations to avoid the projection trap. Fame (and infamy) come easily to you."
"HdDescriptions","profileInfo|5/2","Еретик/Отшелник: Несъзнателните ви дарби са търсени от другите, които проектират голяма практичност върху вас. Имате нужда от значително самотно време за зареждане, но светът постоянно ви вика да се намесите и поправите нещата.","Heretic/Hermit: Your unconscious gifts are sought out by others who project great practicality onto you. You need significant alone time to recharge, yet you are constantly called upon by the world to step in and fix things."
"HdDescriptions","profileInfo|6/2","Ролеви модел/Отшелник: Три жизнени фази — първа фаза на проба и грешка (Линии 3&2), втора фаза на 'качване на покрива' за наблюдение и размисъл, и трета фаза след ~50 години на живеене като доверен, въплътен ролеви модел.","Role Model/Hermit: Three phases of life — a first phase of trial and error (Lines 3&2), a second phase of going 'on the roof' to observe and reflect, and a third phase after ~50 of living as a trusted, embodied role model."
"HdDescriptions","profileInfo|6/3","Ролеви модел/Мъченик: Въплъщавате мъдрост чрез преживян опит. Първата половина на живота е богата с уроци чрез проба и грешка; втората половина е за ставане на живия пример, към когото другите се обръщат за автентично напътствие.","Role Model/Martyr: You embody wisdom through lived experience. The first half of life is rich with lessons through trial and error; the second half is about becoming the lived example others look to for authentic guidance."
"HdDescriptions","typeInfo|GENERATOR|aura","Отворена и обгръщаща","Open & Enveloping"
"HdDescriptions","typeInfo|GENERATOR|description","Генераторите често са двигателите на ежедневието — притежават дефиниран Сакрален център, който произвежда устойчива енергия за работа, творчество и връзки. Тази сакрална сила може да бъде магнит за възможности, когато е използвана интуитивно чрез отговор, а не чрез постоянна инициатива. За генераторите е полезно да следват това, което истински ги вълнува, да почиват ритмично и да поставят граници, за да запазят устойчивостта си.","Generators are often the workforce of the collective, with a defined Sacral center that produces reliable energy for work, creativity, and relationships. Their sacral response can naturally attract opportunities when they wait to respond rather than force outcomes. Generators benefit from following what genuinely excites them, honoring rest cycles, and setting boundaries so their sustaining energy isn’t depleted by obligation or pressure."
"HdDescriptions","typeInfo|GENERATOR|name","Генератор","Generator"
"HdDescriptions","typeInfo|GENERATOR|notSelf","Разочарование често се появява, когато човек инициира вместо да откликне, или когато задачата не провокира сакралното „да“. Може да се усети като вътрешно напрежение, скука или усещане за застой. Когато забележите този тон, спрете и проверете сакралния си отговор; пренасочете усилията към дейности, които ви зареждат. Експериментирайте с различни подходи, правете паузи за възстановяване и давайте приоритет на това, което наистина работи за вас, за да намалите разочарованието.","Frustration often shows up when you initiate instead of responding, or when the work fails to elicit a clear sacral “yes.” It can feel like stagnation, irritation, or a muted dissatisfaction. When you notice this tone, pause and check for the sacral signal; realign with activities that energize you. Small experiments, timely rest, and shifting toward what consistently lights you up can reduce frustration and help restore flow."
"HdDescriptions","typeInfo|GENERATOR|signature","Удовлетворение","Satisfaction"
"HdDescriptions","typeInfo|GENERATOR|strategy","Изчакайте и откликнете. Животът често поставя пред вас хора, събития или възможности, които провокират истинска сакрална реакция — кратък вътрешен или вербален импулс като спонтанно „ах-ха“ (да) или тихо „ъм-ъм“ (не). Практикувайте пауза и наблюдение вместо да инициирате само от ума: това помага да пестите енергия, да избягвате ненужни задължения и да изберете дейности, които наистина ви зареждат. Когато усещате нетърпение, припомнете си, че изчакването често води до по-ясни и устойчиви избори.","Wait to respond. Life often presents people, events, or information that invite a genuine sacral reaction — a brief gut sound or sensation like an effortless “ah‑huh” (yes) or a low “uh‑uh” (no). Practice pausing and noticing rather than initiating from the mind alone: this conserves energy, avoids unnecessary commitments, and helps you choose what truly energizes you. If impatience arises, remind yourself that waiting for what resonates usually leads to clearer, more sustainable choices."
"HdDescriptions","typeInfo|MANIFESTING_GENERATOR|aura","Аурата е отворена и обгръщаща — често привличате хора и възможности с топлина и присъствие. Това улеснява бързото влияние и колаборация, но може и да размива границите, така че да поемате повече, отколкото е устойчиво. Практикувайте ясно информиране и слушайте сакралните си реакции; отделяйте време за възстановяване и поставяйте граници, когато е нужно, за да запазите баланс между ангажираност и почивка.","The aura is open and enveloping, naturally drawing people and opportunities into your orbit. This quality can facilitate rapid collaboration and influence, but it can also blur boundaries and lead to overcommitment. Practice clear informing, monitor your sacral responses, and protect recovery time. Those habits help you stay engaged without burning out, allowing you to both welcome others and preserve your energy."
"HdDescriptions","typeInfo|MANIFESTING_GENERATOR|description","Манифестиращите генератори са хибриден тип с изразена сакрална енергия и пряка мотор–гърло връзка, което често им дава възможност за бързо действие и ясно изразяване. Те са страстни към много различни теми, могат да мултитаскват и да ускоряват процеси, но понякога прескачат стъпки — това спестява време, но може да наложи корекции по-късно. Полезно е да чакат отклик преди да поемат големи ангажименти, да информират засегнатите и да отделят време за възстановяване, за да намалят съпротивлението и да увеличат удовлетворението.","Manifesting Generators combine sustained sacral energy with a direct motor‑to‑Throat connection, which often enables swift action and visible expression. They tend to be passionate about multiple projects, adept at multitasking, and capable of accelerating or shortcutting processes. Skipping steps can speed progress but may require later corrections. Practically, waiting to respond, following your sacral impulses, and informing others when you act reduces friction, supports sustainable output, and increases overall satisfaction."
"HdDescriptions","typeInfo|MANIFESTING_GENERATOR|name","Манифестиращ генератор","Manifesting Generator"
"HdDescriptions","typeInfo|MANIFESTING_GENERATOR|notSelf","Чувство на разочарование и изблици на гняв често възникват, когато манифесторът се опитва да форсира нещата или действа без да информира други. Тези емоции могат да сигнализират, че е нарушен естествения им ритъм на инициатива и че срещат съпротива или неразбиране около себе си. Полезно е да наблюдавате кога натискът ви кара да бързате и да практикувате кратки, ясни известия към хората си — това намалява напрежението и позволява да запазите усещане за вътрешен баланс.","Frustration and flashes of anger often arise when a Manifestor pushes things or acts without informing others. These emotions can indicate the natural flow of initiation is being interrupted and that the person meets resistance or confusion in their environment. Paying attention to when pressure makes you hurry and practising brief, clear notifications to affected people can reduce friction. That approach helps contain reactive feelings, maintain personal integrity, and create more constructive interactions without asking permission to initiate."
"HdDescriptions","typeInfo|MANIFESTING_GENERATOR|signature","Удовлетворение","Satisfaction"
"HdDescriptions","typeInfo|MANIFESTING_GENERATOR|strategy","Изчакайте и откликнете; след като сакралният ви отговор е „да“, информирайте хората, които ще бъдат засегнати, преди да предприемете действие. Информирането не е искане за разрешение, а начин да намалите съпротивлението, да създадете яснота и да улесните сътрудничеството. Тази практика помага да избегнете недоразумения и ненужно противопоставяне. Ако усещате напрежение или бързане, върнете се към сакралната проверка и обмислете дали не е нужна още една пауза или по-ясна комуникация.","Wait to respond, then inform before you act. Once your sacral response signals “yes,” telling others your intention is a practical way to reduce resistance — it’s not asking for permission but creating clarity so cooperation can flow. Informing smooths social dynamics and prevents unnecessary pushback when you move. If you meet friction or feel rushed, return to the sacral check and consider whether more time or clearer communication is needed."
"HdDescriptions","typeInfo|MANIFESTOR|aura","Закрита, отблъскваща","Closed and repelling"
"HdDescriptions","typeInfo|MANIFESTOR|description","Манифесторите са сред типовете с вродена способност да инициират действия без да чакат външно съгласие. Често имат мотор, свързан пряко с Гърлото, което им дава силно въздействие и способност да предизвикват движение. Проектирани са да започват процеси и да прокарват път, не да искат разрешение; това може да предизвика напрежение у околните, които не разбират защо усещат отдръпване. Балансираща практика е да информирате предварително — не за да търсите одобрение, а за да намалите съпротивата и да увеличите подкрепата.","Manifestors have a natural capacity to initiate without waiting for external approval. They often have a motor linked to the Throat, which can give their presence a strong, catalytic quality and the ability to set events in motion. They’re designed to start things rather than seek permission, and that autonomy can unsettle others who feel pushed or unprepared. A constructive approach is to inform people in advance—not as a request for consent but to reduce resistance, invite practical support, and protect personal autonomy while maintaining relationships."
"HdDescriptions","typeInfo|MANIFESTOR|name","Манифестор","Manifestor"
"HdDescriptions","typeInfo|MANIFESTOR|notSelf","Горчивина и гняв често се появяват, когато проектирането усилия не е признато или когато другите натискат човека да започне, без да го поканят. Тези чувства могат да сигнализират, че не сте били видени или оценени за своята уникална перспектива и умение да управлявате енергията на другите. Полезно е да търсите покани и признание, да ограничавате едностранните инициативи и да работите върху ясно поставяне на граници — това може да намали горчивината и да създаде по‑здрава обмяна.","Bitterness and anger often surface when a Projector’s guidance goes unrecognized or when they’re pressured to initiate without an invitation. These emotions can point to feeling unseen or undervalued for their distinctive perspective and capacity to manage others’ energy. It can help to wait for invitations that acknowledge your skills, to avoid forcing initiatives, and to set clear boundaries around how and when you engage. Over time this reduces resentment and creates healthier, more reciprocal interactions."
"HdDescriptions","typeInfo|MANIFESTOR|signature","Мир","Peace"
"HdDescriptions","typeInfo|MANIFESTOR|strategy","Информирането на хората около вас преди да предприемете действие често намалява съпротивлението и позволява на другите да се адаптират. Това не означава да търсите разрешение, а да дадете кратък сигнал — кой ще бъде засегнат и какво предстои. Практическият ефект е по‑малко спънки, по‑малко недоразумения и по‑висока вероятност за подкрепа, като същевременно запазвате свободата да инициирате.","Informing the people in your life before you act often reduces resistance and lets others adapt. This is not about asking permission but giving a brief heads‑up about who will be affected and what’s coming. Practically, it leads to fewer disruptions, fewer misunderstandings, and a greater chance of receiving support, while preserving your freedom to initiate and steer events."
"HdDescriptions","typeInfo|PROJECTOR|aura","Фокусирана и поглъщаща","Focused and absorbing"
"HdDescriptions","typeInfo|PROJECTOR|description","Проекторите са проектирани да насочват, управляват и организират енергията на другите. Тяхната аура е проникваща и концентрирана, което им позволява да усещат дълбоко потенциала и динамиката в хората и системите около тях. Често са естествени съветници, стратези и ръководители, но тяхното влияние работи най-добре, когато е признато и поканено. Ако дават напътствия без покана, това може да предизвика съпротива или разочарование. Практически подходи включват развиване на видимост и експертиза, установяване на граници и търпение — така вашата мъдрост ще бъде приета по-лесно и ще ви предпази от изтощение.","Projectors are designed to guide, manage, and organize the energy of others. Their aura is penetrating and focused, allowing them to perceive deeper patterns and potential in people and systems. They often operate as natural advisors, strategists, and leaders, but their influence tends to land best when it is recognized and invited. Offering guidance without an invitation can lead to resistance or disappointment. Practical strategies include building visible expertise, setting clear boundaries, and cultivating patience — these help the Projector’s insights be received and protect them from burnout."
"HdDescriptions","typeInfo|PROJECTOR|name","Проектор","Projector"
"HdDescriptions","typeInfo|PROJECTOR|notSelf","Темата на „не-себе-си“ за проекторите често се описва като горчивина. Тя може да се появи, когато давате нежелани съвети, когато вашите дарби остават непризнати или когато се опитвате да работите като енергиен тип и се претоварвате. Горчивината се проявява като разочарование, вътрешно недоволство или отчуждение. Практически съвети включват научаване да чакате покана, да поставяте граници, да обръщате внимание на сигналите на тялото и да отделяте време за възстановяване — това помага да се редуцира натрупаната горчивина.","The Projector’s not-self theme is often described as bitterness. This can arise when offering unsolicited advice, when one’s gifts go unrecognized, or when trying to work like energy types and becoming overextended. Bitterness may show up as frustration, inner dissatisfaction, or withdrawal. Practical approaches include waiting for invitation, establishing boundaries, listening to bodily signals, and prioritizing rest — these practices help reduce accumulated resentment and restore clarity."
"HdDescriptions","typeInfo|PROJECTOR|signature","Успех","Success"
"HdDescriptions","typeInfo|PROJECTOR|strategy","Изчакайте разпознаване и покана, преди да давате съвет или да предприемате големи стъпки. Поканата служи като естествен филтър: дава контекст и увеличава шансът вашата енергия да бъде приета. Докато чакате, усъвършенствайте уменията си, изграждайте репутация и се грижете за възстановяването си — така ще бъдете по-ефективни, когато поканата дойде. Избягвайте да налагате мнението си или да се конкурирате като енергиен тип; ясните граници и търпението обикновено водят до по-добри резултати.","Wait for recognition and invitation before offering guidance or making major moves. An invitation functions as a natural filter: it provides context and increases the likelihood that your energy will be welcomed. While you wait, refine your skills, build a reputation, and prioritize recovery so you’re more effective when opportunities arise. Avoid forcing influence or trying to operate like energy types; clear boundaries and patience typically produce more constructive outcomes."
"HdDescriptions","typeInfo|REFLECTOR|aura","Стабилна и изследваща","Stable & exploratory"
"HdDescriptions","typeInfo|REFLECTOR|description","Рефлекторите нямат дефинирани центрове и са силно отворени; те действат като огледала, които отразяват здравето и настроението на средата към общността. Поради тази чувствителност те често са дълбоко повлияни от хората около себе си и от лунния цикъл — различните фази активират различни области в тяхната карта, така че дните могат да изглеждат коренно различни. Рефлекторите могат да служат като барометър за групова динамика, но също така са уязвими към изтощение, ако средата е неподходяща. Полезно е да си дадат време (често се препоръчва лунен цикъл) преди важни решения, да подбират внимателно общността си и да приоритизират условия, които подпомагат възстановяването им.","Reflectors have no defined centers and are highly open; they function like mirrors that reflect the health and tone of their environment back to the community. Because of this sensitivity, they are strongly influenced by those around them and by the lunar cycle — different phases can activate different parts of the chart, so days often feel very different. Reflectors can act as barometers of group dynamics but are vulnerable to overwhelm if the setting is unsupportive. It’s helpful to allow time—often a lunar cycle—before major decisions, to curate one’s community, and to prioritize environments that support recovery and clarity."
"HdDescriptions","typeInfo|REFLECTOR|name","Рефлектор","Reflector"
"HdDescriptions","typeInfo|REFLECTOR|notSelf","Разочарованието често се появява, когато взимате прибързани решения или оставате в среда, която не отразява вашите нужди и енергия. Ако често се чувствате изтощен, празен или неудовлетворен, проверете дали действате под външен натиск или жертвате собствените си приоритети. Практикувайте паузи, поставяйте ясни граници и отделяйте време за самонаблюдение — това помага да разпознаете моделите и да възстановите по‑устойчив начин на избор.","Disappointment often arises from rushed decisions or staying in environments that don’t fit your needs and energy. If you frequently feel drained, empty, or unfulfilled, check whether you’re acting under external pressure or sacrificing your priorities. Practice pauses, set clear boundaries, and allow moments of self‑reflection — these steps help you recognize patterns and move toward more sustainable choices."
"HdDescriptions","typeInfo|REFLECTOR|signature","Удоволствието е знак, че сте в съзвучие със себе си. Когато дейностите, връзките и решенията ви носят лекота, радост и естествено привличане, това често насочва към правилна посока. Обърнете внимание на тихите моменти на възторг и на това кои занимания ви дават енергия — те могат да служат като практичен компас при приоритизиране и избиране на ангажименти.","Delight is a sign you’re in alignment. When activities, relationships, and choices bring ease, joy, and natural attraction, they often point in the right direction. Notice the small moments of pleasure and which pursuits give you energy — they can act as a practical compass for prioritizing and deciding when to say yes or no."
"HdDescriptions","typeInfo|REFLECTOR|strategy","Изчакайте пълен 28‑дневен лунен цикъл преди да взимате важни решения. През този период наблюдавайте как се променят емоциите и гледните ви точки — решенията, взети в различни фази, често изглеждат по‑различно на по‑късен етап. Говорете с различни хора, за да съберете перспективи, но третирайте разговорите като събиране на информация, а не като принудителен финал. Водете кратки записи, правете малки експерименти и давайте време на емоционалната вълна да премине. Така можете да достигнете до по‑ясно и устойчиво решение, вместо да действате от моментен изблик.","Wait a full 28‑day lunar cycle before making major decisions. During that time, notice how your feelings and perspectives shift — choices made in different phases often reveal themselves differently later on. Talk with a variety of people to gather viewpoints, but treat those conversations as information‑gathering rather than a final verdict. Keep brief notes, run small experiments, and give your emotional wave time to move through. This approach helps you reach clearer, more durable choices instead of acting from a short‑term swing or pressure."
"HdGateTransitTexts","effect|AMPLIFIES","Вече носите този гейт, така че днес той е просто по-силен. По-скоро познато, отколкото ново — същото, което правите винаги, със увеличена сила, което е добре да знаете, преди да заключите, че сте необичайно интензивни.","You already carry this gate, so today it is simply louder. Familiar rather than new — the same thing you always do, with the volume up, which is worth knowing before you conclude that you are being unusually intense."
"HdGateTransitTexts","effect|COMPLETES","Този затваря верига, която обикновено е отворена в вас: докато е тук, можете нещо, което обичайно не можете, и това се усеща като облекчение или като необичайна способност. Забележете към какво посягате, докато е тук. Не е постоянно, а обичайната грешка е да се обвържете, сякаш ще остане.","This one closes a circuit that is normally open in you: for as long as it lasts you can do something you usually cannot, and it tends to feel like relief or like unusual capability. Notice what you reach for while it is here — it is not permanent, and committing as though it were is the standard mistake."
"HdGateTransitTexts","effect|OPEN","Този пада там, където нямате нищо свое, затова идва отвън — като натиск от други хора или като настроение, което вероятно ще припишете на себе си. Полезното е да проверите после дали си е тръгнало заедно с деня.","This lands where you have nothing of your own, so it arrives from outside — as other people's pressure, or as a mood you will probably mistake for yours. The useful move is to check, later, whether it left when the day did."
"HdGateTransitTexts","gate|1","Днес нещо иска да излезе в собствената си форма и няма да преживее редактиране от комисия. Направете го, после решавайте кой го вижда.","Something wants to come out in its own form today, and it will not survive being edited by committee. Make the thing, then decide who gets to see it."
"HdGateTransitTexts","gate|10","Темата е да бъдете себе си, включително частите, които не можете да оправдаете. Да се държите така, че да сте приемливи, днес струва повече от обичайното.","Being yourself is the theme, including the parts you cannot justify. Behaving to be acceptable costs more than usual today."
"HdGateTransitTexts","gate|11","Идеи и картини, много, и нито една не е инструкция. Разкажете ги на някого; не започвайте да ги изпълнявате.","Ideas and pictures, plenty of them, and none of them are instructions. Tell them to someone; do not start executing them."
"HdGateTransitTexts","gate|12","Думите или падат красиво, или отказват да излязат, според настроението. Ако не излиза добре, изчакайте — това не се насилва.","Words either land beautifully or refuse to come at all, depending on the mood. If it will not come out well, wait — this one cannot be forced."
"HdGateTransitTexts","gate|13","Днес хората ще ви казват неща. Слушайте и го запазете; какво ще правите с него е за друг ден.","People will tell you things today. Listen and keep it; what you do with it belongs to a later day."
"HdGateTransitTexts","gate|14","Налични са ресурси и работоспособност над онова, което планът изисква. Гледайте накъде отиват, защото ще отидат някъде.","Resources and working power are available beyond what the plan needs. Watch where it goes, because it will go somewhere."
"HdGateTransitTexts","gate|15","Ритъмът днес е краен и няма да се подреди в модел. Разширете диапазона, вместо да се борите за равномерност.","The rhythm is extreme today and will not settle into a pattern. Extend the range rather than fighting for regularity."
"HdGateTransitTexts","gate|16","Въодушевление да се хвърлите в едно умение, преди да сте готови. Хвърлете се и намерете човека, който наистина знае как.","Enthusiasm to leap into a skill before being ready. Leap, and find the person who actually knows how."
"HdGateTransitTexts","gate|17","Мненията идват напълно оформени и звучат като заключения. Попитайте върху какво са построени, преди да ги изречете.","Opinions arrive fully formed and sound like conclusions. Ask what they were built on before you say them out loud."
"HdGateTransitTexts","gate|18","Днес ще виждате какво е сбъркано в нещата — точно и безполезно. Казвайте го само там, където някой е попитал.","You will see what is wrong with things today, accurately and unhelpfully. Only say it where someone asked."
"HdGateTransitTexts","gate|19","Нуждите са силни — храна, контакт, успокоение, ваши и на всички. Поискайте директно, вместо да подреждате стаята, докато някой не забележи.","Needs are loud — food, contact, reassurance, yours and everyone's. Ask directly instead of arranging the room until someone notices."
"HdGateTransitTexts","gate|2","Усещане накъде трябва да отиват нещата, без двигател, който да ги закара. Изречете посоката на глас; движението идва от друг.","A sense of where things should be going, without any engine to get them there. Say the direction out loud; someone else supplies the movement."
"HdGateTransitTexts","gate|20","Остро присъствие и способност да кажете точно какво е вярно сега. Казването е цялото действие; не е нужно да става план.","Sharp presence and the ability to say exactly what is true now. Saying it is the whole action; it does not have to become a plan."
"HdGateTransitTexts","gate|21","Хватка върху собствената територия — пари, време, метод — която се затяга над нуждата на ситуацията. Контролирайте онова, което наистина е ваше, и оставете останалото.","A grip on your own territory — money, time, method — tightening beyond what the situation needs. Control what is actually yours and leave the rest."
"HdGateTransitTexts","gate|22","Социална отвореност, която идва и си отива с настроението — очарователни сега, недостъпни след час. Направете нещото с хора, докато вратата е отворена.","Social openness that comes and goes with the mood; charming now, unavailable in an hour. Do the people-facing thing while the door is open."
"HdGateTransitTexts","gate|23","Нещо, което знаете, трудно се слага в думи, които другите ще приемат. Моментът решава дали ще ви чуят, или ще ви нарекат странни.","Something you know is hard to put into words others will accept. Timing decides whether you are heard or called strange."
"HdGateTransitTexts","gate|24","Същата мисъл минава отново, малко по-ясна. Оставете я да дойде; така приключва, а не е знак, че сте заклещени.","The same thought comes round again, slightly clearer. Let it come; this is how it finishes, not a sign of being stuck."
"HdGateTransitTexts","gate|25","Безлична топлина, която не е насочена към никого конкретно. Красива на открито, наранява, ако някой я приеме лично.","An impersonal warmth that is not directed at anyone in particular. Beautiful in the open, wounding if someone takes it personally."
"HdGateTransitTexts","gate|26","Дарба да представяте нещата в светлината, в която работят. Границата между продаване и разтягане днес се мести лесно.","A talent for presenting things in the light that makes them work. The line between selling and stretching moves easily today."
"HdGateTransitTexts","gate|27","Тегли ви да се грижите за хората отвъд точката, в която помага. Попитайте дали онова, което храните, наистина е гладно.","A pull to look after people, past the point where it helps. Ask whether what you are feeding is actually hungry."
"HdGateTransitTexts","gate|28","Ден, който търси колко струва един живот и го намира в трудността, а не в отговора. Изберете коя борба; да нямате никаква не е опция.","A day that goes looking for what a life is worth, and finds it in the difficulty rather than in the answer. Choose which struggle; you cannot skip having one."
"HdGateTransitTexts","gate|29","Днес „да“ излиза от тялото лесно и ви обвързва по-далеч, отколкото сте искали. Проверете на какво сте се съгласили, преди денят да свърши.","Yes comes out of the body easily today and commits you further than you meant. Check what you agreed to before the day ends."
"HdGateTransitTexts","gate|3","Нови начала, които се измъкват от бъркотия, със свое темпо, не с вашето. Ако не тръгва, не е закъсняло — не е готово.","New beginnings pushing out of a mess, at their own pace and not yours. If it will not start, it is not late — it is not ready."
"HdGateTransitTexts","gate|30","Желанието гори и се захваща за неща, които не сте избрали да искате. Изживейте го напълно и не подписвайте нищо.","Desire runs hot and attaches to things you did not choose to want. Feel it fully and do not sign anything."
"HdGateTransitTexts","gate|31","Глас, който може да води, ако стаята вече се е обърнала към вас. Непопитан, същите думи излизат като самоназначаване.","A voice that can lead, if the room has already turned towards you. Unasked, the same words come out as self-appointment."
"HdGateTransitTexts","gate|32","Ясно разчитане на онова, което ще издържи и което не, идващо като притеснение, а не като анализ. Доверете се на разчитането; не действайте по страха.","A clear read on what will last and what will not, arriving as unease rather than as analysis. Trust the read; do not act on the fear."
"HdGateTransitTexts","gate|33","Нужда да се оттеглите и нещо, което си струва да бъде разказано, след като се върнете. Вземете си оттеглянето; разказът е причината да е позволено.","A need to withdraw, and something worth retelling once you come back. Take the retreat; the story is the reason it is allowed."
"HdGateTransitTexts","gate|34","Груба мощ, която се държи прилично само когато е заета. Дайте ѝ работа, преди да си намери сама.","Raw power that only behaves when it is busy. Give it work before it finds its own."
"HdGateTransitTexts","gate|35","Апетит за следващото преживяване и нетърпение към онова, което е в ход. Довършете чувството, преди да съберете ново.","An appetite for the next experience, and impatience with the one in progress. Finish the feeling before you collect another."
"HdGateTransitTexts","gate|36","Влизане в нещо, без да знаете как, и турбуленцията, която следва. Бъркотията е механизмът, не грешката.","Going into something without knowing how, and the turbulence that follows. The mess is the mechanism, not the error."
"HdGateTransitTexts","gate|37","Топлина, договорки и желание да сте част от нещо. Направете ръкостискането ясно; днешните предположения стават утрешната обида.","Warmth, agreements and the wish to be part of something. Make the handshake explicit; today's assumptions become tomorrow's grievance."
"HdGateTransitTexts","gate|38","Порив да се борите, независимо дали има за какво. Изберете причината, или причината избира вас.","The urge to fight, whether or not there is anything worth fighting. Pick the cause or the cause picks you."
"HdGateTransitTexts","gate|39","Провокация във въздуха; нещо, което кажете, ще извади истинска реакция от някого. Полезно със съгласие, жестоко без него.","Provocation in the air; something you say will pull a real reaction out of someone. Useful with consent, cruel without it."
"HdGateTransitTexts","gate|4","Днес отговорите идват бързо и лесно, и нито един не е доказан от това, че е дошъл. Дръжте ги като предположения, докато нещо не провери някой от тях.","Answers arrive quickly and cheaply today, and none of them are proved by arriving. Hold them as guesses until something tests one."
"HdGateTransitTexts","gate|40","Работа, после нужда да сте напълно сами. Вземете си самотата, без да я обяснявате като настроение.","Work, then the need to be entirely alone. Take the aloneness without explaining it as a mood."
"HdGateTransitTexts","gate|41","Натиск да започнете ново преживяване, без нищо налично за започване. Оставете фантазията да си е фантазия за сега.","The pressure to begin a new experience, with nothing available to begin. Let the fantasy be a fantasy for now."
"HdGateTransitTexts","gate|42","Енергия за довършване, включително последната неблагодарна част. Затворете нещо днес, вместо да отваряте.","Energy for finishing, including the last unrewarding part. Close something today rather than opening one."
"HdGateTransitTexts","gate|43","Знание, което пристига без стъпки и не може да се обясни по заявка. Изричайте го само там, където има език да го приеме.","A knowing that arrives without steps and cannot be explained on demand. Say it only where the language exists to receive it."
"HdGateTransitTexts","gate|44","Разпознаване на модел в един човек — инстинкт, който работи от паметта. Вярвайте на усета, дори да не можете да покажете доказателството.","Recognition of a pattern in a person — instinct working off memory. Believe the smell test even if you cannot show the evidence."
"HdGateTransitTexts","gate|45","Претенция върху онова, което е на групата, и как се разпределя. Разпределяйте; не се опитвайте и да го притежавате.","A claim over what belongs to the group and how it gets divided. Distribute; do not try to own it as well."
"HdGateTransitTexts","gate|46","Тяло на правилното място в правилното време, без да е било планирано. Идете; късметът е в това да сте физически там.","A body in the right place at the right time, without having planned it. Turn up; the luck is in being physically present."
"HdGateTransitTexts","gate|47","Връщане върху случилото се, докато не се получи картина, и неудобството от неоформената картина. Останете с него; насилването на смисъла произвежда грешен.","Going back over what happened until it makes a picture, and the discomfort of the picture being unformed. Sit with it; forcing the meaning produces a wrong one."
"HdGateTransitTexts","gate|48","Дълбочина, която не се показва по заявка, и страхът да не сте достатъчни, когато има значение. Дълбочината я има; страхът не е доказателство.","Depth that cannot be demonstrated on request, and the fear of not being adequate when it counts. The depth is there; the fear is not evidence."
"HdGateTransitTexts","gate|49","Мигновена яснота какво ще се приеме и какво не, и готовност да прекратите нещо заради това. Проверете дали принципът е ваш, преди да действате.","Instant clarity about what will and will not be accepted, and the willingness to end things on it. Check the principle is yours before you act on it."
"HdGateTransitTexts","gate|5","Ден, който възнаграждава рутината и наказва импровизацията. Пазете часа, реда и навика; резултатът е в повторението.","A day that rewards the routine and punishes the improvisation. Keep the hour, the order and the habit; the results are in the repetition."
"HdGateTransitTexts","gate|50","Отговорност за онова, за което трябва да се полага грижа, усетена независимо дали е била възложена. Назовете правилото; не го налагайте мълчаливо.","Responsibility for what has to be looked after, felt whether or not it was assigned. Name the rule; do not simply enforce it silently."
"HdGateTransitTexts","gate|51","Апетит да отидете там, където другите няма, и сътресението, което идва с това. Днес сте състезателни за неща, които може да нямат значение.","An appetite for going where others will not, and the shock that comes with it. Competitive today about things that may not matter."
"HdGateTransitTexts","gate|52","Неподвижност с много задържано вътре — условието за истинско съсредоточаване. Седнете и я приложете към едно нещо.","Stillness with a lot held inside it — the condition for real concentration. Sit down and apply it to one thing."
"HdGateTransitTexts","gate|53","Натиск да започнете и никакъв интерес накъде свършва. Започнете и приемете, че друг ще довърши.","Pressure to start, and no interest in where it ends. Begin, and accept that someone else finishes."
"HdGateTransitTexts","gate|54","Амбиция без спирачки, която се захваща за онова, което е пред вас. Насочете я умишлено, или тя ще се насочи сама.","Ambition with no brakes, attaching itself to whatever is in front of you. Aim it deliberately or it aims itself."
"HdGateTransitTexts","gate|55","Настроението решава колко пълен изглежда светът и ще се люлее без причина. Не вземайте решение от нито един от двата му края.","The mood decides how full the world looks, and it will swing without a reason. Do not make a decision from either end of it."
"HdGateTransitTexts","gate|56","Ден за разказване — историята, която слага хората в стаята. Имайте какво истинско да разкажете, иначе украсяването започва.","A day for telling it — the story that puts people in the room. Have something real to tell or the embellishing starts."
"HdGateTransitTexts","gate|57","Остър слух: един глас, една стая, секундата преди нещо да се случи. Говори веднъж; второто мнение е умът ви, не слухът ви.","Acute hearing: a voice, a room, the second before something happens. It speaks once; the second opinion is your mind, not your ear."
"HdGateTransitTexts","gate|58","Жизненост без причина, която излиза като порив да подобрите нещо. Подобрявайте работата, не хората.","Aliveness with no cause, coming out as the urge to improve something. Improve the work, not the people."
"HdGateTransitTexts","gate|59","Способност да минете през защитата на някого и въпросът дали трябва. Близостта днес е решение, не случайност.","The ability to get through someone's defences, and the question of whether you should. Closeness today is a decision, not an accident."
"HdGateTransitTexts","gate|6","Границите са в игра — кой се приближава и кой не, и търкане там, където това е неясно. Днешният конфликт обикновено е за близостта, не за темата.","Boundaries are in play — who gets close and who does not, and friction where that is unclear. Conflict today is usually about proximity, not about the topic."
"HdGateTransitTexts","gate|60","Ограничение, което няма да се помести, и новото, което идва само от приемането му. Блъскате — нищо не става; приемете — нещо мутира.","A limit that will not move, and the new thing that only comes from accepting it. Push and nothing happens; accept and something mutates."
"HdGateTransitTexts","gate|61","Натиск да знаете защо, който никакъв отговор не облекчава. Оставете въпроса отворен; тази вечер няма да се реши.","Pressure to know why, which no answer relieves. Let the question stay open; tonight it will not be solved."
"HdGateTransitTexts","gate|62","Детайли, имена и ред — денят да направите едно сложно нещо изразимо. Подредете нещо; не изказвайте мнение за него.","Details, names and order — the day for making a complicated thing sayable. Organise something; do not opine about it."
"HdGateTransitTexts","gate|63","Съмнение, насочено към това дали нещо наистина издържа. Насочете го към плана; насочено към хора, прави вреди.","Doubt, pointed at whether this actually holds up. Aim it at the plan; aimed at people it does damage."
"HdGateTransitTexts","gate|64","Глава, пълна с образи от вече приключили неща, разбъркани и шумни. Това не е мислене и няма да се разреши с опитване.","A head full of images from things already finished, out of order and loud. This is not thinking and it will not resolve by trying."
"HdGateTransitTexts","gate|7","Вниманието е върху това кой трябва да води и какъв е планът зад него. Полезното място е до предната редица, не в нея.","Attention on who should be leading and what the plan behind them is. The useful seat is beside the front, not in it."
"HdGateTransitTexts","gate|8","Тегли ви да изнесете нещо и да бъдете видени, докато го правите — и работи по-добре, когато изнесеното е чуждо. Дайте принос; не изнасяйте представление.","A pull to put something forward and be seen doing it — and it works better when what you put forward is somebody else's. Contribute; do not perform."
"HdGateTransitTexts","gate|9","Наличен е тесен фокус и е необичайно дълбок. Изберете единия детайл, който си струва, защото онова, към което го насочите, ще погълне целия ден.","Narrow focus is available and it is unusually deep. Pick the one detail worth it, because whatever you point this at will absorb the whole day."
"HdHangingGateTexts","seeking|1","Носите нещо, което трябва да излезе от вас в собствената си форма, и никаква комисия не може да ви помогне да го оформите. Търсите някой, който може да го чуе и да каже какво е — ухото, което превръща изразеното от вас в нещо, което другите могат да приемат. Без това или го задържате за себе си, или се сърдите на публиката, която сте намерили.","You bring something that has to come out of you in its own form, and no committee can help you shape it. What you look for is someone who can hear it and say what it is — the ear that turns your expression into something other people can receive. Without that you either keep it to yourself or resent the audience you did find."
"HdHangingGateTexts","seeking|10","Имате начин да бъдете себе си, който не можете лесно да оправдаете и няма да изоставите. Търсите човека или средата, които правят това поведение да звучи смислено на глас — изява, посока или инстинкт, идващи от другата страна. Сред грешните хора същата обич към себе си се чете като упорство, включително от вас.","You have a way of being yourself that you cannot easily justify and will not give up. What you look for is the person or the setting that lets that behaviour make sense out loud — expression, direction or instinct arriving from the other side. Around the wrong people the same self-love reads as stubbornness, including to you."
"HdHangingGateTexts","seeking|11","Пълни сте с идеи и нито една от тях не е инструкция — те са картини, които искат да бъдат разказани, не изпълнени. Търсите някой, който може да вземе една и да я превърне в преживяване или разказ, който движи. Да действате по своите идеи, защото никой не е дошъл за тях, е стандартният начин това да се обърка.","You are full of ideas and none of them are instructions — they are pictures that want telling, not doing. You look for someone who can take one and turn it into an experience or a story that moves. Acting on your own ideas because nobody came for them is the standard way this goes wrong."
"HdHangingGateTexts","seeking|12","Можете да кажете нещо красиво, но само понякога — способността идва и си отива с настроението, а насилването произвежда нещо изкуствено. Търсите онзи, който ви дава причината и момента да говорите. Това чакане на вас изглежда като предпазливост, а на всички останали — като променливост.","You can say a thing beautifully, but only sometimes — the ability comes and goes with the mood, and forcing it produces something stilted. You look for whoever gives you the reason and the moment to speak. Waiting for that feels like caution to you and like moodiness to everyone else."
"HdHangingGateTexts","seeking|13","Хората ви казват неща, които не са казвали на никого, и вие ги пазите. Търсите човека, който може да направи нещо с онова, което сте събрали — да превърне събраното минало в посока или в урок. Да го носите цялото, без къде да го сложите, е тежестта, с която този гейт е известен.","People tell you things they have not told anyone, and you keep them. What you look for is the person who can do something with what you have gathered — turn the collected past into a direction or a lesson. Holding it all with nowhere to put it is the weight this gate is known for."
"HdHangingGateTexts","seeking|14","Имате ресурси и работоспособност над онова, което плановете ви изискват, и не сте вие онзи, който решава накъде да отидат. Търсите някой с посока, която си струва да бъде финансирана с енергията ви. Без дадена посока тази мощ се изразходва по онова, което се е случило да е наоколо.","You have resources and the capacity to work that go beyond what your plans require, and you are not the one who decides where they go. You look for someone with a direction worth funding with your energy. Given no direction, this power gets spent on whatever turned up."
"HdHangingGateTexts","seeking|15","Вашият ритъм са крайностите — не можете да задържите равномерен модел и не бива да опитвате, защото диапазонът е смисълът и точно той ви прави търпеливи към чуждата странност. Търсите някой, който доставя постоянния такт, в който се включвате. Съдени за непоследователност, започвате да се извинявате за грешното нещо.","Your rhythm is extremes — you cannot keep a regular pattern and you should not try, because the range is the point and it is what makes you tolerant of other people's oddness. You look for someone who supplies the steady beat you plug into. Judged for inconsistency, you start apologising for the wrong thing."
"HdHangingGateTexts","seeking|16","Имате въодушевление за едно умение и се хвърляте, преди да сте готови — така се учите. Търсите дълбочината, която прави скока да се приземи — някой, който знае занаята достатъчно добре, за да има къде да отиде талантът ви. Сами, ставате много добри в започването и никога не стигате съвсем до майсторство.","You have enthusiasm for a skill and you jump in before you are ready, which is how you learn. You look for the depth that makes the leap land — someone who knows the craft well enough that your talent has somewhere to go. On your own, you get very good at starting and never quite arrive at mastery."
"HdHangingGateTexts","seeking|17","Имате мнения и те идват напълно оформени, което не е същото като да сте прави. Търсите човека, който носи фактите и модела, върху които мнението ви е трябвало да бъде построено. Непроверен, този гейт произвежда много уверени твърдения за неща, които никой не е измерил.","You have opinions and they arrive fully formed, which is not the same as being right. You look for the person who brings the facts and the pattern your opinion should have been built on. Unchecked, this gate produces a lot of confident statements about things nobody measured."
"HdHangingGateTexts","seeking|18","Виждате какво е сбъркано в едно нещо, преди да видите каквото и да е друго, и способността наистина е ценна, когато някой е попитал. Търсите онзи, който носи мярката, спрямо която да се сравнява — иначе поправката ви няма отправна точка и пада върху хората вместо върху работата. Да сте онзи, който критикува непопитан, е целият капан на този гейт.","You see what is wrong with a thing before you see anything else, and the ability is genuinely valuable when someone asked. You look for whoever brings the standard to measure against — otherwise your correction has no reference and lands on people instead of on the work. Being the one who criticises unasked is the whole trap of this gate."
"HdHangingGateTexts","seeking|19","Изключително чувствителни сте към онова, от което хората имат нужда — храна, контакт, успокоение — и го усещате, преди да е казано. Търсите някой, който може да превърне тази чувствителност в принцип или в решение, защото сама по себе си тя само ви прави тревожни за всички. Оставена така, вие осигурявате безкрайно и още не сте сигурни, че е било достатъчно.","You are extremely sensitive to what people need — food, contact, reassurance — and you feel it before it is said. You look for someone who can turn that sensitivity into a principle or a decision, because on its own it just makes you anxious about everyone. Left there, you provide endlessly and are still not sure you have done enough."
"HdHangingGateTexts","seeking|2","В вас има посока, към която не е закачен двигател — знаете накъде трябва да отидат нещата и не можете да ги накарате да отидат там. Търсите хора, които носят тласъка, и сте необичайно склонни да им оставите движението, докато посоката остава ваша. Грешката е да предадете и двете наведнъж.","You have a direction in you that has no engine attached to it — you know where things should go and cannot make them go there. You look for people who bring the drive, and you are unusually willing to let them do the moving as long as the direction stays yours. The mistake is handing over both at once."
"HdHangingGateTexts","seeking|20","Живеете в настоящето и можете да кажете какво е вярно точно сега, но казването не се превръща автоматично в правене. Търсите енергията, знанието или посоката, които дават на думите ви нещо зад тях. Без това ставате човекът, който описва момента съвършено и не помества нищо.","You live in the present tense and can say what is true right now, but the saying does not automatically turn into doing. You look for the energy, the knowing or the direction that gives your words something behind them. Without it you become the person who describes the moment perfectly and moves nothing."
"HdHangingGateTexts","seeking|21","Имате нужда от контрол над собствената си територия — парите, времето, начина си на работа — и ще се борите за нея по-далеч, отколкото е разумно. Търсите някой, чиито ценности правят контрола да си струва да бъде упражнен за нещо друго освен себе си. Незакачен, това се превръща в командване, насочено към най-близкото.","You need control over your own territory — your money, your time, your way of doing it — and you will fight for it further than is reasonable. What you look for is someone whose values make the control worth exercising for something other than itself. Uncoupled, this becomes bossiness aimed at whatever is nearest."
"HdHangingGateTexts","seeking|22","Имате социална лекота, която се появява и изчезва с настроението — отворени и очарователни в една фаза, напълно недостъпни в следващата. Търсите някой, чиито думи дават на отвореността ви форма, в която може да бъде споделена. Съдени за непостоянство, започвате да изпълнявате отворената версия — единственото нещо, което не работи.","You have a social grace that appears and disappears with your mood — open and charming in one phase, entirely unavailable in the next. You look for someone whose words give your openness a shape it can be shared in. Judged as inconsistent, you start performing the open version, which is the one thing that does not work."
"HdHangingGateTexts","seeking|23","Знаете неща във форма, която никой друг не може да проследи, и когато ги казвате в грешния момент, ви наричат странни. Търсите някой, чиято рамка позволява знанието ви да бъде разбрано — преводът е онова, което този гейт чака. Казано в грешната стая, същото изречение ви носи отхвърляне, а не изслушване.","You know things in a form nobody else can follow, and when you say them at the wrong moment you are called strange. You look for someone whose framework lets your knowing be understood — the translation is what this gate waits for. Said into the wrong room, the same sentence gets you dismissed rather than heard."
"HdHangingGateTexts","seeking|24","Една и същата мисъл ви се връща отново и отново и всеки път е малко по-ясна — това не е преживяне, а начинът, по който прозрението наистина се довършва. Търсите онзи, който носи новия натиск или въпроса, който прави следващата обиколка да си струва. Струва си рано да обясните на близките си, че имате нужда да минете отново.","The same thought returns to you again and again, and each time it is slightly clearer — this is not rumination, it is how the insight actually finishes. You look for whoever brings the fresh pressure or the question that makes the next pass worth it. Explaining that you need to go round again is worth doing early with anyone close to you."
"HdHangingGateTexts","seeking|25","Имате начин да обичате, който няма нищо общо с човека пред вас — не е лично, и това е и силата му, и причината да наранява хората. Търсите онзи, който може да му даде форма: сътресение, посвещаване, нещо, което кара всеобщото да се приземи на конкретно място. Неприземено, звучи като студенина от много топъл човек.","You have a way of loving that has nothing to do with the person in front of you — it is not personal, and that is its strength and the reason it wounds people. You look for whoever can give it a form: a shock, an initiation, something that makes the universal land somewhere specific. Unlanded, it reads as coldness from a very warm person."
"HdHangingGateTexts","seeking|26","Можете да представите едно нещо в светлината, в която то работи, и къде минава границата между продаване и лъгане е вашият пожизнен въпрос. Търсите някой, чието усещане за онова, което трябва да се опази, държи разказа ви честен. Без тази проверка този гейт прави много убедителен човек, на когото никой не може напълно да вярва.","You can present a thing in the light that makes it work, and where the line runs between selling and lying is your lifelong question. You look for someone whose sense of what should be preserved keeps your telling honest. Without that check, this gate makes a very persuasive person nobody can quite trust."
"HdHangingGateTexts","seeking|27","Грижите се за хората и ще го правите отвъд точката, в която помага на тях или на вас. Търсите някой с ценностите да каже за какво наистина си струва да се полагат грижи — това спира грижата да стане работа без край. Незакачено, храните всички и наричате изтощението обич.","You look after people, and you will do it past the point where it helps them or you. What you look for is someone with the values to say what is actually worth caring for — that is what stops the caring from becoming a job with no end. Uncoupled, you feed everyone and call the exhaustion love."
"HdHangingGateTexts","seeking|28","Отивате да търсите колко струва един живот и го намирате по трудния начин — в борбата, а не в отговора. Търсите онзи, който може да ви каже кои борби са добрите — различаването, което сами не притежавате. Оставени сами с това, поемате всяка налична трудност и я наричате дълбочина.","You go looking for what a life is worth and you find it the hard way, in the struggle rather than in the answer. You look for whoever can tell you which struggles are the good ones — the discernment you do not have on your own. Left alone with this, you take on every difficulty available and call it depth."
"HdHangingGateTexts","seeking|29","Казвате „да“ с цялото си тяло и го казвате прекалено често, защото самото казване се усеща правилно, независимо на какво сте се съгласили. Търсите някой, който носи онова, за което си струва да се обвържете. Без това този гейт произвежда живот от удържани ангажименти, които не са водили никъде конкретно.","You say yes with your whole body and you say it too often, because the saying itself feels right regardless of what you agreed to. You look for someone who brings the thing worth committing to. Without that, this gate produces a life of honoured commitments that led nowhere in particular."
"HdHangingGateTexts","seeking|3","Носите импулса да започнете нещо ново от бъркотия и той идва без разписание. Търсите някой, който може да задържи новото достатъчно стабилно, за да стане форма. Оставени сами, започванията ви се трупат недовършени и заключавате, че сте непоследователни — а проблемът не е този.","You carry the impulse to start something new out of a mess, and it arrives without a timetable. What you look for is someone who can hold the new thing steady long enough for it to become a form. Left alone, your beginnings pile up unfinished and you conclude you are inconsistent, which is not the problem."
"HdHangingGateTexts","seeking|30","Усещате желание при температура, до която другите хора не стигат, и то се захваща за неща, които не сте избрали да искате. Търсите онзи, който може да сложи тази интензивност във форма — роля, проект, отдушник. Безформена, тя гори през вас и я наричате страст, докато не стане изтощение.","You feel desire at a temperature other people do not reach, and it fixes on things you did not choose to want. You look for whoever can put that intensity into a shape — a role, a project, an outlet. Unshaped, it burns through you and you call it passion until it becomes exhaustion."
"HdHangingGateTexts","seeking|31","Можете да водите, когато ви сложат там, и не можете да се назначите сами — гласът работи само когато стаята вече се е обърнала към вас. Търсите човека или групата, чиято посока и план гласът ви трябва да носи. Да говорите без този мандат е начинът един естествен водач да стане онзи, когото никой не следва.","You can lead when you are put there, and you cannot appoint yourself — the voice works only when the room has already turned to you. You look for the person or group whose direction and plan your voice is meant to carry. Speaking without that mandate is how a natural leader becomes the one nobody follows."
"HdHangingGateTexts","seeking|32","Можете да кажете какво ще издържи и какво не, и знанието идва като страх, а не като анализ. Търсите някой с амбицията наистина да тръгне след онова, което сте отсъдили, че си струва да се пази. Сами с това, ставате човекът, който вижда ясно и никога не се помества.","You can tell what will last and what will not, and the knowing arrives as fear rather than as analysis. You look for someone with the ambition to actually go after the thing you judged worth keeping. Alone with it, you become the person who sees clearly and never moves."
"HdHangingGateTexts","seeking|33","Имате нужда да се оттегляте, а онова, което връщате от оттеглянето, е разказът за случилото се — вие сте онзи, който може да го изрече после. Търсите онзи, който събира материала, който си струва да бъде преразказан. Без това уединението става криене и няма с какво да се върнете.","You need to withdraw, and what you bring back from the retreat is the story of what happened — you are the one who can tell it afterwards. You look for whoever gathers the material worth retelling. Without that, the privacy becomes hiding and there is nothing to come back with."
"HdHangingGateTexts","seeking|34","Имате груба мощ, която работи само когато е заета — не е за говорене и не е за споделяне, и става странна, когато няма какво да прави. Търсите изявата, инстинкта или себе-то, които ѝ дават канал навън. Без работа, това е гейтът, който прави способния човек неспокоен и труден за понасяне.","You have raw power that only works when it is busy — it is not for talking about and not for sharing, and it gets strange when it has nothing to do. You look for the expression, the instinct or the self that gives it a channel out. Idle, this is the gate that makes a capable person restless and hard to be around."
"HdHangingGateTexts","seeking|35","Правили сте огромно количество неща и вече гледате към следващото, защото смисълът е бил преживяването, а не резултатът. Търсите някой, чието чувство дава тежест на едно преживяване, за да спре колекцията да е списък. Незакачено, стигате до края с много истории и с усещането, че не сте изживели нито една.","You have done a great many things and you are already looking at the next one, because the point was the experience and not the result. You look for someone whose feeling gives an experience its weight, so the collection stops being a list. Uncoupled, you arrive at the end with a lot of stories and the sense of having felt none of them."
"HdHangingGateTexts","seeking|36","Влизате в нещата, без да знаете как, а кризата, която следва, е механизмът, а не грешката. Търсите онзи, който може да превърне суровото преживяване в напредък — промяната, която прави преобръщането да си струва. Сами, същата криза се повтаря с различни лица.","You go into things without knowing how, and the crisis that follows is the mechanism rather than the mistake. You look for whoever can turn the raw experience into progress — the change that makes the upheaval worth having gone through. On your own, the same crisis repeats with different faces."
"HdHangingGateTexts","seeking|37","Държите групите заедно с договорки и топлина, и имате нужда ръкостискането да бъде удържано. Търсите някой с волята наистина да изпълни своята страна — това прави от добрите ви намерения семейство или екип. Без това удържате своята страна на сделки, които никой друг не помни да е правил.","You hold groups together with agreements and warmth, and you need the handshake to be honoured. You look for someone with the will to actually deliver their end — that is what makes a family or a team out of your good intentions. Without it, you keep your side of bargains nobody else remembers making."
"HdHangingGateTexts","seeking|38","Ще се борите и имате нужда от нещо, за което си струва — иначе ще се борите с каквото и да е. Търсите онзи, който може да ви каже кои битки имат значение — различаването, което превръща упорството в цел. Ненасочен, този гейт прави живот в противопоставяне без причина в центъра.","You will fight, and you need something worth fighting for or you will fight anything at all. You look for whoever can tell you which battles matter — the discernment that turns stubbornness into purpose. Unaimed, this gate makes a life of opposition with no cause at the centre of it."
"HdHangingGateTexts","seeking|39","Провокирате хората, без да се опитвате, и онова, което излиза от тях, обикновено е истината, върху която са седели. Търсите някой, чийто дух може да поеме провокацията и да я превърне в нещо — иначе сте просто онзи, който разстройва стаята. Да разберете, че въздействието е истинско, а не измислено от другите, променя начина, по който го използвате.","You provoke people without trying to, and what comes out of them when you do is usually the truth they were sitting on. You look for someone whose spirit can take the provocation and turn it into something — otherwise you are simply the one who upsets the room. Learning that the effect is real, and not imagined by others, changes how you use it."
"HdHangingGateTexts","seeking|4","Произвеждате отговори, при това много, и нито един от тях не е доказан от факта, че сте се сетили за него. Търсите някой, който ще ви зададе истинския въпрос и после ще провери дали отговорът ви е издържал — тази проверка превръща умствената ви продукция в нещо използваемо. Непопитани, отговаряте на всичко и ви вярват по грешни причини.","You produce answers, plenty of them, and none of them are proved by the fact that you thought of them. You look for someone who will ask you the real question and then check whether your answer held — that testing is what turns your mental output into something usable. Unasked, you answer everything and are believed for the wrong reasons."
"HdHangingGateTexts","seeking|40","Работите и после имате нужда да сте напълно сами, а самотата не е настроение — тя е цената на работата. Търсите човека, чиято топлина и договорка правят усилието да си струва. Без това осигурявате на всички и бавно спирате да искате да виждате някого от тях.","You work and then you need to be completely alone, and the aloneness is not a mood — it is the price of the work. You look for the person whose warmth and agreement make the effort worth making. Without that, you provide for everyone and slowly stop wanting to see any of them."
"HdHangingGateTexts","seeking|41","Всяко преживяване, което още не сте имали, започва в вас като фантазия, а натискът да започнете е постоянен и не се интересува дали има нещо налично. Търсите онзи, който може да разпознае чувството и да му даде посока. Неразпознато, това става живот от въображаеми преживявания и растящо усещане, че нищо не започва.","Every experience you have not had yet starts as a fantasy in you, and the pressure to begin is constant and does not care whether anything is available. You look for whoever can recognise the feeling and give it a direction. Unrecognised, this becomes a life of imagined experiences and a growing sense that nothing starts."
"HdHangingGateTexts","seeking|42","Вие сте онзи, който може да довърши нещо както трябва, докрай през последната непривлекателна част, и не можете лесно да започнете. Търсите онзи, който носи началото, което си струва да се довърши. Без това ви въвличат в довършване на чужди зарязани проекти и се чудите защо вашият списък не се движи.","You are the one who can finish a thing properly, all the way through the last unglamorous part, and you cannot easily start one. You look for whoever brings the beginning worth completing. Without it you get pulled into finishing other people's abandoned projects and wonder why your own list never moves."
"HdHangingGateTexts","seeking|43","Нещо пристига в вас вече знайно, без стъпки, които можете да покажете, и когато го изречете в грешния момент, ви наричат труден човек. Търсите човека, чийто език може да го изнесе навън — гласът, който прави скока обясним. Неизслушан достатъчно често, този гейт превръща един блестящ ум в мълчалив.","Something arrives in you already known, with no steps you can show, and when you say it out loud at the wrong moment you are called difficult. You look for the person whose language can carry it out — the voice that makes the leap explicable. Unheard often enough, this gate turns a brilliant mind into a silent one."
"HdHangingGateTexts","seeking|44","Можете да подушите какво ще направи един човек, защото разпознавате модела от преди — това е памет, която работи като инстинкт, и обикновено е права за хората. Търсите някой, който може да представи усетеното от вас така, че другите да действат по него. Сами, знаете на кого да не вярвате и не можете да обясните защо на никого.","You can smell what a person is going to do, because you recognise the pattern from before — this is memory working as instinct, and it is usually right about people. You look for someone who can present what you sense in a way that others will act on. Alone, you know who not to trust and cannot explain why to anyone."
"HdHangingGateTexts","seeking|45","Имате естествено право над онова, което принадлежи на вашите хора, и над това как се разпределя, и не се притеснявате от него. Търсите онзи, който може да поеме контрола над самия ресурс, защото вие разпределяте, а не управлявате. Без това председателствате нещо, което всъщност не държите.","You have a natural claim over what belongs to your people and how it gets divided, and you are not shy about it. You look for whoever can take control of the resource itself, because you distribute rather than manage. Without that, you preside over something you do not actually hold."
"HdHangingGateTexts","seeking|46","Живеете в тяло, на което върви — озовавате се на правилното място, без да сте го планирали, и се справяте с неща, защото сте били там. Търсите онзи, който носи обвързването, което превръща късмета в нещо. Незакачен, този гейт дава щастлив живот, в който нищо не се натрупва.","You are in a body that gets lucky — turning up at the right place without planning it, and doing well at things because you were there. You look for whoever brings the commitment that makes the luck into something. Unpartnered, this gate gives a charmed life with nothing accumulating in it."
"HdHangingGateTexts","seeking|47","Връщате се върху случилото се, докато не се получи картина, а докато картината е неоформена, натискът се усеща като задънена улица. Търсите въпроса или рамката, които го разрешават — осъзнаването, което не можете да принудите. Без това сте човекът, който продължава да преживя миналото, и на когото казват да го подмине.","You go back over what happened until it makes a picture, and while the picture is unformed the pressure feels like being stuck. You look for the question or the framework that resolves it — the realisation you cannot force. Without it, you are the person who keeps chewing over the past and is told to move on."
"HdHangingGateTexts","seeking|48","Имате дълбочина, която не можете да демонстрирате по заявка, а страхът, който върви с нея, е страх, че няма да сте достатъчни, когато дойде моментът. Търсите онзи, който може да даде на дълбочината ви отдушник — умението, въодушевлението, сцената. Задържана вътре, това става много способен човек, който никога не изнася съвсем.","You have depth that you cannot demonstrate on request, and the fear that goes with it is a fear of not being adequate when the moment comes. You look for whoever can give your depth an outlet — the skill, the enthusiasm, the platform. Kept in, this becomes a very capable person who never quite delivers."
"HdHangingGateTexts","seeking|49","Знаете мигновено какво ще приемете и какво не, и можете да прекъснете нещо по принцип без много предупреждение. Търсите някой, чиято чувствителност към нуждите на хората държи принципа човешки. Сами с това, този гейт първо отхвърля и после разбира.","You know instantly what you will and will not accept, and you can end something on a principle without much warning. You look for someone whose sensitivity to what people need keeps the principle humane. Alone with it, this gate rejects first and understands later."
"HdHangingGateTexts","seeking|5","Имате нужда от ритъм и го спазвате свято — същия час, същия път, същия ред — и точно това ви прави надеждни. Търсите някой, който се вписва в този ритъм, а не му се възхищава отвън. Да ви извадят от модела ви струва повече, отколкото би струвало на повечето хора.","You need a rhythm and you keep it religiously — the same hour, the same route, the same order — and it is what makes you reliable. What you look for is someone who fits into that rhythm rather than admiring it from outside. Being pulled off your pattern costs you more than it would cost most people."
"HdHangingGateTexts","seeking|50","Носите правилата за онова, за което трябва да се полага грижа, и се чувствате отговорни независимо дали някой ви е назначил. Търсите онзи, който носи практичната грижа, привеждаща ценностите ви в действие. Без това ставате пазител на стандарти, които никой не прилага.","You carry the rules about what has to be looked after, and you feel responsible whether or not anyone appointed you. You look for whoever brings the practical caring that puts your values into action. Without it, you become the guardian of standards nobody is applying."
"HdHangingGateTexts","seeking|51","Отивате там, където другите няма да отидат, и биват изтласквани в ново ниво чрез сътресение, вместо да израствате постепенно. Търсите онзи, който може да даде на сътресението смисъл — обичта или целта, които правят скока повече от смелост. Незакачен, ставате състезателни за неща, които нямат значение.","You go where other people will not, and you get shocked into a new level rather than growing into it gradually. You look for whoever can give the shock a meaning — the love or the purpose that makes the leap more than daring. Uncoupled, you are competitive about things that do not matter."
"HdHangingGateTexts","seeking|52","Можете да седите неподвижно с огромна енергия, задържана на място, и точно тази неподвижност прави съсредоточаването възможно — за вас и за стаята. Търсите онзи, който доставя онова, към което си струва да бъде приложена. Без фокус същата енергия става напрежение без изход.","You can sit still with enormous energy held in place, and that stillness is what makes concentration possible — for you and for the room. You look for whoever supplies the thing worth applying it to. Without a focus, the same energy becomes tension with nowhere to go."
"HdHangingGateTexts","seeking|53","Започвате неща — това е цялото, и не сте онзи, който ги довежда докрай. Търсите онзи, който може да доведе началото до зрялост, и трябва да се примирите с предаването му. Без това животът ви е дълга поредица от начала и обвинението, че никога нищо не довършвате.","You start things — that is the whole of it, and you are not the one who sees them through. You look for whoever can carry the beginning to maturity, and you have to make peace with handing it over. Without that, your life is a long series of openings and the accusation that you never finish anything."
"HdHangingGateTexts","seeking|54","Искате да се изкачите, материално и не само, и тласъкът е неумолим по начин, който не можете да изключите. Търсите онзи, който може да ви каже към какво наистина си струва да се изкачвате. Ненасочена, амбицията се захваща за онова, което е пред вас, и стигате някъде, където не сте искали да сте.","You want to rise, materially and otherwise, and the drive is relentless in a way you cannot switch off. You look for whoever can tell you what is actually worth climbing towards. Unaimed, the ambition attaches to whatever is in front of you and you arrive somewhere you did not want to be."
"HdHangingGateTexts","seeking|55","Настроението ви решава колко пълен изглежда светът и се люлее между изобилие и пустота без причина, която ще откриете някога. Търсите онзи, който може да го провокира до изява — иначе седите в люлката сами. Това е гейтът, при който да разберете, че настроението е време, а не истина, променя най-много.","Your mood decides how full the world looks, and it swings between abundance and emptiness for no reason you will ever locate. You look for whoever can provoke it into expression, or you sit in the swing alone. This is the gate where learning that the mood is weather, not truth, changes the most."
"HdHangingGateTexts","seeking|56","Можете да го разкажете — историята, която кара хората да усетят, че са били там — и имате нужда от нещо, което си струва да се разкаже. Търсите онзи, който носи идеите, които разказът ви може да понесе. Без тях разказвате въпреки това и се чувате как украсявате, за да задържите стаята.","You can tell it — the story that makes people feel they were there — and you need something worth telling. You look for whoever brings the ideas your telling can carry. Without them you tell it anyway, and hear yourself embellishing to keep the room."
"HdHangingGateTexts","seeking|57","Чувате неща — в един глас, в една стая, в секундата преди нещо да се случи — и знанието е мигновено и се дава само веднъж. Търсите онзи, който може да действа по него, да го изрече или да го задържи стабилно. Незачетено, това става най-острата интуиция в стаята, надговорена от хора, които вместо това са мислили.","You hear things — in a voice, in a room, in the second before something happens — and the knowing is immediate and only offered once. You look for whoever can act on it, speak it, or hold it steady. Unheeded, this becomes the most acute intuition in the room being talked over by people who thought about it instead."
"HdHangingGateTexts","seeking|58","Радвате се, че сте живи, по начин, който няма причина, и то излиза като порив нещата да станат по-добри. Търсите онзи, който носи мярката, спрямо която енергията ви трябва да подобрява. Без нея същата жизненост се превръща в критикуване на всичко наоколо.","You are glad to be alive in a way that has no cause, and it comes out as the urge to make things better. You look for whoever brings the standard your energy should be improving against. Without it, the same vitality turns into criticising everything within reach."
"HdHangingGateTexts","seeking|59","Можете да минете през защитата на всеки — това прави този гейт, и не винаги става дума за секс, макар винаги да става дума за близост. Търсите човека, чиято граница прави близостта да значи нещо. Без това пробивате и откривате, че не сте искали да сте вътре.","You can get through anyone's defences — that is what this gate does, and it is not always about sex, though it is always about closeness. You look for the person whose boundary makes the intimacy mean something. Without that, you break through and find you did not want to be inside."
"HdHangingGateTexts","seeking|6","Имате граница, която решава кой се приближава и кога, и тя се отваря и затваря по свой график. Търсите някой, чието присъствие прави отварянето да си струва — близостта е онова, което това довършва във вас, а до тогава получавате търкане. Да обясните затворените фази на хората спестява години недоразумения.","You have a boundary that decides who comes close and when, and it opens and shuts on its own schedule. You look for someone whose presence makes the opening worth it — intimacy is what completes this in you, and friction is what you get until then. Explaining the closed phases to people saves years of misreading."
"HdHangingGateTexts","seeking|60","Живеете с ограничение, с което не можете да спорите, а новото излиза само от приемането му, а не от блъскането в него. Търсите онзи, който може да вземе мутацията, която произвеждате, и да я подреди в нещо. Неприето, ограничението става цялата история и нищо ново не пристига.","You live with a limit you cannot argue with, and the new thing only comes out of accepting it rather than pushing at it. You look for whoever can take the mutation you produce and order it into something. Unaccepted, the limit becomes the whole story and nothing new arrives."
"HdHangingGateTexts","seeking|61","Под натиск сте да знаете защо — не как, а защо — и натискът не се вдига, защото е дошъл отговор. Търсите онзи, който може да превърне натиска в мисъл, която приключва. Без това това е гейтът на лежането без сън с нещо, което дори не можете да формулирате.","You are under pressure to know why — not how, why — and the pressure does not lift because an answer arrived. You look for whoever can turn the pressure into a thought that finishes. Without that, this is the gate of lying awake with something you cannot even formulate."
"HdHangingGateTexts","seeking|62","Имате имената, детайлите и реда на нещата, и сте онзи, който може да направи един сложен въпрос изразим. Търсите онзи, който носи мнението или модела, които си струва да бъдат подредени. Без това произвеждате безупречен детайл за нещо, което никой не е имал нужда да бъде подредено.","You have the names and the details and the order of things, and you are the one who can make a complicated matter sayable. You look for whoever brings the opinion or the pattern worth organising. Without it, you produce impeccable detail about something nobody needed sorted."
"HdHangingGateTexts","seeking|63","Съмнявате се, и съмнението не е слабост — то е въпросът дали това наистина издържа. Търсите онзи, който произвежда формулата или отговора, които съмнението ви трябва да провери. Непроверено, съмнението се обръща навътре и го изразходвате върху себе си и близките си.","You doubt, and the doubt is not a weakness — it is the question that asks whether this actually holds up. You look for whoever produces the formula or the answer your doubt is meant to test. Untested, the doubt turns inward and you spend it on yourself and the people close to you."
"HdHangingGateTexts","seeking|64","Главата ви е пълна с образи от вече случили се неща, разбъркани и неразрешени, а натискът е да им намерите смисъл. Търсите онзи, който може да довърши картината — осъзнаването, което превръща шума в спомен, който можете да оставите. Без това превъртате и го наричате мислене.","Your head is full of images from things that already happened, out of order and unresolved, and the pressure is to make sense of them. You look for whoever can complete the picture — the realisation that turns the noise into a memory you can put down. Without it, you replay and call it thinking."
"HdHangingGateTexts","seeking|7","Виждате кой трябва да е отпред и какъв трябва да е планът зад него, а не сте направени да сте човекът, който стои там. Търсите онзи, който може да го носи публично, докато вие насочвате отстрани. Бутнати сами на първия ред, получавате позицията и губите влиянието.","You can see who should be in front and what the plan behind them ought to be, and you are not built to be the one standing there. You look for the person who can carry it publicly while you steer from beside them. Pushed into the front row yourself, you get the position and lose the influence."
"HdHangingGateTexts","seeking|8","Знаете какво си струва да бъде показано на хората и не можете да го направите ваше — приносът, към който ви тегли, е чужд, а вашата дарба е да знаете, че трябва да се види. Търсите човека, чиято изява можете да подкрепите с тежестта си. Да сте самите вие оригиналният никога не се получава напълно.","You know what is worth putting in front of people and you are unable to make it yours — the contribution you are drawn to is somebody else's, and your gift is knowing it should be seen. You look for the individual whose expression you can put your weight behind. Trying to be the original one yourself never quite works."
"HdHangingGateTexts","seeking|9","Можете да се свиете върху един детайл и да останете там много по-дълго от всеки около вас, а само по себе си това не води никъде. Търсите някой, който доставя онова, което си струва да е във фокуса, или натиска, който ви кара да започнете. Без това фокусът ви пада върху най-близкото, което обикновено не е било важното.","You can narrow down onto one detail and stay there far longer than anyone around you, and on its own it goes nowhere. You look for someone who supplies the thing worth concentrating on, or the pressure that makes you begin. Without it your focus lands on whatever is nearest, which is usually not what mattered."
"HdOpenCenterTexts","conditioning|AJNA","Фалшивият въпрос е „как да изглеждам, че знам?“. Отворената Аджна ви дава ум, който може да поеме всяка рамка и да пробва всяко мнение, но също ви прави да се страхувате да бъдете хванати в незнание — затова изричате неща по-твърдо, отколкото ги чувствате. Цената е, че защитавате позиции, които всъщност не държите, и губите гъвкавостта, която е истинското ви предимство. Опитайте да казвате „още не знам“ на глас и вижте, че нищо лошо не се случва. Сигурността не е вашата работа; способността да мислите в чужда система и после да излезете от нея — това е.","The false question is ""how do I look like I know?"" An open Ajna gives you a mind that can hold any framework and try on any opinion, but it also makes you afraid of being caught not knowing, so you state things more firmly than you feel them. The cost is that you defend positions you do not actually hold, and lose the flexibility that is your real advantage. Try saying ""I don't know yet"" out loud and noticing that nothing bad happens. Certainty is not your job; being able to think in someone else's system and then step out of it again is."
"HdOpenCenterTexts","conditioning|G","Фалшивият въпрос е „кой съм аз и накъде отивам?“ — и е фалшив, защото не сте направени да носите отговора вътре в себе си. С отворен G център и усещането за себе си, и посоката ви идват през мястото, на което сте, и хората, с които сте, и се променят, когато те се променят. Цената са години в търсене на постоянна самоличност и самоосъждане, че я няма. Практичната стъпка е да спрете да работите върху това кой сте и да започнете да внимавате къде сте: правилната стая и правилната компания ви дават посока, до която не бихте стигнали с мислене. Забелязвайте кои места ви връщат при себе си и се връщайте при тях.","The false question is ""who am I and where am I going?"" — and it is false because you are not built to carry an answer around inside you. With the G centre open, both your sense of self and your direction arrive through the place you are in and the people you are with, and they change when those change. The cost is years spent looking for a fixed identity and judging yourself for not having one. The practical move is to stop working on who you are and start being careful about where you are: the right room and the right company give you a direction you could not think your way to. Notice which places make you feel like yourself, and go back to them."
"HdOpenCenterTexts","conditioning|HEAD","Фалшивият въпрос тук е „чий въпрос всъщност се опитвам да отговоря?“. С отворен център поемате мисловния натиск на всички около вас и го приемате за своя домашна работа — гатанки, които никога не са били ваши, вдъхновения, по които се чувствате длъжни да действате. Цената е глава, която не се изключва, и много енергия, изхабена по въпроси, които не променят нищо в живота ви. Поправката е малка и се повтаря: когато един въпрос започне да се върти, попитайте откъде е дошъл и пуснете онези, които не можете да проследите до себе си. Умът ви е направен да се вдъхновява от много неща и да отговаря на почти нито едно.","The false question here is ""whose question am I actually trying to answer?"" With this centre open you pick up mental pressure from everyone around you and treat it as your own homework — puzzles that were never yours to solve, inspiration you feel obliged to act on. The cost is a head that never switches off and a lot of energy spent on questions that make no difference to your life. The correction is small and repeatable: when a question starts spinning, ask where it came from, and let go of the ones you cannot trace back to yourself. Your mind is built to be inspired by many things and to answer almost none of them."
"HdOpenCenterTexts","conditioning|HEART","Фалшивият въпрос е „как да докажа, че струвам?“. Отвореното Сърце прави волята да идва и да си отива, така че в моментите, когато я има, обещавате — а после енергията си тръгва и обещанието остава да стои без вас. Цената е бавно натрупване на неудържани ангажименти, всеки от които добавя към чувството, че трябва отново да се доказвате. Няма какво да доказвате; стойността ви не е дълг. Поемайте кратки ангажименти, казвайте открито, че не можете да гарантирате повече, и оставяйте резултатът да говори вместо обещанието.","The false question is ""how do I prove I'm worth it?"" An open Heart makes willpower come and go, so in the moments when it is present you promise things — and then the energy leaves and the promise stands there without you. The cost is a slow accumulation of broken commitments, each one adding to the feeling that you have to prove yourself all over again. There is nothing to prove; your worth is not a debt. Commit in short pieces, say plainly that you cannot guarantee more, and let the results speak instead of the promises."
"HdOpenCenterTexts","conditioning|ROOT","Фалшивият въпрос е „ако само свърша това, ще спре ли натискът?“. Няма да спре — отвореният Корен превръща всяка задача в спешност и в момента, в който едно нещо приключи, следващото заема мястото му, така че живеете в постоянно бързане, което няма нищо общо с истинските срокове. Цената е претупана работа, решения, взети само за да се отървете от неудобството, и тяло, което никога не се отпуска докрай. Помага да разделите натиска от времето: оставете натиска да си стои неразрешен, докато вършите нещото със скоростта, която наистина му е нужна. Не сте закъснели. Бута ви енергия, която не е ваша, и ще бута независимо дали ѝ се подчинявате.","The false question is ""if I just get this done, will the pressure stop?"" It will not — an open Root turns every task into urgency, and the moment one thing is finished the next takes its place, so you live in a permanent hurry that has nothing to do with real deadlines. The cost is rushed work, decisions made to be rid of the discomfort, and a body that never fully unclenches. What helps is separating pressure from timing: let the pressure sit there, unresolved, while you do the thing at the speed it actually needs. You are not late. You are being pushed by an energy that is not yours, and it will keep pushing whether or not you obey it."
"HdOpenCenterTexts","conditioning|SACRAL","Фалшивият въпрос е „защо не смогвам?“. Без сакрална дефиниция нямате собствен запас от работна енергия — заемате го от онези, които са наоколо, и точно затова можете да изкарате цял ден в правилната компания и да се сринете сами вечерта. Цената е огромна, защото рано научавате, че можете да се насилвате, и продължавате, докато нещо в тялото не ви спре. Поправката е непопулярна и работи: лягайте, преди да сте изморени, а не след това. Почивката не е награда, която заслужавате в края на деня; за вас тя е онова, което прави деня възможен.","The false question is ""why can't I keep up?"" With no sacral definition you do not have your own supply of work energy — you borrow it from whoever is around, which is why you can go all day in the right company and collapse alone in the evening. The cost is enormous, because you learn early that you can push, and you keep pushing until something in the body stops you. The correction is unpopular and it works: lie down before you are tired, not after. Rest is not a reward you earn at the end of the day; for you it is the thing that makes the day possible."
"HdOpenCenterTexts","conditioning|SOLAR_PLEXUS","Фалшивият въпрос е „как да опазя мира?“. С отворен център усещате емоционалното време на другите като свое и се научавате да заглаждате — избягвате честното изречение, съгласявате се рано, оставяте трудното неказано, за да не се обърне настроението на някого. Цената е живот, подреден около удобството на другите, и много обида, която няма къде да отиде. Поправката е да проверите чие е чувството, преди да действате по него: излезте от стаята и вижте дали идва с вас. Повечето от онова, което чувствате в компания, не е ваше, а истината, която непрекъснато преглъщате, е единственото, което си струва да се каже.","The false question is ""how do I keep the peace?"" With this centre open you feel other people's emotional weather as if it were your own, and you learn to smooth things over — avoiding the honest sentence, agreeing early, leaving the difficult thing unsaid so nobody's mood turns. The cost is a life arranged around other people's comfort and a lot of resentment with nowhere to go. The correction is to check whose feeling it is before you act on it; step out of the room and see whether it goes with you. Most of what you feel in company is not yours, and the truth you keep swallowing is the one thing worth saying."
"HdOpenCenterTexts","conditioning|SPLEEN","Фалшивият въпрос е „а ако пусна и стане нещо лошо?“. Отворената Слезка няма своя постоянна алармена система, затова се държи — за работа, за хора, за навици — дълго след като са спрели да са добри, защото страхът да пуснете е по-силен от неудобството да останете. Цената са години вкопчване плюс склонност да събирате здравни тревоги, които са на други хора. Помага да наречете страха страх, а не информация, и да забележите, че почти всичко, което накрая сте пуснали, ви е донесло облекчение. Тялото ви дава сигнали; те просто са по-тихи от паниката.","The false question is ""what if I let go and something bad happens?"" An open Spleen has no steady alarm system of its own, so it holds on — to jobs, to people, to habits — long after they stopped being good, because the fear of letting go is louder than the discomfort of staying. The cost is years of clinging, plus a tendency to collect health worries that belong to other people. What helps is naming the fear as fear rather than as information, and noticing that almost everything you eventually did let go of, you were relieved to be rid of. Your body does give you signals; they are just quieter than the panic."
"HdOpenCenterTexts","conditioning|THROAT","Фалшивият въпрос е „как да ме забележат?“. С отворено гърло усещате тегленето да кажете или да направите нещо, за да бъдете видени, и често говорите преди да има какво да се каже. Цената е прекъсване, запълване на тишината и поемане на работа само защото едно „да“ ви е донесло внимание. Работи обратното: изчакайте наистина да ви попитат — и това ще се случва по-често, отколкото очаквате, защото отвореното гърло прави хората любопитни какво мислите, докато мълчите. Вниманието, което дойде само, струва десет пъти повече от онова, което сте отишли да си вземете.","The false question is ""how do I get them to notice me?"" With the throat open you feel a pull to speak or do something in order to be seen, and you often talk before there is anything to say. The cost is interrupting, filling silences, and taking on work simply because saying yes got you attention. What works instead is waiting until you are actually asked — and you will be, more often than you expect, because an open throat makes people curious about what you are quietly thinking. Attention that arrives on its own is worth ten times the attention you went out and fetched."
"HdParentingTexts","parenting|GENERATOR|EMOTIONAL","Това дете има енергията на генератор и времето на емоционална вълна — значи първият отговор никога не е отговорът. Задавайте затворени въпроси — „искаш ли?“ — но след това кажете на глас, че могат да ви кажат утре, и наистина го спазвайте. Настроението им ще се качва и слиза без причина, която можете да откриете, и грешката на повечето родители е да приемат ниската точка за проблем, който трябва да се реши, или високата за обещание, което трябва да се удържи. И двете са грешни; и двете са време. Оставяйте ги да си променят решението без вина, решавайте важните неща след нощ сън и не изтръгвайте отговор, докато вълната още се движи.","This child has the energy of a Generator and the timing of an emotional wave, which means the first answer is never the answer. Ask closed questions — ""do you want to?"" — but then say out loud that they can tell you tomorrow, and mean it. Their mood will swing without a reason you can find, and the mistake most parents make is treating the low point as a problem to fix or the high point as a promise to hold them to. Neither is true; both are weather. Let them change their mind without shame, decide important things after a night's sleep, and do not force an answer while they are still up or still down."
"HdParentingTexts","parenting|GENERATOR|SACRAL","Задавайте на това дете затворени въпроси и слушайте звука преди думите: „искаш ли да отидем?“ носи истински отговор, „какво искаш да правиш?“ носи измислен. Онова „ъхъ“ или „ъ-ъ“, което излиза от корема, е решението, и то е налично веднага — при сакрално дете няма чакане, но няма и спорене с него. Генераторното дете се пречупва, когато го карат да продължава нещо, на което тялото вече е спряло да казва „да“; фрустрацията е сигнал, не непослушание. Давайте им много неща, на които да отговорят, оставяйте ги да откажат без дебат и пазете съня им — трябва да са в леглото, преди енергията да е свършила.","Ask this child closed questions and listen to the sound before the words: ""do you want to go?"" gets you a real answer, ""what do you want to do?"" gets you a made-up one. The uh-huh or uh-uh that comes out of the belly is the decision, and it is available immediately — there is no waiting with a sacral child, but there is also no arguing with it. What breaks a Generator child is being made to keep going at something the body has stopped saying yes to; frustration is the signal, not bad behaviour. Give them plenty to respond to, let them refuse without a debate, and protect their sleep — they need to be in bed before the energy is spent."
"HdParentingTexts","parenting|MANIFESTING_GENERATOR|EMOTIONAL","Бърза енергия на бавен часовник — това дете иска да започне сега и не може да знае сега дали е правилно. Работата на родителя е да им купи време, без да засрамва импулса: „да, и ще решим утре“, вместо „успокой се“. Ще започват неща на върха на вълната и ще ги зарязват на дъното, затова им помагайте да различават нещо, което е приключило, от нещо, от което просто са се изморили. Учете ги и на информиране, защото се движат, преди да говорят, и после се чудят защо всички са им сърдити. Гневът и фрустрацията заедно не са проблем с дисциплината; те са двата сигнала, че времето е било прескочено.","Fast energy on a slow clock — this child wants to start now and cannot know now whether it is right. The job of the parent is to buy them time without shaming the impulse: ""yes, and let's decide tomorrow"" rather than ""calm down"". They will start things at the top of the wave and abandon them at the bottom, so help them tell the difference between a thing that has finished and a thing they are only tired of. Teach informing at the same time, because they move before they speak and then wonder why everyone is annoyed. Their anger and frustration together are not a discipline problem; they are the two signals that the timing was skipped."
"HdParentingTexts","parenting|MANIFESTING_GENERATOR|SACRAL","Очаквайте това дете да прави четири неща наведнъж и да остави три недовършени, и очаквайте това да е правилно, а не лениво. Задавайте затворени въпроси и се доверявайте на звука от корема; той често ще каже „да“ на започването и по средата просто ще спре да казва „да“ — това е дизайнът, който работи, а не слабост на характера. Единственият навик, който си струва да се учи рано, е информирането: „преди да хукнеш, кажи на хората, които са били част от това“. Без него срещат съпротива навсякъде и не разбират защо, а възрастните ги наричат ненадеждни само защото не са били предупредени.","Expect this child to do four things at once and to leave three of them unfinished, and expect that to be correct rather than lazy. Ask closed questions and trust the gut sound; it will often say yes to starting and, halfway through, plainly stop saying yes — that is the design working, not a failure of character. The one habit worth teaching early is informing: before you dash off, tell the people who were part of it. Without that they meet resistance everywhere and cannot understand why, and they get labelled as unreliable by adults who were simply never told."
"HdParentingTexts","parenting|MANIFESTOR|EGO","Това дете решава от сърцето в най-простия смисъл: какво искам и струва ли си волята ми? Питайте директно дали го искат — не дали трябва — и приемайте отговора буквално, защото желание, което е истинско в тях, е надеждно, а желание, което им е внушено, се разпада. Не използвайте обещанията им като лост; волята им наистина е силна, но е тяхна да я изразходват, и точно принудата да я доказват превръща способното дете в озлобено. Информирането пак важи, както и да не им се пречи, след като са започнали.","This child decides from the heart in the plainest sense: what do I want, and is it worth my will? Ask them directly whether they want it — not whether they should — and take the answer at face value, because a want that is real in them is reliable and a want that has been talked into them collapses. Do not use their promises as leverage; their will is genuinely strong but it is theirs to spend, and being made to prove it is what turns a capable child into a resentful one. Informing still applies, and so does staying out of the way once they have begun."
"HdParentingTexts","parenting|MANIFESTOR|EMOTIONAL","Това дете е тук да започва неща, и най-вредният въпрос, който можете да зададете, е „какво правиш?“ — той се приема като блокиране, а блокираното манифесторно дете или замлъква за години, или се бие с всичко. Заменете контрола с информиране, и в двете посоки: вие им казвате, преди да промените плановете им, и ги учите да казват, преди да променят вашите. Авторитетът им е вълна, така че отговорът на важно нещо не е наличен днес; дайте им нощта. Гневът ще излиза, когато ги прекъснат по средата на започването — приемайте го като информация за вашето време, а не като дефект в характера.","This child is here to start things, and the single most damaging question you can ask is ""what are you doing?"" — it lands as a block, and a blocked Manifestor child either goes quiet for years or fights everything. Replace control with informing, in both directions: you tell them before you change their plans, and you teach them to tell you before they change yours. Their authority is a wave, so the answer to anything important is not available today; give them the night. Anger will come out when they are interrupted mid-initiation — treat it as information about your timing rather than a character flaw."
"HdParentingTexts","parenting|MANIFESTOR|SPLENIC","Манифесторно дете със спленичен авторитет решава в един миг и само веднъж. Ако кажат „не“ на водата, на храната, на човека — първият път е целият отговор, а ако попитате отново след пет минути, ще получите измислен отговор от ума. Това е детето, чийто инстинкт за място или за непознат струва повече от вашите разсъждения, затова го приемайте сериозно пред него. Учете го да информира, не му пречете на започнатото и разберете, че гневът им е онова, което се случва, когато ги спрат, а не когато са недоволни от вас. Работят внезапно и тихо; бавните обяснения не ги стигат.","A Manifestor child with splenic authority decides in an instant and only once. If they say no to the water, the food, the person — the first time is the whole answer, and asking again five minutes later gets you a made-up reply from the mind instead. This is the child whose instinct about a place or a stranger is worth more than your reasoning, so take it seriously in front of them. Teach informing, keep out of the way of what they start, and understand that their anger is what happens when they are stopped, not when they are unhappy with you. Sudden and quiet is how they work; slow explanations do not reach them."
"HdParentingTexts","parenting|PROJECTOR|EGO","При това дете полезният въпрос винаги е „искаш ли?“, и отговорът е обвързващ в двете посоки — ако желанието го няма, никакви доводи няма да произведат довеждане до край, а ако го има, волята е изненадващо издръжлива. Дарбата им е да виждат как работят другите хора и тя има нужда от покана, за да излезе; несподелен съвет от проекторно дете се приема за нахалство. Признавайте ги на глас, канете ги и не превръщайте обещанията им в изпит по характер. Изморяват се по начин, който изглежда като неохота и не е — почивка рано и често.","With this child the useful question is always ""do you want to?"", and the answer is binding in both directions — if the want is not there, no amount of reasoning will produce the follow-through, and if it is there, the will is surprisingly durable. Their gift is seeing how other people work, and it needs an invitation to come out; unasked advice from a Projector child gets read as cheek. Recognise them out loud, invite them in, and do not turn their promises into a test of character. They tire in a way that looks like reluctance and is not — rest early, and often."
"HdParentingTexts","parenting|PROJECTOR|EMOTIONAL","Това дете вижда неща за хората, които дете не би трябвало да може да види, и ги казва на глас — и после бива наказано за това, така проекторът се научава да спре да говори. Изчаквайте да ви поканят в онова, което правят, питайте, вместо да нареждате, и ги признавайте по име за онова, което са забелязали, а не за това колко са свършили. Нямат генераторна енергия: следобед с активности, който друго дете би харесало, ги оставя изцедени, а да легнат, преди да са изморени, не е леност. С емоционална вълна отгоре, никакъв важен отговор не е наличен днес — дайте му нощ и ги оставете да променят решението си сутрин.","This child sees things about people that a child should not be able to see, and says them out loud — and then gets punished for it, which is how a Projector learns to stop speaking. Wait to be invited into what they are doing, ask instead of directing, and recognise them by name for what they noticed rather than for how much they achieved. They do not have Generator energy: an afternoon of activities that another child would enjoy leaves them flattened, and lying down before they are tired is not laziness. With an emotional wave on top, no important answer is available today — give it a night and let them change their mind in the morning."
"HdParentingTexts","parenting|PROJECTOR|MENTAL","Всичко в това дете е отворено, така че почти всичко, което чувства и мисли, идва отвън — и ще ви поднася заета сигурност като своя. Няма вътрешен авторитет за консултация, което звучи тревожно, а не е: тяхната насока е средата. Приемайте сериозно къде спят, кое училище, в чия къща прекарват следобедите, защото тези избори решават много повече от всеки разговор. Оставяйте ги да обсъждат с няколко доверени хора и приемайте говоренето като събиране на данни, никога като гласуване. Признанието и почивката пак управляват деня, а грешната стая ще ги изтощи по-бързо от всякаква работа.","Everything about this child is open, so almost everything they feel and think arrives from outside — and they will present borrowed certainty as their own. There is no inner authority to consult, which sounds alarming and is not: their guidance is the environment. Take seriously where they sleep, which school, whose house they spend afternoons in, because those choices decide far more than any conversation will. Let them talk things through with several trusted people and treat the talking as data-gathering, never as a vote. Recognition and rest still rule the day, and the wrong room will exhaust them faster than any amount of work."
"HdParentingTexts","parenting|PROJECTOR|SELF_PROJECTED","Това дете намира отговора, като се чуе да го казва. Вашата работа е да сте човекът, на когото могат да говорят, без да ги съветват: оставяйте ги да мислят на глас за избора и слушайте гласа, не аргумента — той се повдига при правилния отговор и се снишава при грешния, често докато думите казват обратното. Не давайте мнението си, докато не свършат; една присъда от възрастен, дадена рано, затваря целия процес. Имат нужда и от посока отвън — значи мястото и компанията са по-важни от плана, а въпросите за самоличността нямат отговор, до който можете да им помогнете да стигнат с мислене.","This child finds the answer by hearing themselves say it. Your job is to be the person they can talk at without being advised: let them think out loud about the choice, and listen to the voice rather than the argument — it lifts on the right answer and goes flat on the wrong one, often while the words say the opposite. Do not give your opinion until they have finished; one adult verdict too early and the whole process closes down. They also need direction from outside, which means the place and the company matter more than the plan, and identity questions have no answer you can help them think their way to."
"HdParentingTexts","parenting|PROJECTOR|SPLENIC","Остри очи и еднократен инстинкт: това дете знае в първата секунда дали едно място или човек е правилен, и не може да възпроизведе това знание по заявка. Питайте веднъж, вярвайте на първия отговор и никога не ги разпитвайте до втори. Живеят от признание — да бъдат видени за онова, което са забелязали, поканени, а не инструктирани — а горчивината расте, когато ги подминават или бутат. Пазете енергията им внимателно: ще догонват другите деца, докато внезапно спрат да могат, затова слагайте почивка в деня, преди да е нужна, а не след това.","Sharp eyes and a one-time instinct: this child knows in the first second whether a place or a person is right, and cannot reproduce that knowing on demand. Ask once, believe the first answer, and never interrogate them into a second one. Recognition is what they live on — being seen for what they noticed, invited rather than instructed — and bitterness is what grows when they are overlooked or pushed. Guard their energy carefully: they will keep up with the other children until they suddenly cannot, so build rest into the day before it is needed rather than after."
"HdParentingTexts","parenting|REFLECTOR|LUNAR","Това дете е огледало и онова, което отразява, е вашият дом. В добра седмица изглежда като различен човек от лоша седмица, и разликата обикновено не е в него — тя е в това кой е бил наоколо и как се е усещала стаята. Нищо важно не бива да се решава бързо; дайте на голям избор почти месец и гледайте как изглежда в различни моменти, защото яснотата им идва от изминалото време, а не от усещане в тялото. Подбирайте компанията им по-внимателно от занятията, пазете им дълги периоди да бъдат оставени сами и никога не искайте от тях последователност. Разочарованието е знакът, че са били припирани или държани там, където не им е добре.","This child is a mirror, and what it mirrors is your household. On a good week they seem like a different person from a bad week, and the difference is usually not in them — it is in who has been around and what the room has felt like. Nothing important should be decided quickly; give a big choice most of a month and watch how it looks at different points, because their clarity comes from time passing rather than from a feeling in the body. Choose their company with more care than their activities, protect long stretches of being left alone, and never ask them to be consistent. Disappointment is the sign that they have been rushed or kept somewhere that does not suit them."
"HdVariableTexts","determination|APPETITE_ALTERNATING","Експериментът: редувайте. Яжте, спрете, преди да е свършено, върнете се по-късно; или нека един ден е лек, а следващият по-пълен. Апетитът ви не е предвиден да е постоянен и точно натрапването на три равни хранения на ден прави храненето задължение. Пробвайте да оставите нещо в чинията умишлено и вижте дали следобедът минава по-добре.","The experiment: alternate. Eat, stop before it is finished, come back to it later; or let one day be light and the next fuller. Your appetite is not meant to be steady, and forcing three equal meals a day onto it is what makes food feel like a chore. Try leaving something on the plate on purpose and see whether the afternoon goes better."
"HdVariableTexts","determination|APPETITE_CONSECUTIVE","Експериментът: едно нещо в даден момент, подред. Пробвайте хранене от една храна, вместо чиния с пет неща, и яжте, когато апетитът наистина се появи, а не когато часовникът каже. Смесените чинии и постоянното похапване обикновено ви оставят тежки и неопределено неразположени, без явен виновник. Същият модел обикновено важи и за информацията — една тема, докато приключи, после следващата.","The experiment: one thing at a time, in order. Try meals built from a single food rather than a plate with five things on it, and eat when the appetite actually shows up instead of when the clock says so. Mixed plates and grazing tend to leave you heavy and vaguely unwell without an obvious culprit. The same pattern usually holds for information — one subject until it is finished, then the next."
"HdVariableTexts","determination|LIGHT_DIRECT","Експериментът: ярко, и по възможност отгоре или от прозорец. Пробвайте да се храните и да работите на добре осветени места, излизайте навън рано през деня и приемайте полутъмните стаи като нещо, което тихо ви източва, а не като уют. Когато сте отпаднали без причина, проверете светлината, преди да проверявате храната.","The experiment: bright, and preferably from above or from a window. Try eating and working in properly lit places, get outside early in the day, and treat dim rooms as something that quietly drains you rather than as cosiness. When you feel flat for no reason, check the light before you check the food."
"HdVariableTexts","determination|LIGHT_INDIRECT","Експериментът: светлина, която идва отстрани, а не в лицето. Пробвайте лампи вместо осветление от тавана, сянка вместо пълно слънце, място с прозорец до вас, а не пред вас. Резката пряка светлина сякаш държи това тяло напрегнато, и голяма част от онова, което минава за умора в края на деня, е точно това. По-затъмнено, отколкото предпочитат другите, вероятно е правилно за вас.","The experiment: light that arrives sideways rather than at you. Try lamps instead of ceiling lights, shade instead of full sun, a seat with the window beside you rather than in front of you. Harsh direct light seems to put this body on edge, and a lot of what passes for tiredness at the end of the day is that. Dimmer than everyone else prefers is likely to be right for you."
"HdVariableTexts","determination|SOUND_HIGH","Експериментът: яжте и работете там, където има живот наоколо. Звукът сякаш е част от начина, по който това тяло приема нещата — оживена кухня, музика, разговор на масата, кафене вместо празен апартамент. Пълната тишина по-скоро ви прави неспокойни, отколкото спокойни. Ако концентрацията все се разпада в тиха стая, пробвайте по-шумна, преди да се насилвате повече.","The experiment: eat and work where there is life going on. Sound seems to be part of how this body takes things in, so a busy kitchen, music, conversation at the table, a café instead of an empty flat. Total silence tends to make you uneasy rather than calm. If concentration keeps failing in a quiet room, try a noisier one before you try harder."
"HdVariableTexts","determination|SOUND_LOW","Експериментът: тишина, докато приемате каквото и да е. Пробвайте да ядете без телевизор, без разговор, без телефон — и забележете колко от онова, което сте наричали проблем със стомаха, е било проблем с шума. Същото важи за четенето и за всичко, което трябва да поемете както трябва. Да поискате тишина на масата е законна молба, не грубост.","The experiment: quiet while you take anything in. Try eating without the television, without conversation, without your phone — and notice how much of what you called a stomach problem was a noise problem. The same goes for reading and for anything you need to absorb properly. Asking for silence at the table is a legitimate request, not rudeness."
"HdVariableTexts","determination|TASTE_CLOSED","Експериментът: малък репертоар, направен добре. Не сте направени да сте авантюристи с храната, и когато ви убеждават да опитате всичко на масата, това е реална цена, а не учтивост. Намерете няколкото неща, които ви понасят, приготвяйте ги както ги искате и ги повтаряйте, без да се извинявате. Новото място е в останалата част от живота ви, не в чинията.","The experiment: a small repertoire, well made. You are not built to be adventurous with food, and being talked into tasting everything at the table is a real cost rather than politeness. Find the handful of things that agree with you, prepare them the way you like, and repeat them without apologising for it. Novelty belongs in the rest of your life, not on the plate."
"HdVariableTexts","determination|TASTE_OPEN","Експериментът: оставете вкусът да избира, в момента, и оставете го да се променя. Да решавате предварително какво ще ядете обикновено се обръща срещу вас — докато храната стигне пред вас, апетитът се е преместил. Пазарувайте и гответе за възможности, а не за план, и приемайте внезапното силно предпочитание като информация, а не като липса на дисциплина.","The experiment: let taste choose, in the moment, and let it change. Deciding in advance what you will eat tends to go wrong for you — by the time the food is in front of you the appetite has moved. Shop and cook for options rather than for a plan, and treat a sudden strong preference as information rather than as a lack of discipline."
"HdVariableTexts","determination|THIRST_CALM","Експериментът: разделете пиенето от храненето. Пробвайте вода доста преди или доста след хранене, а не по време на него, и забележете дали храната лежи различно. Постоянното сръбване през деня най-вероятно е навик, взет от други хора, а не ваша нужда. Тихо и без бързане е условието, при което това тяло приема нещата както трябва.","The experiment: separate drinking from eating. Try water well before or well after a meal rather than during it, and notice whether the meal sits differently. Constant sipping through the day is likely to be a habit picked up from other people rather than a need of yours. Quiet and unhurried is the condition under which this body takes things in properly."
"HdVariableTexts","determination|THIRST_NERVOUS","Експериментът: пийте с храната и пийте по-често, отколкото си мислите, че е нужно. Това тяло сякаш иска течност като част от приемането на всичко — супи, сосове, чаша под ръка — и става неспокойно и разпиляно, когато остане сухо. Ако не можете да се съберете следобед, пробвайте вода, преди да пробвате пауза.","The experiment: drink with the food, and drink more often than you think you need to. This body seems to want liquid as part of taking anything in — soups, sauces, a glass at hand — and it gets restless and scattered when it goes dry. If you find yourself unable to settle in the afternoon, try water before you try a break."
"HdVariableTexts","determination|TOUCH_COLD","Експериментът: по-хладно, отколкото е удобно на всички останали. Пробвайте сурова и студена храна, студено изплакване в края на душа, по-хладна стая за сън, по-малко слоеве от човека до вас. Прегряването прави това тяло тъпо и тежко, а поправката обикновено е температура, не почивка. Приемете сериозно това, че сте човекът, който отваря прозореца.","The experiment: cooler than everyone else finds comfortable. Try raw and cold food, a cold rinse at the end of the shower, a cooler room to sleep in, fewer layers than the person next to you is wearing. Overheating makes this body dull and heavy, and the fix is usually temperature rather than rest. Take being the one who opens the window seriously."
"HdVariableTexts","determination|TOUCH_HOT","Експериментът: топло, сготвено и после отново топло. Пробвайте супи и яхнии вместо салати, топла напитка с храненето, топла стая, и вижте дали нещата се смилат по-лесно и настроението се уравновесява. Студената храна и студените стаи карат това тяло да се свива и да замлъква по начин, който бъркат с лошо настроение. Това, че сте човекът, който иска отоплението, не е капризност.","The experiment: warm, cooked, and warm again. Try soups and stews over salads, a hot drink with the meal, a warm room, and see whether things digest more easily and the mood steadies. Cold food and cold rooms tend to make this body contract and go quiet in a way that gets mistaken for a bad temper. Being the one who wants the heater on is not fussiness."
"HdVariableTexts","environment|CAVES_SELECTIVE","Затворени пространства с един вход, който вие контролирате. Малка стая, врата, която можете да затворите, ъгъл с гърба към стената — и в по-широк смисъл ситуации, в които вие решавате кой влиза. Големите отворени пространства с хора, които минават зад вас, ще ви изтощават, без да забележите. Избирайте по-малкия кабинет.","Enclosed spaces with one way in that you control. A small room, a door you can shut, a corner with your back to the wall — and, in the wider sense, situations where you decide who gets in. Big open-plan spaces with people moving behind you will wear you down without your noticing. Choose the smaller office."
"HdVariableTexts","environment|CAVES_WET","Затворено, и с известна топлина и влага във въздуха. Полуподземни стаи, които не са мокри, но не са и сухи, помещения с растения, баня, която харесвате, кухня с нещо на печката. Сухите климатизирани кутии са грешната черупка за вас, дори когато иначе са идеални. Да сте сгушени на топло е работно условие, не глезотия.","Enclosed, and with some warmth and moisture in the air. Basements that are not damp but not dry either, rooms with plants, a bathroom you like, a kitchen with something on the stove. Dry, air-conditioned boxes are the wrong shell for you even when they are otherwise ideal. Being tucked in somewhere warm is a working condition, not indulgence."
"HdVariableTexts","environment|KITCHENS_DRY","Същото правене, но чисто и сухо: тезгях, бюро с подредени инструменти, работилница, в която всичко има място. И вие преобразувате нещата, но имате нужда процесът да е овладян, а не разлян. Влажните, натъпкани, импровизирани пространства ви смущават повече, отколкото би трябвало. Дайте си добре подредената работна стая и резултатът се променя.","The same making, but clean and dry: a bench, a desk with tools laid out, a workshop where everything has a place. You transform things too, but you need the process contained rather than spilling. Damp, cluttered, improvised spaces disturb you more than they should. Give yourself the well-organised workroom and the output changes."
"HdVariableTexts","environment|KITCHENS_WET","Места, където нещо се прави и правенето се вижда и е разхвърляно. Кухня, ателие с разстелена работа, работилница по средата на задача, лаборатория. Оживявате там, където има процес в движение, а не там, където се излагат резултати. Подредените витрини и завършените пространства ви оставят без работа.","Places where something is being made and the making is visible and messy. A kitchen, a studio with the work spread out, a workshop mid-job, a lab. You come alive where a process is under way rather than where results are displayed. Tidy showrooms and finished spaces leave you with nothing to do."
"HdVariableTexts","environment|MARKETS_EXTERNAL","На ръба на движението, гледайки го. Маса до прозореца на оживеното място, кабинет над улицата, мястото в края на реда — достатъчно близо, за да виждате всичко, достатъчно далеч, за да не сте вътре. Да ви бутнат в средата на тълпата ви изтощава; да сте откъснати от нея ви прави неспокойни. Ръбът е работната позиция.","On the edge of the traffic, watching it. A table by the window of the busy place, an office above the street, the seat at the end of the row — near enough to see everything, far enough not to be in it. Being pushed into the middle of the crowd exhausts you; being cut off from it makes you restless. The edge is the working position."
"HdVariableTexts","environment|MARKETS_INTERNAL","В средата на движението, а не до него. Кръстовища, входове, стаята, през която хората минават, кафенето на оживения ъгъл — работите най-добре вътре в потока, където нещата и хората продължават да пристигат. Тихите квартали и задните помещения ви застояват. Ако работата не върви, проверете дали не са ви сложили там, където нищо не минава.","In the middle of the traffic, not beside it. Crossroads, entrances, the room people pass through, the café at the busy corner — you work best inside the flow, where things and people keep arriving. Quiet suburbs and back rooms make you stale. If a job goes badly, look at whether you have been put somewhere nothing passes."
"HdVariableTexts","environment|MOUNTAINS_ACTIVE","Над нещата, и вършейки нещо оттам. Високи етажи, изглед, повдигнато бюро, място, до което е трябвало да се изкачите — и в по-широк смисъл позиции с обща гледка, от която действате. Да сте в ямата без видимост е онова, което прави работата безсмислена за вас. Поискайте стаята горе.","Above things, and doing something from up there. High floors, a view, a raised desk, a place you had to climb to — and in the wider sense, positions with an overview from which you act. Being down in the pit with no line of sight is what makes work feel pointless to you. Ask for the room upstairs."
"HdVariableTexts","environment|MOUNTAINS_PASSIVE","Над нещата, наблюдавайки. Същата височина и изглед, но не ви е отредено да управлявате онова, което виждате — стойността ви е самата гледна точка и онова, което забелязвате от нея. Да ви завлекат надолу в работата ви отнема точно това, за което сте добри. Пазете високото място и пазете разстоянието.","Above things, watching. The same height and view, but you are not meant to be running what you see — your value is the vantage point itself and what you notice from it. Being dragged down into the operation costs you the thing you are good for. Keep the high seat and keep the distance."
"HdVariableTexts","environment|SHORES_ARTIFICIAL","Същият ръб, но построен. Балкон, тераса, прозорец на последния етаж, мост, последният ред сгради, преди нещо да се отвори. Имате нужда от направена граница, на която да стоите и от която да гледате навън — и в по-широк смисъл, от ясно определена позиция на границата на две системи. Апартамент в средата на блок без изглед бавно ви сплесква.","The same edge, but built. A balcony, a terrace, a top-floor window, a bridge, the last row of buildings before something opens up. You need a made boundary to stand on and look out from — and in the wider sense, a clearly defined position at the border of two systems. A flat in the middle of a block with no outlook slowly flattens you."
"HdVariableTexts","environment|SHORES_NATURAL","Линията, където едно нещо свършва и друго започва, направена от природата, а не от хората. Брегове, речни корита, ръбът на гората, последната къща преди полето. Установявате се на границите и мислите най-добре, докато гледате някоя. И дълбоко в града, и дълбоко в провинцията са грешни за вас — ръбът между тях е правилният.","The line where one thing ends and another begins, made by nature rather than by people. Coasts, riverbanks, the edge of the woods, the last house before the fields. You settle at boundaries, and you do your best thinking while looking at one. Deep inside a city or deep inside the countryside are both wrong for you — the edge between them is right."
"HdVariableTexts","environment|VALLEYS_NARROW","Между две неща, в тесния проход. Коридори, входове, мястото между два отдела, ролята, която свързва едната страна с другата — и преносно, всяка позиция, през която всичко трябва да мине. Широко отворените пространства ви разпиляват; определеният канал ви фокусира. Търсете тясното място и застанете в него.","Between two things, in the narrow passage. Corridors, doorways, the seat between two departments, the role that connects one side to another — and figuratively, any position where everything has to come through you. Wide open spaces scatter you; a defined channel focuses you. Look for the bottleneck and stand in it."
"HdVariableTexts","environment|VALLEYS_WIDE","Пак между нещата, но с място. Ниско, широко пространство с хълмове, видими от двете страни, голяма стая с ясни граници, роля между два свята, без да сте притиснати от нито един. Тесните помещения ви правят клаустрофобични и непродуктивни; безкрайното пространство не ви дава по какво да се ориентирате. Широко, с видими краища.","Still between things, but with room. A low, broad space with the hills visible on either side, a large room with clear edges, a role that sits between two worlds without being squeezed by either. Tight quarters make you claustrophobic and unproductive; a boundless space gives you nothing to orient by. Wide, with edges in sight."
"HdVariableTexts","intro|determination","Как тялото ви приема нещата. Това е частта от картата, която си струва да се пробва, вместо да се вярва: направете от нея експеримент за няколко седмици и запазете онова, което променя нещо. Не е диетичен или медицински съвет и не замества нищо, което лекар ви казва.","How your body takes things in. This is the one part of the chart that is worth trying rather than believing: run it as an experiment for a few weeks and keep what changes something. It is not dietary or medical advice, and it replaces nothing a doctor tells you."
"HdVariableTexts","intro|environment","Видът пространство, в което работите и почивате добре. Приемайте го и буквално — стаи, светлина, тавани, къде е вратата — и по-широко, като формата на една ситуация. От всичко в хюман дизайна това е най-евтиното за проверка: сменете стаята и вижте.","The kind of space in which you work and rest well. Take it both literally — rooms, light, ceilings, where the door is — and loosely, as the shape of a situation. Of everything in Human Design this is the cheapest to test: change the room and see."
"HdVariableTexts","intro|motivation","Онова, което наистина ви задвижва, под причините, които изтъквате. Когато живеете своя дизайн, работи тихо и почти не го забелязвате; когато не — превръща се в шумната си версия и започва да управлява решенията ви.","What actually sets you in motion, underneath the reasons you give. When you are living your own design it works quietly and you barely notice it; when you are not, it turns into its loud version and starts running your decisions."
"HdVariableTexts","intro|perspective","Онова, което виждате първо във всяка ситуация. Не е мнение, а леща — нещото, върху което вниманието ви пада, преди да сте мислили — и е най-полезното, което имате да дадете на другите, стига да не го приемате за цялата картина.","What you see first in any situation. It is not an opinion but a lens — the thing your attention lands on before you have thought about it — and it is the most useful thing you have to offer other people, provided you do not mistake it for the whole picture."
"HdVariableTexts","motivation|DESIRE","Движи ви желанието нещата да станат нещо друго — включително вие самите. В вас има преобразуваща жилка: виждате какъв може да стане един човек, една работа или едно място, и бутате натам. Извън курса това се превръща в управляване на живота на другите вместо тях и наричане на това помощ. Държано честно, е тласъкът, който наистина променя нещата — стига променяното да го е поискало.","You are moved by wanting things to become something else — yourself included. There is a reforming streak in you: you see what a person, a job or a place could be and you push towards it. Off-course that becomes managing other people's lives for them, and calling it help. Kept honest, it is the drive that actually changes things, provided the thing being changed asked for it."
"HdVariableTexts","motivation|FEAR","Движи ви онова, което трябва да се наблюдава. Това не е малодушие — то е око за онова, което може да се обърка, и ви прави човекът, който проверява изходите, чете договора и задава въпроса, който никой не е искал зададен. Извън курса се превръща в подозрение към всичко и всички, и започвате да се пазите от неща, които никога не са идвали. Разликата е дали страхът е насочен към нещо конкретно, или се е превърнал във времето, в което живеете.","You are moved by what needs to be watched. This is not cowardice — it is an eye for what could go wrong, and it makes you the person who checks the exits, reads the contract, and asks the question nobody wanted asked. Off-course it turns into suspicion of everything and everyone, and you start protecting against things that were never coming. The difference is whether the fear is pointed at something specific or has become the weather you live in."
"HdVariableTexts","motivation|GUILT","Движи ви оправянето на нещата. Забелязвате несправедливото в една ситуация — човекът, с когото са се отнесли зле, обещанието, което е било изпуснато — и го усещате като нещо, което трябва да се поправи. Извън курса се разделя на носене на вина, която не е ваша, и раздаване на вина на другите; и двете изтощават и нито едно не поправя нищо. Чистата версия е поправка без присъда.","You are moved by putting things right. You notice the imbalance in a situation — the person who was treated badly, the promise that was dropped — and you feel it as something to be corrected. Off-course it splits into carrying blame that is not yours and handing blame to others, both of which are exhausting and neither of which repairs anything. The clean version is repair without a verdict."
"HdVariableTexts","motivation|HOPE","Движи ви онова, което още може да излезе добре. Носите очакване, че нещата ще се отворят, и другите го заемат от вас — което наистина е полезно, защото някой трябва да държи вратата отворена. Извън курса се превръща в чакане: надяване вместо действие и оставане в ситуации далеч след момента, в който нещо ще се промени. Надеждата е двигател, не план.","You are moved by what could still turn out well. You carry an expectation that things will open up, and other people borrow it from you — which is genuinely useful, because someone has to keep the door open. Off-course it becomes waiting: hoping instead of acting, and staying in situations long past the point where anything is going to change. Hope is a motor, not a plan."
"HdVariableTexts","motivation|INNOCENCE","Не ви движи нищо конкретно, и точно там е смисълът. Действате без сметка, посрещате нещата, както идват, и често сте най-нестратегичният човек в стаята — точно затова хората ви вярват. Извън курса започвате да сте хитри: добавяте причина, изчислявате ъгъла, преценявате какво би било умно. Никога не ви отива, а другите усещат момента, в който започва.","You are moved by nothing in particular, and that is the point. You act without an agenda, meet things as they arrive, and are often the least strategic person in the room — which is exactly why people trust you. Off-course you start being clever: adding a reason, working out the angle, calculating what would be smart. It never suits you, and other people can feel the moment it starts."
"HdVariableTexts","motivation|NEED","Движи ви онова, което е нужно сега — на вас или на човека пред вас. Това ви прави практични и бързи да видите липсата, и хората разчитат на вас точно за това. Извън курса нуждите се множат, докато нищо не стига, и се улавяте да набавяте, подреждате и осигурявате далеч над всичко, което някой е поискал. Въпросът, който си струва, е чия е нуждата и още ли е нужда.","You are moved by what is needed now, by you or by whoever is in front of you. It makes you practical and quick to see the gap, and people rely on you for exactly that. Off-course the needs multiply until nothing is ever enough, and you find yourself acquiring, arranging and providing far beyond anything anyone asked for. The question worth asking is whose need it is and whether it is still a need."
"HdVariableTexts","perspective|PERSONAL","Виждате през онова, което ви се е случило. Собственият ви опит е инструментът, което прави казаното от вас конкретно и достоверно по начин, по който теорията никога не е. Капанът е очевидният: животът ви е една извадка. Когато се хванете да започвате изречение с онова, което ви се е случило, си струва да попитате дали случаят на този човек наистина е същият.","You see through what has happened to you. Your own experience is the instrument, which makes what you say concrete and believable in a way that theory never is. The trap is the obvious one: your life is one sample. When you catch yourself starting a sentence with what happened to you, it is worth asking whether this person's situation is actually the same."
"HdVariableTexts","perspective|POSSIBILITY","Виждате в какво може да се превърне едно нещо. Там, където другите виждат стая, работа или човек такива, какви са, вие виждате версията, която още не съществува, и да я опишете е едно от по-полезните неща, които правите за хората. Капанът е да предпочитате възможната версия толкова много, че да спрете да се занимавате с действителната.","You see what a thing could become. Where others see a room, a job or a person as they are, you see the version that does not exist yet, and describing it is one of the more useful things you do for people. The trap is preferring the possible version so much that you stop dealing with the actual one."
"HdVariableTexts","perspective|POWER","Виждате къде наистина стои силата. Кой решава, кой само изглежда, че решава, каква е истинската валута в тази стая — прочитате го, преди разговорът да е свършил, и рядко бъркате титлата с власт. Използвано чисто, ви прави много трудни за манипулиране. Капанът е да четете всичко като ход за власт, включително онова, което е било просто уморен човек.","You see where the power actually sits. Who decides, who only appears to decide, what the real currency is in this room — you read that before the conversation has finished, and you rarely mistake a title for authority. Used cleanly it makes you very hard to manipulate. The trap is reading everything as a power move, including the things that were just somebody being tired."
"HdVariableTexts","perspective|PROBABILITY","Виждате онова, което е вероятно. Вниманието ви сортира ситуациите на онова, което обикновено се случва, и онова, което почти никога — и сте човекът, когото си струва да попитат, преди да се вземе решение. Капанът е, че вероятността не е сигурност, а хората я чуват като такава — включително вие, когато малко вероятното е онова, на което сте се надявали.","You see what is likely. Your attention sorts situations into what usually happens and what almost never does, and you are the person worth asking before a decision is made. The trap is that a probability is not a certainty and people hear it as one — including you, when the unlikely thing is the one you were hoping for."
"HdVariableTexts","perspective|SURVIVAL","Виждате онова, което държи едно нещо живо. Във всеки план вниманието ви отива право към това дали може да издържи — парите, енергията, слабото място, което ще поддаде първо — докато всички останали още се възхищават на идеята. Това ви прави непопулярни рано и прави прави късно. Капанът е да приемете собствената си аларма за всеобща присъда; не всеки риск е заплаха.","You see what keeps a thing alive. In any plan your attention goes straight to whether it can last — the money, the energy, the weak point that will give first — while everyone else is still admiring the idea. That makes you unpopular early and right late. The trap is mistaking your own alarm for a universal verdict; not every risk is a threat."
"HdVariableTexts","perspective|WANTING","Виждате какво искат хората. Не онова, което казват — а онова, към което наистина се протягат, често преди самите те да го знаят, което ви прави добри във всичко, свързано с предусещане на човек. Капанът е да подредите собствения си живот около чуждото искане, докато вече не можете да кажете какво искате вие.","You see what people want. Not what they say — what they are actually reaching for, often before they know it themselves, which makes you good at anything that involves anticipating a person. The trap is arranging your own life around other people's wanting until you cannot say what you want yourself."
"HouseMeanings","byHouse|1","Първият дом описва начина, по който се показвате пред другите и първото впечатление, което оставяте — външен стил, тон на поведението и първите ви реакции. Тази област отразява начин на самоизразяване, инициативност и начина, по който предприемате нови начала. Може да акцентира върху тялото и здравето, както и върху самосъзнанието. Практически, работете върху искреното присъствие, малките жестове на увереност и експериментите със себеизява, които ви помагат да се чувствате по-цялостни и видими.","The first house describes how you present yourself and the first impression you make: appearance, manner, and initial responses. It reflects self-expression, initiative, and how you begin new cycles. This area often relates to bodily presence and personal identity — the style you adopt and the confidence you project. Practically, cultivate authentic presence through small, consistent actions, experiment with how you express yourself, and develop embodied habits that support healthier self-image and decisive beginnings."
"HouseMeanings","byHouse|10","Домът на публичния образ и кариерата показва как се позиционирате пред света — репутация, професионални амбиции, отговорности и авторитетните фигури около вас. Тази област говори за дългосрочна цел, публични постижения и начина, по който искате да бъдете видяни и оценени. Може да насочва към предприемачество, служба, лидерство или ролята, която наследявате. Предизвикателствата включват размиване между професионалния и личния живот; полезно е да изграждате етика, последователност и да обмислиш какво наследство желаеш да оставиш.","The tenth house concerns your public standing: career, reputation, authority you answer to, and the authority you become. It governs long-term goals, visible achievements, and the role you play in society. Career shifts, responsibility, and leadership ambitions often show here, along with how you want to be recognized. Tensions can arise between public image and private needs. Practically, this house invites clarity about professional ethics, steady work toward goals, mentoring or managing responsibilities, and shaping a reputation that aligns with your deeper values."
"HouseMeanings","byHouse|11","Домът на приятелите и надеждите насочва към социалните мрежи, групите и каузите, към които се присъединявате, както и към визията за бъдещето, която носите. Тук се срещат съмишленици, колективни проекти, технологични и иновативни идеи и връзки, които подпомагат вашите дългосрочни цели. Може да носи подкрепа и възможности, но и риск от групово мислене или компромис с индивидуалността. Практически: инвестирайте в автентични отношения, прегледайте дали групите отразяват ценностите ви и използвайте мрежата за обща реализация на цели.","The eleventh house covers friends, groups, and the hopes and projects that point toward your future. It governs networks, collective goals, causes, and the communities where you find practical support and shared vision. This area can bring collaboration, technological or progressive initiatives, and social capital — but also groupthink or loss of individuality if you bend too much to the collective. Practically, cultivate authentic friendships, choose groups that reflect your values, and use networking as a resource for long-term projects and meaningful social change."
"HouseMeanings","byHouse|12","Дванадесетият дом насочва към онова, което е скрито, тихо и често несъзнавано. Тук попадат самотата, тайните, подсъзнателните модели, духовните практики, институционалните опити (болници, затвори, отшелничество) и процесите на изкупление или завършване. Темите на този дом може да се проявят чрез сънища, чувствителност към колективното поле или чрез ситуации, които ни подтикват към оттегляне и вътрешна работа. Това не означава липса, а канал за пречистване и интеграция: когато се работи съзнателно, слабостите тук често се превръщат във скрит ресурс или духовна зрялост.","The 12th house points to what is hidden, solitary, and often unconscious. It covers solitude, secrets, shadow patterns, spiritual practice, institutions (hospitals, retreats), and processes of closure or atonement. Themes here may surface through dreams, subtle sensitivities, or circumstances that push you inward and toward private work. The house can indicate places where you withdraw to heal, or where boundaries blur. It does not mean something is missing, but rather a field for inner integration: with conscious attention, 12th-house material often becomes a quiet resource or deeper wisdom."
"HouseMeanings","byHouse|2","Вторият дом насочва към личните ресурси, стойността, която придавате на нещата, и начините, по които създавате сигурност — приходи, умения, притежания и усещане за собствена стойност. Тази сфера често оглежда отношението ви към парите като отражение на вътрешни ценности. Практически, фокусът може да бъде върху изграждане на доходи, управление на харчовете, развиване на умения, които носят стабилност, и укрепване на самочувствието извън материалните вещи.","The second house points to personal resources, possessions, and the values that shape your sense of security — income, skills, things you own, and your feeling of self-worth. It often reflects how financial matters mirror internal values. Practically, this house encourages building reliable income streams, mindful budgeting, developing skills that increase earning potential, and separating inner worth from material accumulation. The work here is practical stewardship: cultivate what you value and let money serve those priorities rather than define them."
"HouseMeanings","byHouse|3","Третият дом управлява ежедневната комуникация, близкото обкръжение, кратките пътувания и учебния стил. Тук се проявяват братя и сестри, съседите, колеги по квартални проекти и начинът, по който обменяте информация — говорене, писане, пътувания на кратки разстояния и социални медии. Тази област насърчава любопитство, яснота и адаптивност; предизвикателствата могат да включват прибързано говорене или повърхностни впечатления. Практически, работете върху слушането, структурирането на идеите и използването на близките мрежи за учене и обмен.","The third house governs everyday communication, the immediate environment, short trips, and learning style. It includes siblings, neighbors, local contacts, and the channels through which you exchange information — speaking, writing, commuting, and quick journeys. This area encourages curiosity, clarity, and adaptability but can also bring impatience or superficial chatter. Practically, cultivate attentive listening, organize your ideas before sharing, and use local or digital networks for learning and collaboration. Short-term plans, errands, and skill-based learning often play out here."
"HouseMeanings","byHouse|4","домът, семейните корени и емоционалната сигурност","home, family roots, and emotional security"
"HouseMeanings","byHouse|5","игра, творчество, романтика и лично самоизразяване","play, creativity, romance, and personal self‑expression"
"HouseMeanings","byHouse|6","ежедневна работа, здраве и рутинни грижи","daily work, health, and everyday routines"
"HouseMeanings","byHouse|7","близки връзки и партньорства","close relationships and partnerships"
"HouseMeanings","byHouse|8","Домът на споделеното и на скритото често насочва към теми като чужди пари (включително дългове, заеми и наследства), интимните връзки, силните емоционални привързаности и кризите, които променят живота ви. Тази област говори за трансформацията, за това кое умира и кое се ражда отново — и за начините, по които сте уязвими или зависими. Може да включва табута, психологическа дълбочина и силови динамики в отношенията. Практически: изследвайте границите и споделянето, разглеждайте финансовите договори внимателно и използвайте терапия или ритуали за интеграция и възстановяване.","The eighth house often points to what’s shared and what’s hidden: other people’s money (debts, loans, inheritances), deep emotional bonds, and the losses or crises that transform you. It’s a territory of psychological depth, taboos, power dynamics, and intimate dependence — where endings lead to rebirth. Issues of control versus surrender, secrecy, and joint resources tend to surface here. Practically, this area invites clear agreements about money and boundaries, honest work with fear and desire, and using therapy or ritual for healing and regeneration."
"HouseMeanings","byHouse|9","Домът на разширяването и търсенето насочва вниманието към пътувания, висше образование, философия, вяра и смисъл. Тук се появяват учителите, законът, чуждите култури и опитите, които разширяват перспективата ви. Може да означава дълги пътувания, формално или неформално обучение, публикуване, духовни практики и търсене на “по-голямата картина”. Предизвикателствата включват догматизъм или повърхностно разбиране; полезно е да се упражнява критично мислене, културна чувствителност и готовност да промените вярванията си чрез опит.","The ninth house relates to broadening horizons: travel, higher education, philosophy, belief systems, and the search for a larger framework of meaning. It brings teachers, law, foreign cultures, and experiences that expand how you understand the world. Expect long journeys, study, publishing, or spiritual quests to feature here. The risk is settling into rigid dogma; the opportunity is to test beliefs against real experience. Practically, this house encourages travel, honest study, teaching or sharing learned insights, and staying open to new paradigms that reshape your worldview."
"HouseMeanings","shortByHouse|1","начина, по който се показвате","the way you come across"
"HouseMeanings","shortByHouse|10","мястото ви пред света","your standing in public"
"HouseMeanings","shortByHouse|11","приятелите и надеждите","friends and what you hope for"
"HouseMeanings","shortByHouse|12","самотата и невидимото","solitude and what stays out of sight"
"HouseMeanings","shortByHouse|2","парите и притежанията","money and what you own"
"HouseMeanings","shortByHouse|3","ежедневното говорене и близките наоколо","everyday talk and the people close by"
"HouseMeanings","shortByHouse|4","дома и семейството","home and family"
"HouseMeanings","shortByHouse|5","играта, създаването и романтиката","play, creating and romance"
"HouseMeanings","shortByHouse|6","ежедневната работа и здравето","daily work and health"
"HouseMeanings","shortByHouse|7","близките връзки","close relationships"
"HouseMeanings","shortByHouse|8","споделеното и скритото","what is shared and what is hidden"
"HouseMeanings","shortByHouse|9","широкия свят и убежденията","the wider world and what you believe"
"MidheavenInSign","entries|mc_aquarius","Публичният ви стил често се отличава с оригиналност и нестандартен подход. Подходящи са ви роли, свързани със системи, технологии, социални мрежи, групова организация или реформа — там където установеният начин спира да работи, вие често предлагате алтернатива. Може да ви видят като иноватор или като човека, който въвежда промяна. Възможни напрежения включват емоционално дистанциране или непредсказуемост; ползотворно е да канализирате независимостта си в колективни проекти и да обсъждате идеите си, за да получат опора.","Your public identity often stands out for originality and an unconventional approach. Roles involving systems, technology, social networks, group work or reform suit you — precisely where the established method has stopped working, you can propose alternatives. You may be seen as an innovator or someone who introduces change. Tensions can include emotional detachment or unpredictability; channeling your independence into collective projects and communicating ideas clearly helps them gain traction and practical impact."
"MidheavenInSign","entries|mc_aries","Пред света често сте онзи, който тръгва пръв — инициативен, бърз в решенията и склонен да поема риск. Кариерата ви може да наподобява серия от пробиви и нови старти, а не плавно изкачване. Това носи енергия и видимост, но и риск от импулсивни избори или изгаряне. Полезно е да канализирате огнения импулс в проекти с ясни, краткотрайни цели, да практикувате търпение при дългосрочни планове и да обмисляте колаборации, които смекчават нуждата да носите всичко сами.","In public you’re often the one who goes first — quick to start, decisive and willing to take risks. Your career path can feel like a series of bold launches rather than a steady climb. That brings energy and visibility but also a tendency toward impulsive choices or burnout. It can help to channel your drive into short, focused projects, build routines for longer-term goals, and learn to share initiative with reliable partners so you don’t have to carry every risk alone."
"MidheavenInSign","entries|mc_cancer","Във видимата ви роля често изпъква грижата и защитата — дори ако титлата не казва „грижовен/а“, вашият подход е емпатичен и ангажиран. Подходящи са професии свързани с дом, семейство, храна, безопасност, социална подкрепа или емоционално обслужване. За да сте ефективни, често трябва да се чувствате лично вложени. Внимавайте обаче да не пренесете прекалено много лична уязвимост в публичната сфера; полезно е да създавате граници и устойчиви структури, които да подкрепят вашата емпатия без да изтощават.","Your public role often highlights caretaking and protection — even if your job title doesn’t say so, you tend to show empathy and personal investment. Careers involving homes, family, food, safety or social support suit you best. You’re most effective when you feel emotionally connected, but there’s a risk of carrying too much personal vulnerability into the public sphere. Establishing healthy boundaries and systems lets you sustain care over the long term without becoming depleted."
"MidheavenInSign","entries|mc_capricorn","Публичният ви образ е материализиран чрез дисциплина, структура и постепенен напредък. Често поемате отговорности рано и сте склонни да строите кариера стъпка по стъпка — титли, стандарти и институционална стабилност имат значение. Признанието може да дойде по-късно, но е по-трайно. Опасността е в изтощителната амбиция, прекалената сериозност или поставянето на работата пред личния живот; полезно е да установите граници и да намерите смисъл в това, което градите, а не само в общественото одобрение.","Your public standing is shaped by discipline, structure and a slow, steady climb. You often take responsibility early and build your position step by step; titles, standards and institutional respect matter. Recognition may arrive later but tends to be enduring. The tension can be excessive ambition, workaholism or putting career ahead of personal life; setting clear boundaries and finding meaning in the work itself — not just in external approval — helps sustain long-term success."
"MidheavenInSign","entries|mc_gemini","Публичният ви образ често е свързан с думите, връзките и обмена на информация. Може да се отличавате като говорител, учител, медиатор или мултитаскинг професионалист, който управлява няколко проекта едновременно. Предпочитате разнообразие пред едно тясно определение на длъжността, но има риск да разпилеете енергия или да останете на повърхността на темите. Помага да структурирате идеите си в ясни послания, да избирате постоянни партньорства и да комбинирате ширина с дълбочина, когато е необходимо.","Your public image often centers on words, connections and information flow. You may be known as a communicator, teacher, networker or someone juggling several roles rather than a single narrow title. Variety suits you, but there’s a risk of scattering focus or staying superficial. It’s useful to package your ideas into clear messages, commit to a few reliable collaborations, and balance breadth with occasional deep dives so your versatility translates into a coherent professional identity."
"MidheavenInSign","entries|mc_leo","Вашето публично място често изисква видимост и творческо лидерство. Признанието може да ви служи като гориво за по-добра работа — не просто като суета, а като ресурс, който подхранва вашия принос. Подходящи са роли, в които вашето име и принос са ясно свързани с резултата. Рискът е да търсите одобрение на всяка цена или да пренебрегнете екипната работа. Практически подход: развивайте уменията си, споделяйте вниманието и използвайте сцената за вдъхновение, а не само за потвърждение.","Your public position often calls for visibility and creative leadership. Recognition tends to function as fuel — not mere vanity, but a resource that amplifies your work. Roles where your contribution is openly connected to your name suit you well. The downside can be seeking applause at the expense of substance or sidelining teamwork. Practically, hone your craft, distribute the spotlight when possible, and use visibility to inspire others as well as to validate yourself."
"MidheavenInSign","entries|mc_libra","Публичният ви образ се оформя силно от начина, по който работите с хората — представяте идеи, посредничите и търсите справедливо решение. Това е видимо в професионални срещи, преговори и ситуации, в които трябва да балансирате различни интереси. Ще разпознаете трудността, когато желанието всички да ви харесват ви пречи да заемете ясна позиция. Конструктивният изход е да съчетаете дипломацията с ясни принципи и да казвате спокойно какво приемате и какво не.","Your public role often runs through relationships: representing others, mediating, pairing things up and creating agreeable balance. You do well where taste, diplomacy and fairness matter. You may face the tension between wanting to be liked and needing to take a decisive stand, tending toward compromise. It helps to clarify your values and standards so you can assert yourself when required while still using your skill at connecting people and ideas."
"MidheavenInSign","entries|mc_pisces","Публичната посока при вас може да бъде нелинейна и емпатична; принудително структуриране рядко дава добри резултати. Подходящи са ви изкуство, грижа, лечение, духовни практики и дейности, които изискват въображение и интуиция. Публичните роли могат да са нежни, скрити или трансформативни, и често изискват от вас да изградите съзнателно ясни граници и професионални рамки. Рискове са размиване на аза, прекомерно отдаване или неясна публична идентичност; полезно е да съчетаете чувствителността с устойчиви практики и структури, които защитават енергията ви.","Your public direction may be non‑linear and compassionate; forcing a rigid path rarely serves you well. Roles in the arts, caregiving, healing, or spiritual work fit — anything that requires imagination and empathy. Public roles can be subtle, transformative or behind-the-scenes, and you may need to deliberately build clear boundaries and professional frameworks. Risks include blurred identity, overgiving or lack of visibility; pairing sensitivity with practical routines and containers helps protect your energy and make your gifts sustainable."
"MidheavenInSign","entries|mc_sagittarius","Публичният ви образ често се свързва с разширени хоризонти: преподаване, пътувания, издаване, философия или духовни убеждения. Може да ви познават като човек, който вижда голямата картина и иска да я сподели — в медии, образование, международни контакти или културни мостове. В професията търсите свобода и разнообразие; работа, ограничена до едно място или рутинна процедура, бързо ви задушава. Внимавайте с нетърпението към детайла и склонността да обещавате повече, отколкото можете да изпълните; практичен план и последователност ще ви помогнат да превърнете визията си в устойчив успех.","Your public persona often reflects a wider horizon: teaching, travel, publishing, philosophy or faith. You may be known as someone who frames the big picture and wants to share it — in media, education, international work or cultural exchange. Professionally you seek freedom and variety; a job stuck in one room or rigid routine will feel limiting. Watch for impatience with details and the tendency to overpromise; pairing expansive vision with concrete steps and steady follow-through helps turn ideals into reliable achievements."
"MidheavenInSign","entries|mc_scorpio","Привлича ви работа с подсъзнателното, трансформацията и онова, което другите избягват да обсъждат открито. Репутацията ви често носи интензитет и тежест — хората може да ви възприемат като сериозен, резолютен или търсещ дълбочина. Власт и влияние може да идват чрез дискретност, терапевтичен или изследователски подход и способността да стоите спокойно пред трудни истини. Внимавайте с тенденцията към манипулация или прекалено затвореност; етичната прозрачност и канали за безопасно споделяне правят силата по-устойчива.","You’re drawn to work with the hidden, the transformational and what others prefer not to discuss openly. Your reputation often carries intensity and gravity — you may be seen as resolute, probing, or depth-oriented. Authority can come through discretion, investigative or therapeutic roles, and the ability to face difficult truths without flinching. Be mindful of tendencies toward secrecy or manipulation; ethical transparency and safe channels for powerful work make your influence more sustainable and trustworthy."
"MidheavenInSign","entries|mc_taurus","Репутацията ви често се гради бавно, но остава устойчива — щом нещо е свършено от вас, то често издържа теста на времето. Подходящи са занимания, които изискват постоянство, материално изкуство, финансова отговорност или управление на ресурси. Пътят към признание може да изглежда бавен и натрупващ се; това е предимство, но също така може да води до съпротивление към промяна. Практически съвет: изграждайте здрави системи, инвестирайте в качество и приемайте периодични иновации, за да избегнете застой.","Your reputation tends to be built slowly and to endure — what you produce often stands the test of time. Careers involving steadiness, craftsmanship, money management or handling tangible resources suit you. Growth usually comes by accumulation rather than sudden leaps, which is stabilizing but can make you resistant to change. Practically, focus on creating reliable systems, investing in quality, and allowing occasional innovation so your slow growth doesn’t calcify into stagnation."
"MidheavenInSign","entries|mc_virgo","Репутацията ви често се гради върху професионализъм, точност и внимание към детайла. Хората ви ценят като човек, който поправя грешките, усъвършенства процеси и внася системност. Подходящи са занимания, изискващи експертиза, анализ и служба. Съществува тенденция към прекомерна самокритика или да оставате зад кулисите, защото предпочитате да работите, а не да блестите. Практически съвет: показвайте системите и методите си, учете другите — това засилва общественото признание без да компрометира интегритета ви.","Your standing often rests on professionalism, precision and attention to detail. You’re valued as the person who fixes errors, refines processes and brings systems to work. Careers needing expertise, analysis or service suit you well. There’s a tendency toward self-criticism or preferring to stay behind the scenes rather than seek the spotlight. It can help to make your methods visible, teach what you know, and let your competence become the public face of your work."
"MoonInSign","entries|moon_aquarius","Нужно ви е отстъпване към себе си — да гледате чувствата отстрани и да запазите емоционална автономия. Най-спокойни сте, когато не се очаква от вас да отговаряте на нечии емоционални правила. Близостта по чужд график може да ви направи по-хладни, не по-топли; пространството ви утешава, не означава безразличие. Връзките може да проявявате чрез общи каузи и интелектуална връзка, но има риск от дистанциране. Полезно: създайте ясни граници и малки жестове на топлина, които се чувстват автентични.","You need space to step back and view your feelings objectively, and you’re most at ease when nobody demands emotional availability on their timetable. Closeness scheduled by others tends to cool you rather than warm you; distance can be comforting rather than indifferent. You often express attachment through shared ideals or group belonging, which can be rewarding but may feel impersonal. Practical guidance: set clear boundaries while offering chosen, authentic gestures of warmth to deepen connection without losing autonomy."
"MoonInSign","entries|moon_aries","Успокоявате се, като действате. Когато оставите чувството да ври в себе си, то често става по-интензивно, затова реагирате бързо и директно и обикновено бързо ви минава. Нуждаете се от място, където избликът е позволен и не се държи срещу вас. Полезно е да намерите конструктивен изход — физическа активност, кратък разговор или конкретна задача — и да практикувате малка пауза преди реакция, за да избегнете изгаряне на мостове.","You calm down by taking action. Letting a feeling smoulder inside often makes it bigger, so you tend to react quickly and speak plainly, moving on before others have caught up. You need a space where a flare-up is acceptable and won’t be held against you. Constructive outlets — exercise, a direct conversation, or a task you can finish — help. Practice a brief pause before responding to avoid burning bridges and to channel your courage productively."
"MoonInSign","entries|moon_cancer","Имaте нужда да принадлежите — на място или на човек. Грижата ви идва почти автоматично: помните дребни факти, пазите домашния ритъм и пазите хората близо. Когато сте наранени, по-често затваряте в себе си, вместо да кажете какво ви боли. Чувството, че сте нужни и приети, ви дава сигурност, но може да ви кара да пренебрегвате собствените граници. Практикувайте ясно споделяне и приемане на помощ, за да подхранвате и давате здравословно.","You need to belong — to a place or a person. Caring comes almost automatically: you remember small details, maintain household rhythms, and protect those close to you. When hurt, you’re more likely to withdraw inward than to say what’s wrong. Feeling needed and accepted gives you a sense of safety, but it can also lead you to neglect boundaries. Practicing clear expression of needs and allowing others to care helps you nurture in a balanced, sustainable way."
"MoonInSign","entries|moon_capricorn","Емоциите ви се справят чрез действие и организация — поемате задачите и чувствата се отлагат, докато не усетите контрол. Често сте били отговорният човек рано и молбата за помощ може да ви се струва като признание за слабост. Дисциплината ви дава стабилност, но долу може да се натрупват нерешени нужди и тъга. Полезно е да практикувате умишлено време за изразяване, да разрешавате уязвимостта си по малки крачки и да приемате, че опитът да контролирате всичко може да изтощи.","You tend to manage feelings by taking charge and organizing circumstances; emotions are often postponed until things feel under control. You may have been the responsible one early on, so asking for help can feel like a failure rather than an option. Your self-discipline brings stability but can lead to accumulated, unprocessed needs. Constructive steps: schedule regular check‑ins with yourself, allow small acts of vulnerability, and practice accepting support as a functional, not failing, choice."
"MoonInSign","entries|moon_gemini","Преработвате преживяванията чрез говорене и смяна на гледни точки — когато нещо бъде назовано, ви става по-леко, понякога след няколко обяснения. Тишината може да ви буди тревога. Склонни сте да интелектуализирате чувствата, да ги дисектирате и да ги размествате от дума в дума, което понякога ви отдалечава от самото им усещане. Полезно е да комбинирате вербализацията с писане, разходка или ритуал, който помага емоцията да бъде изпитана, а не само описана.","You process by talking and trying different angles — once a feeling is named, it usually feels lighter, sometimes after several rounds. Silence can feel threatening. You often intellectualize emotion, dissecting it until it becomes a concept rather than a lived sensation. Pairing conversation with journaling, movement, or a small ritual helps you actually feel what you talk about instead of just explaining it. That steadies scattering and deepens connection."
"MoonInSign","entries|moon_leo","Нуждаете се от топлина, отправена лично към вас, не просто общо одобрение. Когато я получавате, сте щедри и сияещи; без нея се чувствате невидими и може да започнете да търсите внимание. Малък искрен жест или лично признание често достига по-далеч от голямо, безлично възхищение. Канализирайте нуждата от признание в творческо изразяване, лидерство или грижа за деца/проекти, и се пазете от тенденцията да драматизирате, за да получите потвърждение.","You need warmth directed at you personally, not generic approval. With that attention you become generous and radiant; without it you can feel invisible and start seeking notice. A small, sincere gesture matters more to you than a large impersonal compliment. Channel this need into creative expression, leadership, or caring for projects and people, and watch for tendencies to perform or dramatize just to be seen. Authenticity carries more reward than spectacle."
"MoonInSign","entries|moon_libra","Разстройват ви напреженията във взаимоотношенията, дори когато нямат директно отношение към вас. Стабилността намирате, като изглаждате недоразумения и създавате хармония — това ви прави приятна компания, но често поставяте нуждите на другите пред собствените. Има риск да изгубите позицията си в стремежа към мир. Практикувайте да изразявате желанията си спокойно и да поставяте граници, като едновременно търсите справедливост и естетично равновесие в отношенията.","Conflict in a room unsettles you, even when it’s not about you. You steady yourself by smoothing misunderstandings and creating harmony — a skill that makes you pleasant company, but it can also leave your needs last. There’s a risk of losing yourself in the pursuit of peace. Practicing calm self-expression and setting boundaries helps you maintain fairness and aesthetic balance in relationships without sacrificing your own priorities."
"MoonInSign","entries|moon_pisces","Често попивате настроенията около вас без да искате, затова ви трябва време сам, за да различите кое е ваше. Творчески практики, вода, сън и музика ви възстановяват и помагат да обработите преживяванията. Добротата и съпричастността ви са силни, но и правят казването на „не“ по-трудно, което може да ви изтощава. Практически подход: работете с утвърдени граници и ритуали за възстановяване, учете се да назовавате нуждите си и да си давате почивка.","You easily absorb the moods around you, so solitude helps you sort out which feelings truly belong to you. Creative outlets, water, sleep and music restore you and provide psychic reset. Your compassion is genuine, but it can make saying no difficult and lead to emotional fatigue. Helpful habits: establish grounding rituals, set gentle but clear boundaries, and use artistic or restful practices to process empathy without losing yourself."
"MoonInSign","entries|moon_sagittarius","Имате нужда от простор и движение — физическо или интелектуално. Свободата, пътуванията, идеите за бъдещето и чувството за посока ви успокояват повече от успокоителни думи. Когато сте задушени или ограничени, ставате неспокойни и може да се шегувате с тежки моменти, за да не ги преживявате. Честата склонност към оптимизъм и прямота носи ентусиазъм, но и риск да пренесете проблемите на заден план. Практически подход: запазете възможности за учене и движение и намерете начин да давате на емоциите време да се случат.","You do best with room to breathe — physical or intellectual. Freedom, travel, big ideas and a sense of direction calm you more than reassurance. When confined you can grow restless and tend to defuse heavy moments with humor instead of sitting with them. Your optimism and frankness bring energy but can also postpone needed emotional work. Practical suggestions: build projects that allow movement and learning, and create small practices that let feelings be acknowledged rather than pushed aside."
"MoonInSign","entries|moon_scorpio","Чувствате всичко на пълна сила и показвате малко от това на повърхността. Доверието се дава бавно, проверява се тихо и може да бъде отнето окончателно. Търсите дълбочина и интензитет; интимността за вас е трансформационна, но също така може да носи ревност или контрол. Полезно е да намерите поне един човек или среда, които не се плашат от искреността ви, и да използвате творческата или терапевтичната експресия като безопасен канал за интензивните си емоции.","You feel things intensely and show little of it on the surface. Trust is given slowly, tested quietly, and withdrawn decisively. You seek depth and transformation; intimacy is profound for you but can also bring jealousy or control dynamics. It helps to have at least one person or environment that doesn’t flinch at your intensity, and to use creative or therapeutic outlets as safe channels for powerful emotions. Practicing small acts of vulnerability can make closeness less risky."
"MoonInSign","entries|moon_taurus","Успокоявате се чрез тялото и рутината: храна, познати места, любимата чаша, стабилна дневна рутина. Често ви е трудно да се разстроите и бавно прощавате; утехата за вас е предимно физическа, не вербална. При твърде много раздрусване може да замръзнете или да се оттеглите. Полезно е да създадете безопасни ритуали за самоподдържане, да отделяте пространство за промяна в малки стъпки и да позволите на надеждността да ви помогне да превърнете устойчивостта в избор, а не в заяждане.","You soothe yourself through the body and steady routines: food, familiar places, a trusted mug, predictable rhythms. You’re often slow to upset and slow to forgive; comfort for you tends to be physical rather than spoken. When shaken, you may resist change or withdraw. Creating gentle rituals for self-care, allowing small incremental changes, and deliberately choosing steadiness rather than stubbornness can help you stay open while preserving your need for security."
"MoonInSign","entries|moon_virgo","По-добре се чувствате, когато нещата са подредени — списъкът е написан, чекмеджето е сортирано, проблемът е назован. Често показвате грижа с практична помощ и полезни действия, а тревогата ви може да ви кара постоянно да поправяте нещо. Ще усетите дисбаланса, когато отлагате собствената си почивка, защото винаги има още една задача. Конструктивният изход е да приемете, че грижата не изисква съвършенство, да поставяте граници и да оставяте време за възстановяване.","You feel better when things are in order — the list written, the drawer sorted, the issue named. Caring for others often takes the form of practical help; worry becomes your way of attending. You show love by being useful rather than by saying it, and you tend to postpone rest. Learning to honor your need for downtime, set boundaries, and accept that imperfection does not equal lack of care will make your service sustainable. Small restorative rituals help."
"PlanetInHouseLines","entries|chiron_1","Въпросът как се представяте пред света остава отворен и често се усеща още в първите минути с нови хора — може да сте чувствителни към преценки, външния вид или първото впечатление. Тази уязвимост ви прави и по-наясно как другите функционират, което ви дава дарбата да разбирате и помагате на хора с подобни затруднения. Може да се проявява като сдържаност, избягване или склонност към преиграване, но чрез осъзнаване и постепенни стъпки в самопрезентацията вие превръщате раната в ресурс за автентичност и емпатия.","You never quite settled how you present yourself, and that sensitivity often shows up in the first minute with new people — whether through self-consciousness about appearance, mannerisms or first impressions. This wound also sharpens your ability to perceive others, giving you a gift for understanding and helping people with similar struggles. It can show as inhibition, avoidance or overcompensation, but with mindful practice and gradual exposure you can transform the wound into a resource for authenticity, confidence and compassionate mentoring."
"PlanetInHouseLines","entries|chiron_10","Публичното признание или неговият дефицит е болезнена тема: може да са очаквали от вас прекалено много или да са ви игнорирали, и двете са оставили отпечатък върху амбицията ви. Това често създава вътрешна бдителност към оценката и склонност към самосамоограничаващи убеждения като синдром на измамника. В практиката на кариерата ви помагат ясно дефинирани цели, здравословни очаквания и подкрепяща мрежа, която признава усилията ви. Като лидер или професионал можете да трансформирате болката в емпатично признание на другите — да давате и да изисквате похвала по балансиран начин.","Recognition — or the lack of it — is a tender spot: you may have faced excessive expectations or been overlooked, and either can leave a mark on ambition and public identity. This often produces sensitivity to evaluation and a tendency toward imposter feelings or self-limiting beliefs. Practical work includes setting realistic career goals, seeking mentors who provide constructive feedback, and building environments that acknowledge effort as well as achievement. In leadership roles you can turn this wound into an asset by offering measured recognition to others and modeling ambition tempered with empathy rather than validation-seeking."
"PlanetInHouseLines","entries|chiron_11","Опитът да бъдете изключен от група е останал с вас, така че сте особено внимателни към маргинализираните и забелязвате хората, които стоят в края на стаята. Това ви прави естествен съюзник и организатор в социални и колективни дела, но може да носите и недоверие към групова динамика или страх от повторно отхвърляне. Превръщането на раната в дар включва създаване на приобщаващи пространства, работа срещу груповото мислене и развитие на умения за безопасно свързване. Практикувайте открита комуникация и малки стъпки към участието, за да изградите общности, където другите не се чувстват изолирани.","Being excluded from groups at some point stayed with you, making you especially attuned to those who stand on the margins. This can make you a natural ally, community-builder or advocate, able to spot who’s isolated and to create inclusive spaces. At the same time you may carry distrust of group dynamics or a fear of being rejected again. Transforming the wound often means practicing intentional inclusion, challenging herd mentality, and learning to engage in groups with clear personal limits. Small leadership acts — initiating safe circles, listening out loud — help you turn past exclusion into social skill and compassion."
"PlanetInHouseLines","entries|chiron_12","Носите нещо старо и невисказано — рана, която често е в сянка и не е била призната напълно. Това може да е свързано със скрити страхове, институционални наранявания или подсъзнателни модели, които влияят на начина, по който служите или се жертвате. Помагането на другите с точно тази нелегитимна болка може да превърне товара в дар: чрез анонимна служба, терапия, сънищена работа и духовни практики вие интегрирате и изразявате това, което преди е било мълчано. Грижата за себе си и установяването на безопасни граници са ключови за да не се претоварвате, докато работите с дълбоките пластове на човешката болка.","You carry something old and unspoken — a wound that often lives in the shadows and hasn’t been fully acknowledged. This can relate to hidden fears, institutional hurt or unconscious patterns that shape how you serve or self-sacrifice. Helping others with that very invisible pain can turn the burden into a gift: anonymous service, somatic therapy, dreamwork and spiritual practices can help you articulate and integrate what was once silent. Self-care and firm boundaries are essential so you don’t become overwhelmed while working with deep, collective or hidden suffering; integration rather than martyrdom is the aim."
"PlanetInHouseLines","entries|chiron_2","Чувството за собствена стойност е могло да бъде уязвено рано, често свързано с пари, притежания или усещането за материална сигурност. Тази крехкост може да ви кара да съмнявате в достойнството си, но също така ви прави човекът, който може да покаже на другите тяхната стойност с искрено убеждение. Практически: изграждайте стабилни финансови навици, работете върху вътрешната идентичност, отделена от материалните фактори, и използвайте своя опит, за да подкрепяте хора в процес на възстановяване на самоуважението.","Your sense of self-worth may have been wounded early, often around money, possessions or material security. That vulnerability can lead to doubts about your own value, yet it also enables you to convince others of their worth with uncommon credibility. Practical steps: develop consistent financial habits, practice internal measures of value separate from material markers, and use your experience compassionately to help others rebuild self-esteem and sustainable resource management."
"PlanetInHouseLines","entries|chiron_3","Нещо свързано с говоренето, ученето или контактите в ранна възраст е оставило белег — това може да е затруднение в речта, неприятни сравнения с братя и сестри или подигравки в клас. Тази рана ви е накарала да усъвършенствате начина, по който обяснявате и слушате, и често развивате умение да предавате сложни идеи простичко и сърдечно. Може да проявявате предпазливост в общуването, но чрез практика и подкрепящо общуване превръщате уязвимостта в педагогическа сила.","An early wound around speaking, being heard or learning — such as a stammer, sibling dynamics or ridicule at school — may have marked you. That experience often pushes you to become a clearer, more compassionate communicator: you can explain things in ways others who never struggled cannot. You might be cautious in conversation, but with practice and supportive feedback you can turn vulnerability into a teaching gift, mentoring others in communication, writing or learning strategies."
"PlanetInHouseLines","entries|chiron_4","Домът и семейството носят старата болка — липсваща сигурност, разкъсани връзки или размествания, които са оставили чувство на несигурност. В отговор вие често прекарвате години в изграждане на по-здраво, по-подкрепящо пространство за себе си и другите. Тази чувствителност ви дава яснота какво означава емоционална безопасност и ви прави добър в създаването на избрано семейство или терапевтична среда. Съвет: работете с граници, ритуали и терапия, за да утвърдите нови модели на привързаност и да превърнете миналата болка в основа за грижа.","Home and family are where an old wound lives — missing security, broken ties or upheaval that left a lingering sense of instability. In response, you often spend years creating a more supportive and stable environment for yourself and others. That sensitivity gives you clear insight into what emotional safety requires and can make you skilled at forming chosen family or therapeutic spaces. Practical advice: establish boundaries, rituals and healing practices, consider family therapy or caregiving roles, and transform past pain into a foundation for steady nurturance."
"PlanetInHouseLines","entries|chiron_5","Критика към нещо, което сте създали, може да е оставила следа в самооценката ви. Това се проявява в творчески проекти, романтични отношения, отношения с деца или страх да покажете личната си страна пред другите. Ще разпознаете модела, когато отлагате започването или изоставяте идея, защото се страхувате, че няма да е достатъчно добра. Конструктивният изход е да създавате въпреки страха, да приемате недовършените опити като част от ученето и да оставяте удоволствието от самото създаване да има значение.","Somewhere along the way you were told your creations weren’t good enough, and that message may have lodged in your creative self-worth. This placement often shows up as sensitivity around play, romance, performance and working with children: the fear of criticism or perfectionism can stifle spontaneous expression. Healing frequently comes through making anyway — small, imperfect projects, playful experiments and showing up for the process rather than the outcome. You can turn your vulnerability into a strength by mentoring or working with young people, modeling creative courage, and learning to celebrate progress instead of chasing impossible standards."
"PlanetInHouseLines","entries|chiron_6","Тялото, здравето или ежедневните ви задачи са зоната, където сте научили търпението и грижата по трудния начин. Може да сте имали хронични опити, медицинска неразбиране или да сте били пренебрегвани на работното място — и това е формирало вашата способност да помагате тихо и ефективно. Уроците тук включват изграждане на устойчиви навици, граници към прекомерно служене и внимание към езика на тялото. Практики като рутинна самоподдръжка, малки ритуали и обучение в комуникация на нуждите ви помагат да превърнете опита в умение да подкрепяте другите без да изгаряте себе си.","Your body, health or daily work life is where patience and care were learned the hard way. This placement often points to experiences with chronic conditions, not being heard by caregivers or stressful jobs that demanded endurance — which can make you quietly skilled at helping others with their own routines and healing. Useful approaches include building sustainable self-care habits, setting limits around overservice, and learning to read somatic cues. Practical steps such as small daily rituals, clear communication about needs, and pacing work can help you translate past hardship into a reliable capacity to support others without losing yourself."
"PlanetInHouseLines","entries|chiron_7","Близостта може да ви е струвала — преживели сте рани във връзки, изоставяне или прекомерна зависимост, затова носите предпазливост към интимността. Това ви прави добър слушател и посредник: приятелите често идват при вас, когато връзките им се разпаднат. Но има и капан — склонност да поемате твърде много вина или да се опитвате да „поправите“ другите. Лекуването включва учене на взаимност, задаване на ясни граници и практикуване на уязвимост, която не означава самопожертвование. Чрез честни договорки и терапевтична работа можете да преобразите чувството за опасност в умение за зряла близост.","Close relationships have cost you at times — experiences of abandonment, betrayal or over-dependence can make you cautious about intimacy. You often become the person others turn to when partnerships falter, thanks to your empathic listening and steady presence. The challenge is avoiding over-rescuing or taking excessive blame for others’ issues. Healing here tends to involve practicing reciprocity, setting clear boundaries and allowing vulnerability that doesn’t erase your needs. With honest communication and measured limits, you can transform guardedness into a wise capacity for committed, healthier partnerships."
"PlanetInHouseLines","entries|chiron_8","Ранна загуба, опит с чужда власт или интимни травми може да са маркирали вашето чувство за контрол и уязвимост. Това прави присъствието ви предано и спокойно в кризисни моменти — можете да седите с другия в най-тежкото без да бягате. В същото време може да се очаква както страх от зависимост, така и склонност към прекомерно даване или подчинение. Работа с темите на властта, парите и доверие — чрез терапия, граници и практики за самоутвърждаване — ви помага да трансформирате болката в ресурс: стабилност пред болката и умение да навигирате силни емоции без да се стопявате.","Early experiences of loss or someone else’s power over you may have shaped your relationship to control and vulnerability. This placement often gives you the capacity to sit with people through the darkest moments without flinching; you can be steady in crisis. At the same time, there can be lingering fears around dependency, money, or relinquishing control, and a tendency either to give too much or to withdraw. Healing work includes setting healthy boundaries around power dynamics, learning financial and emotional autonomy, and engaging in shadow or trauma-informed practices so your capacity for deep presence becomes a skill rather than a wound."
"PlanetInHouseLines","entries|chiron_9","Дадена ви е вяра или убеждение, което се е оказало невярно, и възстановяването на смисъла е отнело години. Това може да е оставило следа в отношението ви към идеологии, учители или пътувания на смисъла — често сте предпазлив към догми и готов да поставяте въпроси. Като преподавател или пътеводител вие споделяте без фалшива сигурност: носите честност за неяснотите и насочвате другите към съмнение както към растеж. Полезно е да развивате критично мислене, експеримент с нови светогледи и обучения, както и да прилагате смирение и откритост в споделянето на учението си.","A belief you were given turned out to be false, and rebuilding meaning took time. This placement often produces skepticism toward dogma, teachers or received philosophies, and encourages a curious, questioning approach to truth. What you teach or share tends to come from a place of honest uncertainty rather than certainty by assertion. Constructive directions include studying broadly, traveling with an open mind, and mentoring others to examine beliefs critically while holding space for wonder. Balancing intellectual rigor with humility can make your journey a model of thoughtful faith and resilient inquiry."
"PlanetInHouseLines","entries|jupiter_1","Хората често ви дават предимството на съмнението — начинът, по който се представяте, създава отворени възможности и първоначално доверие. Това може да ви отвори врати в кариерата, в социални кръгове и в нови начинания, защото изглеждате уверени и оптимистични. В същото време има риск да поемете повече от това, което един човек може да понесе: претоварване, обещания, които е трудно да изпълните, или нереалистични очаквания от околните. Практически: задавайте граници, приоритизирайте задачите си и оставяйте време за почивка, за да превърнете първото впечатление в трайно предимство.","People often give you the benefit of the doubt — the way you present yourself opens doors and invites initial trust. This can create chances in career, social circles and new projects because you appear optimistic and expansive. The downside is a tendency to take on more than one person can realistically carry: overcommitment, promises that are hard to keep, or inflated expectations from others. Practical guidance: set clear boundaries, prioritize what truly matters, and build routines that protect your energy. Doing so helps the positive first impression translate into steady, sustainable growth."
"PlanetInHouseLines","entries|jupiter_10","Юпитер в 10-ти дом често подсилва професионалния растеж и обществената видимост. Може да ви се случва да получавате възможности и доверие по-рано, отколкото очаквате — благодарение на умението да виждате целите в по-широка перспектива. Репутацията ви играе ролята на капитал: добрият образ отваря врати. В същото време има риск да разчитате единствено на известността или да развиете претенции. За устойчив успех съчетавайте амбицията с почтеност, поддържайте работните стандарти и се погрижете репутацията ви да отговаря на действителните ви умения.","Jupiter in the 10th house tends to amplify career growth and public standing. You may find doors opening sooner than expected as others entrust you with responsibility, because you see opportunities on a larger scale. Reputation often functions as real capital, so professional image matters. The downside can be overreliance on status or inflated expectations. For lasting progress, pair ambition with integrity, keep standards high, and ensure your public persona reflects genuine competence rather than appearances alone."
"PlanetInHouseLines","entries|jupiter_11","Юпитер в 11-ти дом насочва към разширение чрез приятели, групи и общи каузи. Социалният ви кръг може да се превърне в източник на подкрепа, ресурси и нови възможности; хората често ви търсят за визия и ентусиазъм. Може да постигате растеж чрез колективна работа или чрез участие в идеали, които имат мащаб. Тенденцията да вярвате на добрата воля на другите може да ви изкуши да поемате повече, отколкото може да поддържате. Ползотворно е да култивирате взаимен обмен, да задавате граници и да избирате каузи, които съответстват на вашите стойности.","Jupiter in the 11th house points to expansion through friends, networks, and collective causes. Your social circle can bring support, resources, and opportunities; people often seek you out for vision and enthusiasm. Growth may come from collaborative projects or involvement in large-scale ideals. A potential pitfall is assuming goodwill without checks, which can lead to overcommitment. Practice reciprocal give-and-take, set clear boundaries, and choose causes that align with your values so your social capital converts into meaningful progress."
"PlanetInHouseLines","entries|jupiter_12","Юпитер в 12-ти дом често дава късмет по тихи и неочаквани начини: помощ, която идва зад сцената, съвпадения, които изглеждат като провидение, или подкрепа в периоди на уединение. Вярата, състраданието и духовните практики могат да работят по-добре за вас от строго аналитични стратегии. Има обаче риск от идеализиране или бягство в илюзии; също така помощта може да идва без видима награда, което изисква вътрешна мотивация. Практически съвет: развивате рутинни духовни или терапевтични практики, поставяйте здравословни граници и приемайте подкрепата, когато идва, без да губите контакт с реалността.","Jupiter in the 12th house often brings luck in quiet, unseen ways: help behind the scenes, synchronistic doors opening, or support during retreats and solitude. Faith, compassion, and spiritual practice can serve you better than purely strategic plans. The flip side is a tendency to idealize, escape into fantasy, or accept support that lacks accountability. Useful approaches include regular reflective or therapeutic practices, setting healthy boundaries, and recognizing invisible help without losing practical footing — let inner growth and service be the priority."
"PlanetInHouseLines","entries|jupiter_2","Парите и материалният комфорт често ви намират, но могат да си отиват почти толкова лесно — щедростта ви е инстинктивна и често привлича благоприятни възможности. Това насочва към умението да увеличавате ресурси, но и към уязвимост при липса на структури: разходи, липса на бюджет или даване без граници. Практически, помислете за системи, които съхраняват растежа: спестявания, инвестиции в умения, ясни договорки и здравословни ограничения. Така щедростта ви остава силна, без да изтощава лично финансовото ви поле.","Money often finds its way to you, though it can depart just as quickly — your instinctive generosity and expansive approach tend to attract opportunities. This can help you grow materially, but without structures it may lead to loose spending, unclear agreements, or giving away value too freely. Practical suggestions: create simple financial systems — budgeting, savings, and investments in skills — and set clear boundaries around generosity. That way your natural abundance can be sustained and multiplied rather than dissipated through well-meaning but careless patterns."
"PlanetInHouseLines","entries|jupiter_3","Късметът ви се появява най-често в разговори, обучение и обмен на идеи. Един точен въпрос, полезно познанство или навременна информация може да отвори възможност. Ще разпознаете силната страна, когато общуването ви води до ново знание, контакт или конкретна възможност; трудността е да разпилеете вниманието си в твърде много разговори. Конструктивният изход е да слушате внимателно, да поддържате качествени контакти и да превръщате идеите си в последователни действия.","Your luck often flows through conversations, connections and the exchange of ideas — a timely remark or the right contact can open doors. Learning and communication come easily; you enjoy explaining things and may find fulfillment in teaching or mentoring. Potential pitfalls include talking too much, overoptimistic claims, or skimming the surface of deeper subjects. To make the most of this placement, practise attentive listening, prioritize depth over breadth in relationships, and organize your thoughts before sharing. That way your verbal gifts translate into reliable advantage and meaningful networks."
"PlanetInHouseLines","entries|jupiter_4","Домът и корените често са мястото на вашия късмет — семейните връзки, имот или пространство, което расте и се развива с времето, могат да донесат стабилност и подкрепа. Чувството за простор у дома — както физически, така и емоционално — има значение за вашия комфорт и благополучие. Възможен риск е налице в идеализирането на семейните очаквания или в прекаленото разчитане на наследствени или материали придобивки. Практически: инвестирайте в устойчиви основи — комуникация, яснота по финансови въпроси и подреденост на пространството; това ще помогне късметът да се инкорпорира в дългосрочен уют.","Home and roots often hold your good fortune — family ties, property, or a place that grows with you can provide grounding and support. A sense of space at home, both physical and emotional, matters for your comfort and well‑being. The potential downside is idealizing family expectations or becoming overly reliant on inherited advantages. Practical steps: invest in durable foundations — clear communication around family and finances, and creating a calm, orderly environment. Those efforts help translate domestic blessings into lasting security and a real sense of belonging."
"PlanetInHouseLines","entries|jupiter_5","Децата, творчеството и рисковите начинания често ви носят щастие и разширение — когато играете, експериментирате или се отдавате на страстите си, шансовете работят във ваша полза. Творческата щедрост и готовността да рискувате могат да доведат до значими плодове, но има и риск от безразсъдство, прекалена самоувереност или разпиляване на енергията. Практически: комбинирайте ентусиазма с малко структура — задайте граници, срокове и реални ресурси за проектите си; така спонтанността ще бъде продуктивна, а забавлението — трайно и плодотворно.","Children, creativity and taking chances often bring you growth — when you play, experiment or follow a passion, opportunities tend to flow your way. Your generous spirit and willingness to risk can produce meaningful results. The shadow side is impulsivity, overconfidence, or spreading yourself too thin. Practical advice: pair enthusiasm with simple structure — set limits, timelines and allocate real resources to creative projects. That balance lets spontaneity be productive and ensures joyful ventures have a chance to mature into something lasting."
"PlanetInHouseLines","entries|jupiter_6","Растежът ви се подпомага от редовна работа, полезни навици и внимание към детайлите. В ежедневието това може да означава да подобрите начина, по който организирате задачите си, да улесните работен процес или да станете човекът, на когото другите разчитат. Ще разпознаете риска, когато започнете да поемате твърде много или да изисквате съвършенство от себе си. Конструктивният изход е да работите устойчиво, да делегирате и да пазите граница между продуктивност и възстановяване.","Your growth often comes through steady work and attention to detail — daily habits and consistent execution accumulate opportunities over time. You tend to enlarge the task at hand, adding value and improving processes, which makes you indispensable in work or service roles. Tensions can surface as overwork, perfectionism, or taking on others’ responsibilities. Practical steps: establish healthy routines, practice delegation, and set firm boundaries between labor and rest. These measures help you sustain energy and turn diligent effort into reliable, long‑term advancement."
"PlanetInHouseLines","entries|jupiter_7","Партньорствата и съюзите често ви предлагат най-големите възможности — хората, с които се свързвате, могат да разширят хоризонтите ви и да ви предоставят ресурси и подкрепа. Връзките са склонни да работят в ваша полза, особено когато са градени на доверие и взаимност. Рискът е в идеализирането на партньора или прекалената зависимост от другите за собственото ви развитие. Практически съвет: търсете равноправие, ясни споразумения и съхранявайте автономията си; така партньорствата ще бъдат платформа за растеж, а не източник на уязвимост.","Partnerships and alliances often bring your biggest opportunities — the people you connect with can expand your horizons and supply resources or support. Relationships tend to work in your favour, especially when built on trust and reciprocity. The potential pitfalls include idealizing partners or becoming overly dependent on others for your progress. Practical guidance: aim for balance, clear agreements, and maintain your autonomy. When partnerships are reciprocal and well‑defined, they become engines of mutual growth rather than sources of vulnerability."
"PlanetInHouseLines","entries|jupiter_8","Чуждите пари и трансформационните ресурси често работят във ваша полза — подкрепа, наследство или партньорски ресурси могат да ви разширят в моменти на нужда. Също така сте по‑комфортни с теми, които другите избягват: дълбока емоционална работа, преоценка на ценности и ревизия на ресурси. Възможни предизвикателства са свързани с динамики на зависимост, външен контрол или неясни споразумения относно общите ресурси. Практически: изяснявайте финансовите и емоционалните условия, търсете прозрачност и правете стъпки към автономност — така трансформацията и подпомагането ще работят на ваша страна.","Other people’s money and transformational resources often work in your favour — support, inheritances or partner resources can expand you when needed. You’re also more at ease with subjects many avoid: deep emotional work, reassessing values, and managing shared assets. Potential challenges include entanglement, power imbalances, or unclear agreements about joint resources. Practical measures: clarify financial and emotional terms, insist on transparency, and take steps toward independence where possible. Those actions let transformation and external support serve your growth rather than create dependency."
"PlanetInHouseLines","entries|jupiter_9","Юпитер в 9-ти дом често насочва към разбиране, което се разширява през граници — географски, интелектуални или духовни. Може да се чувствате най-живи в чужбина, в университета, при преподаване или в професии, свързани с право, философия или религия. Понякога късметът и възможностите идват чрез пътувания и срещи с хора от други култури; друг път растежът е вътрешен — чрез търсене на смисъл и вяра. Опасностите включват свръхобщираме и пренебрегване на детайлите или склонност да приемате убеждения за даденост. Практически подход: комбинирайте ентусиазма за големи идеи с дисциплина в ученето и проверете източниците на информация.","Jupiter in the 9th house often points to growth through broader frames — geographic, intellectual, or spiritual. You may feel most alive abroad, in higher education, teaching, or fields like law, philosophy, and religion. Opportunities and fortunate breaks can arrive through travel and encounters with other cultures, while inner expansion comes from seeking meaning and belief. Tensions include overgeneralizing, ignoring fine detail, or leaning on optimism without verification. Practical guidance: pair your appetite for big ideas with disciplined study, cross-check sources, and let curiosity drive sustained learning rather than quick fixes."
"PlanetInHouseLines","entries|lilith_1","Лилит в 1. дом често означава, че са ви предпазвали или са ви учили да омекотявате присъствието си — и в някаква степен вие отказвате това. Тази позиция дава силна, понякога провокативна идентичност: начинът, по който се появявате, кара хората да реагират остро. Напрежението е в разделението между искреното себеизразяване и социалната цена, която може да носи. Полезно е да канализирате тази сила целенасочено — развивайте тактика на присъствие, ясни граници и език, който защитава вашата автономия, без да изгаря мостове, когато това е важно.","Lilith in the 1st house often marks refusal to soften your presence when others expect it. It gives a bold, sometimes unsettling persona that elicits strong reactions. The tension lies between honest self-expression and the social cost that can follow. Useful strategies include refining how you show up: cultivate intentional presence, firm boundaries and persuasive language that protects autonomy without needlessly alienating allies. Channel provocation into leadership or creative work where candidness is an asset, and practise reading situations so your edge becomes an instrument rather than merely a shock."
"PlanetInHouseLines","entries|lilith_10","Професионалният ви път може да се сблъсква с правила и институции, които не приемате безусловно. Това се вижда при конфликти с началници, отказ да следвате остарели норми или избор на по-нестандартна професионална роля. Ще разпознаете риска, когато всяко несъгласие се превръща в битка и започва да вреди на репутацията ви. Конструктивният изход е да избирате внимателно за какво да се противопоставите, да изграждате съюзи и да използвате различността си като професионално предимство.","You don’t play the career game the way institutions expect, producing mixed effects: in some contexts it holds you back, in others it becomes the reason you stand out. Your public path may involve clashes with authority and repeated role reinventions, yet that same nonconformity can make you visible and sought after. Practical strategies include picking battles wisely, building alliances, and structuring risk so your rebelliousness supports long-term aims. When you pair authenticity with professional boundaries and clear messaging, your difference can become an asset rather than an obstacle."
"PlanetInHouseLines","entries|lilith_11","Не се съгласявате с групата само за да останете в нея; това поведение може да ви направи неудобни, но също така прави групите по-здрави и по-честни. Вие често сте този/тази, който/която поставя въпроси, разбива конформизма и насочва общността към по-голяма автентичност. Това може да доведе до изолация, фракции или дори открито противопоставяне, но също така ви прави ценен/а в движения за промяна и в мрежи, които търсят истинския диалог. Създавайте безопасни алтернативи, практикувайте дипломатичност и изграждайте съюзници около споделени ценности.","You won’t go along with the group just to stay in it; that stance can be awkward but it often makes collectives healthier and more honest. You tend to be the person who asks hard questions, disrupts conformity and steers communities toward greater authenticity. That can produce isolation, factions or outright conflict, yet it also makes you valuable in movements for change and in networks that prize real dialogue. Build safe alternatives, practice diplomacy, and cultivate allies around shared principles so your dissent can lead to constructive reform rather than burn bridges."
"PlanetInHouseLines","entries|lilith_12","Потиснатото или укривано, често е това, което сте скрили — дори от себе си. Когато извадите тези части на светло, това не е момент на срам, а мястото, откъдето се връща силата ви. Процесът може да бъде болезнен: срещане с травми, сенки и компулсивни модели, които работят в заден план. Практически насоки включват търсене на сигурен терапевтичен или духовен контейнер, постепенна интеграция чрез творчество, ритуал или телесна практика и внимание към границите при споделяне — силата се връща най-добре, когато се обработва със състрадание и дисциплина.","What was told to be hidden is often what you’ve buried — sometimes even from yourself. Bringing those parts into daylight is not a confession but the source from which your strength returns. The process can be painful: facing trauma, shadow patterns and compulsions that have been operating unconsciously. Practical steps include finding a safe therapeutic or spiritual container, integrating slowly through creative work, ritual or somatic practices, and being cautious with exposure — power is reclaimed most sustainably when processed with compassion, boundaries and consistent practice."
"PlanetInHouseLines","entries|lilith_2","Лилит в 2. дом често показва отказ да бъдете оценявани по чужди мерки, особено що се отнася до стойност, пари и материални ресурси. Това може да означава гордост и твърдост относно това какво считате за ценно, но също и риск от финансови напрежения, ако отказвате да преговаряте или да приемете помощ. Практичното изразяване включва развиване на устойчиви източници на доход, учене да поставяте цена на уменията си и практикуване на гъвкавост – да защитавате своите ценности, без да блокирате възможности за обмен и растеж.","Lilith in the 2nd house often signifies refusal to be valued on someone else’s terms, especially around money and tangible resources. That stance can preserve integrity but also create financial strain when you resist negotiation or assistance. Productive expression means building reliable income aligned with your values, learning to price your skills realistically, and practising selective flexibility. You can protect your sense of worth while remaining open to mutually respectful exchange; consider financial planning and honest conversations about boundaries so autonomy does not become isolation."
"PlanetInHouseLines","entries|lilith_3","Лилит в 3. дом често ви дава онова, което другите не казват — прям, остър или неудобен глас във всички ежедневни комуникации. Това ви прави ценен в среди, където се търси яснота, но и уязвим на недоразумения, клюки или реактивни отговори. Полезно е да развивате умение за избор на време и тон: използвайте своята искреност в писане, обучение или дебат, където тя може да отключи пробиви, и добавяйте рамка или контекст, когато темата е деликатна, за да увеличите въздействеността и да намалите отпора.","Lilith in the 3rd house often equips you to say what others leave unsaid — a direct, sometimes provocative voice in everyday communication. That candour can be invaluable where clarity is needed but may also provoke misunderstanding, gossip or sharp pushback. Productive use includes honing timing and tone: channel your frankness into writing, teaching or investigative work where it advances insight, and add context when dealing with sensitive matters. Practise listening and framing so your bluntness becomes a tool for truth rather than a trigger for conflict."
"PlanetInHouseLines","entries|lilith_4","Лилит в 4. дом често сочи към разрив с очакваната семейна роля — вие не сте играли част, която са предполагали за вас, и това е имало цена. Може да сте се отчуждили от роднини, да сте напуснали дома или да сте отказали наследена идентичност, за да запазите автономията си. Конфликтите тук са емоционални и дълбоки, свързани с чувство за корени и принадлежност. Практично е да създадете собствена безопасност чрез граници, да търсите избрана общност и да работите с терапевтични или творчески практики, които помагат да интегрирате миналото без да му позволявате да диктува бъдещето.","Lilith in the 4th house often indicates a rupture with an expected family role — you refused the part you were supposed to play, and that refusal carried cost. This can lead to estrangement, leaving the family home, or rejecting an inherited identity to protect autonomy. Issues are emotional and rooted in belonging and roots. Practical steps include creating chosen family, establishing clear domestic boundaries, and using therapy or creative work to process wounds. Reclaim your home as a sanctuary that reflects your needs while acknowledging — not being consumed by — your past."
"PlanetInHouseLines","entries|lilith_5","Вашите творчески и любовни импулси рядко са „подредени“ спрямо очакванията. Може да имате нужда да изразявате по-грубо, по-интензивно или по-необичайно, и когато се преструвате, се натрупва озлобление и вътрешно напрежение. Ако признаете открито тези желания и начини на изява, те често стават източник на истинско творчество, радост и магнитизъм. Практически това може да означава да намерите безопасни пространства за експерименти, да канализирате силата си в изкуство или игри, и да работите върху границите си в интимните взаимоотношения, за да избегнете самосаботаж.","Your approach to romance and creative self-expression is unlikely to fit tidy expectations. You may feel drawn to wilder, darker, or less polished forms of play, and pretending otherwise often breeds resentment and inner tension. When you acknowledge these desires openly, they frequently become the wellspring of originality, charisma and meaningful work. Practically, this can mean seeking safe arenas for experimentation, using art or performance to channel intensity, and setting clearer boundaries in intimate relationships so you don’t self-sabotage or burn out trying to conform."
"PlanetInHouseLines","entries|lilith_6","В служебните и здравословни теми често не можете да бъдете „добрата служителка“ в режим, който не ви уважава. Телесните симптоми може да се появят преди словесния протест — умора, напрежение или хронични оплаквания, които насочват към границите ви. Работата, която ви позволи да бъдете „трудна“ — да поставяте условия, да отстоявате методи и да настоявате за достойнство — често е онази, която ви поддържа здрави и устойчиви. Практически съвети: наблюдавайте сигналите на тялото, договаряйте ясни роли и потърсете среда, която признава експертността и ограничението ви.","In routines, service and health matters you often won’t fit the role of the compliant worker when the system doesn’t respect you. Your body can signal boundaries before you voice them — fatigue, tension, or recurring ailments that point to unresolved demands. Jobs that let you be “difficult” — that allow you to assert limits, adjust methods, and insist on dignity — tend to support your wellbeing. Practically, track bodily signals, negotiate clearer responsibilities, and seek work environments that acknowledge expertise and limits. Self-care, regular check-ins and honest communication can reduce chronic strain."
"PlanetInHouseLines","entries|lilith_7","Не омекотявате себе си само за да задържите връзка, което означава, че сте губили хора, които не са могли да поемат вашата искреност. Останалите често идват от място на взаимно уважение и приемане на вашите ръбове. Това положение насочва към нуждата от ясни граници и умението да преговаряте за близост, без да изневерявате на собствените си принципи. Възможни са напрежения — силни огледални реакции, конфликти около контрол и уязвимост — но също така и възможности за дълбока трансформация чрез честни, уравновесени партньорства.","You don’t soften yourself merely to keep a partnership, so you’ve likely lost people who couldn’t tolerate your candor. Those who remain tend to relate to you with more respect and acceptance of your edges. This placement points to a need for clear boundaries and the skill of negotiating intimacy without betraying your values. Tensions can arise — intense mirroring, struggles over control, or clashes around vulnerability — but these dynamics also create opportunities for deep growth through honest, reciprocal relationships. Practice assertive listening and set terms that protect both closeness and integrity."
"PlanetInHouseLines","entries|lilith_8","В областта на властта, интимността и споделените ресурси често отказвате да бъдете управлявани или манипулирани. Това е ваша силна територия: там проявявате интензитет, дълбочина и устойчивост. Хората често ви преценяват погрешно — страх, ревност или неодобрение могат да възникнат, когато не следвате социални норми за подчинение. Практическито изражение включва работа със собствените ви сенки, ясни споразумения при финансови и сексуални партньорства, и използване на трансформационни практики (психотерапия, ритуал, телесна работа) за интегриране на силата си по етичен и устойчив начин.","In matters of power, sex and shared resources you often refuse to be managed or controlled. This is a territory of great strength — you express intensity, resilience and depth there — yet people frequently misjudge you, triggering fear, envy or pushback when you won’t conform. Practically, this placement calls for working with your shadow, making explicit agreements around money and intimacy, and using transformational practices (therapy, ritual, somatic work) to integrate your power responsibly. Expect power struggles but also the potential for profound regeneration when you claim your authority with consent and transparency."
"PlanetInHouseLines","entries|lilith_9","Не приемате вяра или идеология единствено защото се очаква от вас, и често го заявявате открито. Това ви прави неудобни в някои среди и незаменими в други — особено там, където се цени критическото мислене и свободата на търсене. Позицията насочва към ролята на провокатор или учител, който разчупва догмите и подтиква към собствено търсене на смисъл. Бъдете внимателни към тон и уважение в дискусиите; пътуването, академичните или духовните практики могат да служат като безопасна лаборатория за вашето търсене.","You are unlikely to accept a belief just because it’s expected, and you often say so out loud. That can make you unwelcome in some settings and indispensable in others — especially where independent thought and philosophical honesty are valued. This placement tends to cast you as a provocateur or teacher who breaks dogma and prompts people to seek their own truths. Be mindful of tone and respect in debates; travel, study and sincere spiritual practices can provide safe laboratories for your inquiries and help you channel skepticism into constructive learning."
"PlanetInHouseLines","entries|mars_1","Марс в 1-ви дом дава бърз, директен подход към живота — действате първи и хората това го усещат. Често притежавате физическа енергия, смелост и решителност; темпераментът ви може да се прояви открито, когато сте провокирани. В добро — сте инициатор, лидер и защитник на собствените си граници; в напрежение — импулсивността и нетърпението водят до конфликти. Практически: намерете безопасни канали за енергията си (спорт, физически проекти, предприемачество), тренирайте пауза преди реакция и развивайте стратегическо отстояване вместо само избухване.","Mars in the 1st house gives a direct, action-oriented presence — you often move first and others notice it. This placement provides physical energy, courage and a readiness to assert yourself; your temper can come through clearly when provoked. Positively, you make a strong initiator and leader who defends personal boundaries; under strain, impulsiveness and impatience can spark avoidable clashes. Practical outlets include vigorous exercise, hands-on projects or entrepreneurial pursuits, practicing brief pauses before reacting, and channeling assertiveness into planned, strategic action rather than instant eruption."
"PlanetInHouseLines","entries|mars_10","Марс в 10 дом обикновено подчертава амбицията в кариерата и публичния имидж. Работите усърдно, искате да постигнете видими резултати и да бъдете забелязани за усилията си. Може да сте готови да поемате лидерски роли и да работите повече от околните, но това носи риск от конфликт с авторитети или професионално изчерпване. Полезно е да формулирате ясни професионални цели, да канализирате конкуренцията в стратегическо планиране и да изградите подкрепяща мрежа, която помага на амбицията ви да бъде устойчива и етична.","Mars in the 10th house typically highlights ambition in career and public standing. You tend to work hard for visible achievements and want recognition for your efforts. You may take on leadership roles and outwork peers, but this drive can lead to clashes with authority figures or professional burnout. Productive use of Mars here involves setting clear career goals, channeling competitive energy into strategic planning and skill development, and building a support network so your ascent is steady and sustainable rather than combative or exhausting."
"PlanetInHouseLines","entries|mars_11","Марс в 11 дом често влага енергията в приятелства, каузи и групови проекти. Можете да бъдете моторът, който реализира идеи в общността, да създавате динамика и да поемате инициативи за промяна. Конфликти с приятели или членове на групи не са редки — особено ако други не изпълняват задълженията си или разминават идеали. Полезно е да развиете умения за делегиране, да формулирате общи цели и договорености и да намерите конструктивни начини за канализиране на ентусиазма си в реализуеми стъпки.","Mars in the 11th house often pours energy into friendships, causes and group activities. You can be the catalyst who gets community projects moving, taking initiative and pushing ideas into action. Friction with friends or group members can arise, especially when others don’t pull their weight or when ideals clash with practicalities. Helpful practices include clear role definitions, agreed-upon goals, and delegated responsibilities, so your enthusiasm becomes organizational momentum rather than interpersonal strain. Consider targeted activism or team-based roles where your drive is an asset."
"PlanetInHouseLines","entries|mars_12","Марс в 12 дом често означава, че гневът и напорът ви циркулират по-скоро вътрешно — понякога непризнати или насочени към подсъзнателни процеси. Може да предпочитате да работите „на заден план“, да действате самостоятелно или да се ангажирате с тихо служене. Вътрешното напрежение обаче може да се прояви чрез изтощение, внезапни избухвания или пасивна агресия. Конструктивно е да развивате практики за освобождаване на емоции — медитация, терапия, физическа активност — и да създадете безопасна среда за изразяване, преди натискът да се превърне в проблем.","Mars in the 12th house often means your drive and anger operate more inwardly — sometimes unacknowledged or routed into subconscious patterns. You may prefer to work behind the scenes, act privately, or devote yourself to quiet service. That inward intensity can show up as fatigue, sudden outbursts, or passive-aggressive behaviour if it remains bottled up. Constructive approaches include regular emotional release through movement, therapy or contemplative practice, and creating safe, confidential spaces to express needs. Learning to make private action intentional can transform hidden energy into compassionate service rather than self-sabotage."
"PlanetInHouseLines","entries|mars_2","Марс в 2-ри дом насочва борбената ви енергия към материалните ресурси, доходите и самооценката. Често отстоявате собственото си и сте готови да се борите за финансова сигурност и притежанията си — загуби в тази област пробуждат силно раздразнение. Възможни са и конфликти за стойността на труда или склонност към конкурентност в печалбите. Практически: канализирайте енергията в предприемачество, преговори и умения за управление на парите; работете върху съзнанието за вътрешна стойност, за да не се превръща защитата на ресурсите в хронична агресия.","Mars in the 2nd house tends to focus your drive on resources, income and self-worth. You often fight to protect what you own and to secure financial stability, and material loss can provoke strong anger. This placement can fuel ambition and competitive energy around earning and possessions, but it may also lead to possessiveness or aggressive defense of values. Practical strategies include channeling drive into business initiatives, negotiation skills and financial planning, while also cultivating a sense of inner worth so that defending resources doesn’t become chronic reactivity."
"PlanetInHouseLines","entries|mars_3","Марс в 3-ти дом дава жилавост на ума и остър глас — спорите с лекота, учите бързо и ви заводят интензивните разговори. Често конфликтите ви се водят чрез думи; склонни сте да отговаряте първи и да забравяте по-бързо, отколкото опонентът. Положително, това прави дискусиите ви ефективни и убедителни; в напрежение — рискувате да наранявате с острота или да влизате в дребни, повтарящи се спорове. Практически: използвайте тази енергия в писане, говорене и учене, тренирайте активно слушане и канализирайте агресията в интелектуални предизвикателства или спортове.","Mars in the 3rd house gives mental vigor and a sharp communicative edge — you argue well, learn quickly and thrive on intense exchanges. Your conflicts are often verbal; you tend to reply fast and move on sooner than your counterpart. Positively, this makes you persuasive and effective in debate and short-term problem solving; under strain, you may hurt others with bluntness or get caught in repetitive, small-scale disputes. Productive outlets include writing, public speaking, study, and mental sports, along with practicing active listening and redirecting combative energy into constructive intellectual challenges."
"PlanetInHouseLines","entries|mars_4","Марс в 4-ти дом насочва енергията и защитата ви към дома, корените и семейството. Често сте готови да браниете близките и да действате решително за сигурността на домашния живот; отчаяни реакции могат да излязат там, където се чувствате най-уязвими. Положително, това дава сила за построяване и защита на семейни проекти; в напрежение — възможни са изблици, пасивно-агресивно поведение или нерешени конфликти с родителски фигури. Практически: насочете импулсите в подобрения на дома, съвместна работа в семейни проекти, физическа активност и открита комуникация или терапия за по-здраво управление на защитните реакции.","Mars in the 4th house tends to focus your drive on home, roots and family security. You often act decisively to defend loved ones and preserve domestic stability, and strong emotional reactions typically surface where you feel safest. Constructively, this energy helps you build and protect family projects; under pressure, it can show up as explosive arguments, passive-aggression or unresolved tensions with parental figures. Practical measures include channeling energy into home improvement or shared family work, regular physical outlets, and open conversations or therapy to manage defensive responses more healthily."
"PlanetInHouseLines","entries|mars_5","Марс в 5 дом често насочва физическата и емоционалната енергия към радостта от живота — творчество, флирт, спорт и риск. Имате стремеж да изразявате себе си драматично и смело; самото преследване на желаното може да ви носи удоволствие. Оттам идва и склонността към състезателност, ревност или импулсивни решения в любовта и творческите проекти. Полезно е да канализирате тази енергия в безопасни, конструктивни занимания — сцена, спорт, артистични експерименти или родителство — и да работите върху търпението, за да избегнете излишни конфликти и наранявания.","Mars in the 5th house often directs your physical and emotional energy toward pleasure, creativity, romance and risk-taking. You tend to express yourself boldly; the chase itself can be as rewarding as the prize. This placement can bring competitiveness, impulsive courtship, or jealous flare-ups in relationships and creative rivalries. Constructive outlets — sports, performance, hands-on art, or active parenting — help prevent burnout and accidents. Practically, you may benefit from learning to temper impulses and turn competitive drive into disciplined practice so your enthusiasm becomes sustainable rather than exhausting."
"PlanetInHouseLines","entries|mars_6","Марс в 6 дом обикновено насочва силен работен импулс към ежедневието, рутините и грижата за тялото. Работите упорито, когато задачите са ясни, и лесно се раздразнявате при хаос или липса на цел. Склонни сте да поемате повече отговорности и да действате прагматично, но рискувате прегаряне или конфликти с колеги заради темпото. Добра идея е да канализирате напора в структурирани практики — план за здраве, конкретни работни блокове, ясни граници — и да включите почивка като част от продуктивността си.","Mars in the 6th house often channels strong drive into daily work, routines, and bodily upkeep. You tend to be most effective when tasks are concrete, and you can become irritable or restless when there’s no clear purpose. This placement encourages taking on responsibilities and a practical, hands-on approach, but it can also lead to overwork, tension with coworkers, or health issues from stress. Practical strategies — structured work blocks, a steady self-care routine, clear task delegation and scheduled rest — help you use Mars’s energy without burning out or creating avoidable friction."
"PlanetInHouseLines","entries|mars_7","Марс в 7 дом обикновено проявява вашия импулс в партньорствата — романтични, делови или съдружия. Взаимоотношенията могат да са страстни, динамични и понякога конфликтни: привличане често върви ръка за ръка с триене. Търсите човек, който може да ви противостои и да ви предизвиква, но това може да ражда и съперничество или неизказани борби за власт. Полезно е да практикувате открита комуникация, ясни граници и начини за конструктивно разрешаване на спорове, за да превърнете интензивността в партньорска сила.","Mars in the 7th house typically places your drive in the realm of partnerships — romantic, business or legal. Relationships may be intense and passionate, often accompanied by sharp friction: attraction and conflict can coexist. You may crave a partner who can match your energy and stand up to you, which can be stimulating but also create rivalry or power struggles. Developing direct communication, agreed-upon boundaries, and fair conflict-resolution methods helps turn the heat into mutual growth rather than recurrent clashes."
"PlanetInHouseLines","entries|mars_8","Марс в 8 дом насочва енергията към дълбоки, трансформиращи връзки — общи финанси, интимност, наследства и скрити процеси. Влизате интензивно във връзките и трудно забравяте обиди; финансовите и емоционалните теми, които са споделени, могат да провокират борби. Това поставя силен акцент върху силата, контролa и интимността: може да искате да решавате въпроси директно, дори конфронтационно. Полезно е да развиете практики за емоционално освобождаване, открити разговори за притежания и очаквания, и да потърсите трансформация чрез честност и граници, а не чрез пасивна агресия.","Mars in the 8th house tends to channel energy into deep, transformative arenas — shared finances, intimate unions, inheritances and hidden dynamics. You may go all in emotionally and remember slights for a long time; money and unspoken issues shared with others can trigger fights. Themes of power, control and sexual intensity are highlighted, and you may prefer to address problems head-on, even confrontationally. Constructive approaches include clear agreements about resources, practices for emotional release, and learning to transform intensity into healing conversations rather than cycles of resentment."
"PlanetInHouseLines","entries|mars_9","Марс в 9 дом често насочва борбения импулс към вярвания, идеологии, пътуване и лична експанзия. Готови сте да защитавате убежденията си страстно и да изразявате мнението си открито; когато ви казват какво да мислите, обикновено реагирате със съпротивление. Това може да доведе както до силни лидерски позиции, така и до конфликти по идеологически въпроси или склонност да се противопоставяте автоматично. Препоръчително е да търсите интелектуални предизвикателства, учене и пътешествия, които разширяват перспективата ви, и да практикувате слушане, за да смекчите ненужния спор.","Mars in the 9th house often directs your combative energy toward beliefs, philosophies, travel and personal growth. You’re willing to defend convictions passionately and speak plainly; being told what to think is likely to provoke resistance. This can manifest as principled leadership and courageous advocacy, but also as ideological clashes or reflexive rebellion. Productive outlets include higher learning, exploratory travel, debate that sharpens rather than entrenches views, and practicing open-minded listening so your zeal becomes a force for expansion rather than polarisation."
"PlanetInHouseLines","entries|mercury_1","Мислите ви са бързи и често излизащите думи оформят образа ви — говорите за себе си и за идеите си почти автоматично. Начинът, по който изразявате мисълта си, често определя как ви възприемат другите; остроумие и непосредственост могат да работят в полза или да създадат впечатление на импулсивност. Това положение насочва към силна комуникативна идентичност и желание да бъдете разбран веднага. Полезно е да практикувате паузи преди важни изказвания, да усъвършенствате своето публично послание и да развивате умението да слушате, за да балансирате говоренето си.","Your thoughts are quick and your words often shape how others see you — you tend to speak about yourself and your ideas almost reflexively. The way you communicate becomes part of your identity; wit and immediacy can be assets but may also come across as impulsive. This placement points to a strong communicative persona and a desire to be understood right away. Useful practices include pausing before important remarks, refining your public voice, and developing listening skills to balance the impulse to speak."
"PlanetInHouseLines","entries|mercury_10","Мисленето ви е насочено към резултати и обществен образ: цените как думите ви звучат пред другите и какви последици носят. Умеете да аргументирате позиции с професионален тон и често мислите стратегически за кариера, репутация и дългосрочни цели. Може да чувствате натиск да бъдете точни и да избягвате импулсивни изказвания. Съвет: планирайте публичните си изяви, упражнявайте ясност и съобразявайте искреността с професионалността, за да постигнете доверие и влияние.","Your thinking is result‑oriented and mindful of public image: you consider how your words will land in professional or official contexts. You can communicate with authority and tend to plan strategically about career, status and long‑term objectives. There may be pressure to be measured and avoid impulsive remarks. Use preparation and clarity to your advantage — rehearsed messaging, concise writing and aligning authenticity with professional standards help you speak persuasively while protecting your reputation."
"PlanetInHouseLines","entries|mercury_11","Идеите ви идват от мрежи и общи каузи: мислите ви са ориентирани към бъдещето и груповата перспектива. Често развивате иновативни решения в екип, в социални мрежи или чрез колективни проекти; технологиите и идеите за промяна ви вълнуват. Може да разпилявате вниманието си между много инициативи. Практически съвет: изберете няколко значими гнезда за ангажимент и използвайте мрежите за обратна връзка и реализация на идеите си.","Your ideas come from networks and collective causes: you think in terms of future possibilities and “we” rather than “I.” Mercury here excels at collaborative innovation, social projects and using technology or groups to spread ideas. There’s a tendency to scatter energy across many initiatives, however. Focus on a few meaningful collaborations, use your network for feedback and amplification, and turn group brainstorming into concrete plans to move promising ideas from concept to action."
"PlanetInHouseLines","entries|mercury_12","Мисленето ви често работи под повърхността: интуицията и тихите прозрения могат да ви дадат представа преди да можете да я артикулирате. Тишината, самотата или творческите практики подпомагат формирането на ясни мисли; понякога обаче думите остават неказани и може да се появи обърканост или склонност към самозаблуда. Съвет: водете журнал, търсете терапевтична или артистична изява и създайте ритуали, които помагат да превърнете вътрешните прозрения в конкретни идеи.","Your thinking often operates beneath the surface: intuition and quiet insights can precede clear articulation. Solitude, meditation or creative practice helps these subtle thoughts coalesce, but there can also be confusion, self‑deception or a habit of keeping ideas private. To make inner knowing practical, try journaling, therapy or artistic expression; rituals that externalize thoughts — timed writing, drafts and sharing with a trusted person — can help translate subconscious material into usable ideas."
"PlanetInHouseLines","entries|mercury_2","Мисълта ви обича практичността: оценявате стойността, ефективността и трайността на нещата. Разсъжденията ви често се въртят около пари, ресурси и умения — не ви допада празен разговор или абстрактни словесни въртележки. Това положение насочва към умението да изразявате стойността си ясно и спокойно, но може да води до прекалено стеснен поглед върху идеите. Полезно е да тренирате изразяване на нуждите си без защита, да документирате постигнатото и да използвате комуникацията си за договаряне на ресурси и собствена оценка.","Your mind prefers practicality: you assess worth, efficiency, and durability. Your thinking often revolves around money, resources, and skills — empty chatter or abstract babble tends to lose your interest. This placement points to an ability to state value clearly, but it can narrow your perspective. Helpful steps include practicing non-defensive ways to express your needs, documenting achievements, and using communication as a tool to negotiate resources and assert your worth."
"PlanetInHouseLines","entries|mercury_3","Мислите ви са бързи, многопосочни и любопитни — учите лесно и често търсите ежедневна нова информация. Комуникацията, кратките връзки и обменът на идеи ви зареждат; имате естествен усет за разговори в кварталния, учебния или пътуващия контекст. Това положение насочва към нуждата от интелектуално разнообразие, но може да доведе до разпиляване или повърхностно боравене с теми. Практически подходи включват структуриране на проучванията си, водене на бележки, фокусирани проекти за учене и използване на многозадачността за полза, а не като разсейване.","Your mind is quick, multifaceted, and curious — you learn easily and often need something new to absorb each day. Communication, short trips, and local networks energize you; you have an instinct for exchanges in neighborhood, learning, or travel contexts. This placement points to a hunger for intellectual variety but can also lead to scattering or superficial treatment of topics. Practical tactics include organizing your research, keeping notes, committing to focused learning projects, and channeling multitasking into productive patterns rather than distraction."
"PlanetInHouseLines","entries|mercury_4","Мисленето ви е тясно свързано с дома, корените и семейните истории; решенията често преминават през призмата на това как е било в миналото. Спомените и семейните наративи формират начина ви на разсъждение и важат като референт за настоящите избори. Това положение насочва към чувствителен, ретроспективен ум, който намира сигурност в познатото, но може да бъде склонен към застояване или повтаряне на модели. Полезно е да записвате семейните истории, да разговаряте открито с близките си и да използвате преразказа на миналото като инструмент за преработване, а не за ограничаване.","Your thinking is tied to home, roots, and family stories; decisions often pass through the prism of how things were in the past. Memories and domestic narratives shape your reasoning and serve as reference points for current choices. This placement points to a sensitive, retrospective mind that finds security in the familiar but may risk getting stuck in patterns. Helpful steps include writing down family stories, having open conversations with relatives, and using your personal history as material for reframing rather than as a constraint."
"PlanetInHouseLines","entries|mercury_5","Умът ви е игрив и креативен: мислите ви често работят чрез игра, хумор и въображение. Лесно намирате нови начини да изразите себе си — разказване, сценично присъствие или проекти за удоволствие са естествена среда за мислене. Може да учите най-добре чрез опит и експерименти, но да избягвате рутинни задължения. Практически съвет: канализирайте любопитството си в хоби или творчески проект, който позволява свобода и радост, и се ангажирайте с малки срокове, за да не се откажете преди да довършите.","Your mind is playful and inventive: you often think in images, jokes and creative experiments. You learn best through doing and enjoy communicating through stories, performance, or projects that feel like play. Routine chores can feel stifling, so you may need variety and short, inspiring goals to sustain focus. This placement favors teaching, storytelling or creative problem‑solving; watch for a tendency to abandon tasks once novelty fades. Practical tip: turn learning into a game or schedule brief, regular creative sessions to build discipline without killing the fun."
"PlanetInHouseLines","entries|mercury_6","Мисленето ви е практично и аналитично: фокусирате се върху детайли, списъци и оптимизация на процеси. Умът ви работи като инструмент за работа — забелязвате несъответствия и решавате конкретни проблеми, особено в сферата на здравето и ежедневните задължения. Може да сте склонни към притеснение или прекален перфекционизъм. Съвет: използвайте системи, планиране и регулярни паузи; делегирането и ясните приоритети помагат да избегнете изтощение.","Your thinking is practical and detail‑oriented: you notice omissions, make lists and excel at improving routines and procedures. Mercury here makes the mind a productive tool for work, health, and service tasks, spotting errors before others do. There can be a tilt toward worry or perfectionism, especially about efficiency. Constructive approaches include routines, checklists and brief breaks; delegating and prioritizing reduce overload and let your problem‑solving be effective without becoming draining."
"PlanetInHouseLines","entries|mercury_7","Мислите се оформят в диалог: предпочитате да мислите и решавате чрез разговори и взаимодействие с другите. Връзките и партньорствата често стимулират идеи и ви оглеждат за противоположна гледна точка, което ви помага да изострите аргументите си. Може да зависите от обратна връзка или да отразявате мнение, което не е ваше. Практически съвет: упражнявайте ясна комуникация и граници — използвайте диалог като инструмент за уточнение, не само за потвърждение.","Your thinking takes shape through dialogue: you often clarify ideas by talking with someone and refining them in exchange. Partnerships and one‑to‑one interactions stimulate your mind and help you see alternative perspectives, making you a good negotiator and mediator. There is a risk of overreliance on others’ opinions or mirror‑thinking, so work on stating your own view clearly. Use structured conversations and active listening to channel this strength into constructive outcomes rather than habitual agreement."
"PlanetInHouseLines","entries|mercury_8","Умът ви копае под повърхността: интересувате се от причините, тайните и трансформацията. Аналитичното ви любопитство ви насочва към финансови или психологически теми, изследвания и всичко, което изисква задълбочено мислене. Може да имате склонност към обсесивно преживяване на идеи или подозрения. Практически подход: употребявайте тази интензивност при изследователска работа или терапия, задавайте ясни граници и практики за разграждане на мисловни цикли, за да избегнете рuminативни навици.","Your mind digs beneath surface appearances: you’re drawn to hidden motives, transformation, and matters of shared resources or psychology. Mercury here favors investigative work, research and conversations that probe depth rather than small talk. This intensity can become brooding or suspicious if unchecked, sometimes leading to rumination. Channel the focus into structured inquiry, therapeutic reflection or forensic tasks, and set limits — journaling, clear boundaries and timed thinking sessions help turn depth into productive insight rather than anxiety."
"PlanetInHouseLines","entries|mercury_9","Мислите ви са ориентирани към широка перспектива: търсите значение, философия и разбиране на голямата картина. Интересувате се от чужди култури, закони, религия или образователни теми; пътувания и учене разширяват мисленето ви. Дребните детайли могат да ви отегчават, затова е полезно да комбинирате визионерско мислене с методичност, когато е необходимо. Съвет: структурирано учене или преподаване ще направят идеите ви по‑влиятелни и приложими.","You think in broad strokes: meaning, philosophy and big‑picture frameworks matter more than minutiae. Mercury in the ninth favors study, languages, travel and ideas that expand your worldview; you seek principles and context. Small details can feel tedious, so pairing visionary thinking with disciplined study or systematic research strengthens your conclusions. Practical tip: commit to a focused course or teaching opportunity — translating wide ideas into clear lessons increases their impact and helps you avoid superficial generalizations."
"PlanetInHouseLines","entries|moon_1","Вашето емоционално състояние често се вижда преди да кажете и дума; хората реагират не на вашите обяснения, а на излъчването ви. Това насочва към потребност да сте автентични пред другите, вместо да играете роля. Може да изпитвате уязвимост към бързи настроения и да привличате огледално поведение. Практически: развивайте малки ритуали за заземяване, работете с езика на тялото и отделяйте време за саморефлексия, за да управлявате първите импулси.","Your emotional tone often shows before you say a word; people respond to your vibe rather than your explanations. This points to a need to be authentic in public rather than to play a part. You may experience quick mood shifts and attract mirror responses from others. Practically, cultivate grounding rituals, be mindful of body language, and make time for self-reflection so you can notice first impulses and choose how to express them constructively."
"PlanetInHouseLines","entries|moon_10","Емоционалната ви сигурност често е свързана с обществения ви образ и признанието, което получавате за труда си. Личното и професионалното се смесват — успехът на работното място действа като утеха, а емоционалните вълни могат да се отразят на репутацията ви. Това положение насочва към нуждата да бъдете уважавани за това, което давате, но може да породи зависимост от външно одобрение и колебание в границите между работа и дома. Полезно е да изграждате вътрешни стандарти за стойност, да си създавате ритуали за възстановяване след публични ангажименти и да споделяте нуждите си с близки, за да избегнете емоционално изтощение.","Your emotional stability is often tied to your public image and the recognition you receive for what you do. Private life and career tend to blend — professional success can serve as comfort, while mood changes may show up in your reputation. This placement points to a need to be respected for your contributions, but it can also create a dependence on external approval and blurred boundaries between work and home. Helpful strategies include cultivating internal standards of worth, building recovery rituals after public work, and communicating your emotional needs to trusted people to avoid burnout."
"PlanetInHouseLines","entries|moon_11","Често намирате утеха в приятелите и в общностите, към които принадлежите; сред свои хора се възстановявате и се чувствате подкрепени. Социалните групи и каузите, с които се идентифицирате, оказват силно влияние върху настроението ви и могат да бъдат източник както на радост, така и на уязвимост. Това положение насочва към нуждата от приобщаване и смислени контакти, но може да донесе и емоционална зависимост от настроенията на групата или идеализиране на приятелствата. Полезно е да изграждате няколко стабилни връзки, да участвате в дейности с обща цел и да отделяте време за саморефлексия, за да не се размиете в общото.","You often find comfort within friends and communities; among your people you recover and feel supported. Social groups and causes you identify with have a strong effect on your mood and can be sources of both joy and vulnerability. This placement points to a need for belonging and meaningful connections, but it can also bring emotional reliance on group moods or the tendency to idealize friends. Helpful approaches include fostering a few steady relationships, engaging in purposeful group activities, and carving out time for personal reflection so you don’t lose your emotional center in the collective."
"PlanetInHouseLines","entries|moon_12","Често имате нужда от тихо усамотение — периоди без присъствието на други хора, в които да подредите чувствата си. Скъпоценната ви капацитет да поемате чужди настроения може да означава, че понякога носите емоционалния товар на околните. Самотата ви помага да различите кое е ваше и кое не, и да излекувате неосъзнатите рани. Това положение насочва към дълбока емпатия и вътрешна работа, но крие риск от изолация или потискане на чувства. Практични стъпки са установяването на рутинни моменти за уединение, творческа или терапевтична работа и ограничаване на прекаленото поглъщане на емоции от другите.","You often need quiet time alone to sort out your feelings. Your sensitivity means you can absorb other people’s moods, and solitude helps you determine which emotions are truly yours. This placement points to deep empathy and an inclination toward inner work, but it also carries a risk of withdrawal or suppressing feelings. Practical measures include setting regular periods of solitude, engaging in creative or therapeutic practices to process what you pick up, and learning gentle boundaries to avoid taking on others’ emotional burdens."
"PlanetInHouseLines","entries|moon_2","Успокоявате се при усещане за материална и емоционална сигурност: стабилен доход, храна, познати вещи и рутинни навици. Несигурността по тези линии може да ви държи напрегнати, дори когато останалите области са на място. Това подсказва важността на практическите стъпки — бюджет, резервен фонд, рутина за грижа за себе си — както и работа върху вътрешното усещане за стойност, за да не разчитате само на външни гаранции.","You tend to calm down when there is a sense of material and emotional security: a steady income, food on hand, familiar possessions and routines. Insecurity around these matters can keep you tense even when other life areas are fine. This highlights the value of practical measures — budgeting, an emergency fund, simple self-care routines — alongside inner work on self-worth, so stability isn’t only dependent on external conditions."
"PlanetInHouseLines","entries|moon_3","Чувствате потребност да говорите скоро за това, което ви тревожи; мълчанието тежи повече от самия проблем. Емоциите ви се проявяват в общуването, в писане и в кратки връзки с близки и съседи. Това може да ви прави импулсивни в репликите или да търсите потвърждение чрез разговор. Полезно е да отделяте време за оформяне на мисълта — дневник, разговор с доверен човек или кратка пауза преди реакция.","You feel a strong urge to speak soon about what bothers you; silence often weighs heavier than the issue itself. Emotions come out through communication, writing, and short daily interactions with neighbors, siblings, or colleagues. This can make you impulsive in remarks or seeking reassurance through talking. It helps to create space to shape your thoughts — journaling, a trusted listener, or a brief pause before responding — so feelings can be expressed more clearly."
"PlanetInHouseLines","entries|moon_4","Домът и корените често функционират като емоционално убежище: когато в семейната среда цари спокойствие, и вие сте по-уравновесени; когато домът е разтревожен, нищо вън не компенсира това. Това насочва към важността на ритуали, граници и грижа за вътрешното пространство. Възможни са силни привързаности към родителите или миналото — полезно е да разграничавате нуждата от принадлежност от прекомерната зависимост и да търсите здравословни начини да се успокоявате.","Home and roots often act as your emotional refuge: when the domestic sphere is calm, you feel steadier; when it’s unsettled, outside successes may not compensate. This points to the importance of rituals, boundaries, and tending your inner space. Strong attachments to family or the past are common, so it can be useful to distinguish the need for belonging from over-dependence, and to develop healthy ways to soothe yourself — routines, familiar objects, or a safe confidant."
"PlanetInHouseLines","entries|moon_5","Търсите радост, внимание и емоционално участие чрез творчество, игра или взаимоотношения. Играта и творенето за вас не са лукс, а начин за възстановяване; нуждаете се от похвала и признание, за да се чувствате хранени. Възможно е да се изкушавате да търсите одобрение чрез романтика или сценично проявление — полезно е да практикувате творчество без очакване за възнаграждение и да намирате източници на радост, които идват вътре от вас.","You seek joy, attention, and emotional engagement through creativity, play, and romantic expression. Play and making things are not a luxury but a form of recovery; you often feel nourished by praise and recognition. There can be a tendency to seek validation through romance or public performance, so it’s helpful to practice creating for its own sake and to cultivate inner sources of pleasure that don’t depend on external applause."
"PlanetInHouseLines","entries|moon_6","Успокоявате се, когато въвеждате ред: списък, режим, завършени задачи. Здравето и ежедневните навици имат пряк ефект върху настроението ви; хаосът в дребните детайли може да ви разстройва повече, отколкото изглежда. Това насочва към практична грижа — процедури, ясни граници в обслужване на другите и реалистични очаквания. Внимавайте да не изразходвате емоционалната си енергия за дребни перфекционистки идеали.","You calm down when you introduce order: a list, a routine, or a completed task. Daily habits and health routines directly affect your mood; chaos in small details often bothers you more than it appears. This points to practical self-care — predictable procedures, clear boundaries around service to others, and realistic expectations. Be mindful not to drain emotional energy on minor perfectionism; allow imperfection in everyday life to reduce stress."
"PlanetInHouseLines","entries|moon_7","Емоционалната ви стабилност често зависи от връзките с другите; имате нужда от близост и партньорство, за да се чувствате сигурни. Когато сте сами може да се чувствате неспокойни, докато близостта ви балансира. Това насочва към силна чувствителност към нуждите на партньора и риск от огледално или кодепендентно поведение. Полезно е да развивате автономност и ясна комуникация, така че връзките да бъдат подкрепящи, а не обвързващи.","Your emotional balance often depends on relationships; you need closeness and partnership to feel secure. Alone you may feel restless, while intimacy helps steady you. This points to sensitivity to a partner’s needs and the risk of mirror-like or codependent patterns. It’s helpful to nurture autonomy alongside togetherness, practice clear communication about needs, and choose relationships that provide mutual support rather than enmeshment."
"PlanetInHouseLines","entries|moon_8","Привързвате се дълбоко и преживявате интензивни трансформации чрез интимни връзки и споделени ресурси. Търсите истинска близост, а не повърхностни контакти, и може да изпитвате страх от загуба или контрол. Това насочва към тема на доверие, финансова и емоционална прозрачност и работа с мощни чувства — ревност, траур, желание за сливане. Практически: изграждайте бавни стъпки за доверие, разглеждайте динамиките в терапия или разговор и приемайте, че промяната е цикъл.","You form deep attachments and undergo intense transformation through intimate relationships and shared resources. You tend to seek real emotional depth rather than surface contact, and may carry fears around loss or control. This highlights issues of trust, emotional and financial transparency, and working with powerful feelings — jealousy, grief, or the urge to merge. Practically, build trust gradually, examine relational dynamics in therapy or honest conversation, and recognize that change often comes in cycles."
"PlanetInHouseLines","entries|moon_9","Намирате емоционален покой, когато разширите хоризонтите си: пътуване, нова учебна тема или смяна на обстановката често действат като лечебен поток. Затворените пространства и рутинният кръг ви натоварват и ви карат да се чувствате притиснати. Това положение насочва към силна нужда от смисъл и вътрешно проумяване чрез опит и перспектива извън ежедневното — философия, религия, академично обучение или чуждестранни пътувания. Възможни са колебания между желание за свобода и търсене на корените; практическо средство е да планирате периоди на изследване, четене и пътуване, които да ви дават сигурност, без да губите своята емоционална стабилност.","You often feel soothed by getting out of the usual frame: a trip, a new subject to study, or different surroundings can act like emotional balm. Closed spaces and repetitive circles tend to wear you down. This placement points to a need for meaning and understanding through experience and expanded perspective — whether through philosophy, higher education, travel, or cultural exchange. You can swing between restlessness and a search for roots. Practical steps that help are scheduling regular learning or travel windows, reading broadly, and choosing experiences that allow inner reflection while providing structure."
"PlanetInHouseLines","entries|neptune_1","Хората често проектират свои желания върху образа ви и вие може да се оставяте да бъдете видяни по определен начин. Идентичността ви е пластична: улавяте настроението на стаята и понякога се приспособявате без съзнателен избор. Това дава на външния ви вид и поведението ви емпатична, мистериозна нотка, подходяща за изкуство, роля или лечение. В същото време има риск да загубите ясни граници. Практически съвет: развивайте лично ритуалите, които ви заземяват, и ясно формулирайте кога и как давате енергията си на другите.","People often project their hopes onto your image, and you may allow yourself to be seen in ways that reflect others’ needs. With Neptune in the 1st, your sense of self can be fluid; you absorb the mood of the room and adapt before you decide to. That lends your presence a compassionate, elusive quality useful in the arts, healing, or performance. The downside is blurred boundaries and occasional loss of a distinct identity. Practical advice: cultivate grounding rituals, clarify personal limits, and practice expressing your needs so empathy doesn’t become self‑erasure."
"PlanetInHouseLines","entries|neptune_10","Нептун в 10-ти дом насочва обществения ви образ и кариерата към нюанси, творчество и често нееднозначно самопредставяне: посоката ви пред света не винаги е права линия и насилването ѝ рядко помага. Хората виждат образ, който е идеализиран или филтриран — това може да донесе възхищение, но и объркване относно истинската ви роля. Практично: развивайте ясни професионални граници, търсете прозрачност в публичните обещания, работете с ментор или екип, който може да преведе визията ви в конкретни стъпки.","Neptune in the 10th house often brings subtlety and imagination to your public image and career, but it can also create ambiguity about your professional direction. Your path to the world may not follow a straight line, and forcing a single narrative rarely helps. People may project an idealized or filtered version of you, which can attract admiration while obscuring the real responsibilities you hold. Practical measures include setting clear professional boundaries, ensuring transparency around public commitments, and partnering with mentors or teams who can translate your vision into concrete, sustainable work."
"PlanetInHouseLines","entries|neptune_11","Нептун в 11-ти дом често ви привлича към каузи и кръгове, които обещават по-голяма цялост и идеали: вие давате много за групови проекти и мислите в общи, често романтизирани термини. Правилният кръг ви може да повдигне и да подсили визията ви; грешният — тихо да ви източва, когато очакванията са неясни. Трудности включват вмъкване в колективи без ясни граници или идеологична слепота. Съвет: преценявайте практическата структура на групите, запазвайте лични граници и търсете съюзници, които балансират идеалите с реални действия.","Neptune in the 11th house often draws you toward causes and communities that promise a larger purpose. You may give generously to collective ideals and imagine utopian possibilities for your social circles. The right group can uplift and amplify your vision; the wrong one may quietly drain you when expectations and roles are unclear. Common tensions include losing yourself in ideological enthusiasm or joining collectives without practical structure. Helpful practices are evaluating a group’s governance, maintaining personal boundaries, and seeking collaborators who blend idealism with accountable, tangible action."
"PlanetInHouseLines","entries|neptune_12","Нептун в 12-ти дом ви угажда на онова, което не се вижда: сънища, молитва, тишина и дълбока самота. Домът ви за уединение и вътрешни процеси често е място на силно въображение, духовна чувствителност и периоди на отдръпване. Границите могат да бъдат постоянна задача — вие може да се изгубите в състрадание, зависими модели или вътрешни фантазми. Полезно е да изграждате защитни практики: редовна самонаблюдение, терапия, ясни ритуали за рестарт и практичен подход към моментите, когато служите или се жертвате за другите.","Neptune in the 12th house often places you at home in what cannot be seen: dreams, solitude, prayer and the unconscious. This sector usually heightens spiritual sensitivity, imagination and times of withdrawal, while making boundaries a central life task rather than a minor detail. You may be prone to losing yourself in compassion, dependent dynamics or inner fantasies. Constructive measures include maintaining reflective practices, seeking therapeutic support, setting clear rituals for rest and recovery, and learning pragmatic limits around service so empathy becomes sustainable rather than self-erasing."
"PlanetInHouseLines","entries|neptune_2","Отношението ви към парите и стойностите е меко и понякога неясно — доходите може да идват от неочаквани или творчески източници и да се разпиляват без ясна отчетност. Идеализмът към притежанията или склонността да виждате стойност отвъд материалното може да обогатява, но и да създава икономическа нестабилност. Съвет: съчетайте интуитивните си финансови инстинкти с конкретни инструменти — бюджет, спестовни навици и прозрачни споразумения. Така ще останете верни на ценностите си, без да подкопавате сигурността си.","Your relationship to money and values tends to be soft and sometimes unclear — income may arrive from unexpected or creative sources and slip away without precise accounting. Neptune in the 2nd can heighten idealism about possessions, seeing value beyond the material, which enriches life but can create financial vagueness or susceptibility to unrealistic schemes. Practical steps: pair your intuitive financial sense with concrete tools — budgeting, savings plans, and clear agreements — so you can honor your values while building the stability needed to support them."
"PlanetInHouseLines","entries|neptune_3","Улавяте незаявеното и често говорите чрез образи, метафори или музика, а не чрез сухи факти. Възприятията ви са силно интуитивни — атмосферното впечатление има по‑голяма тежест от буквата на информацията. Това дава талант към творческа комуникация, емпатия и работа със символи, но може да води до недоразумения, неточности или пропуснати детайли. Практика: използвайте образността в изкуството или писането, но когато е нужна яснота — проверявайте факти, структурирайте посланията и прилагайте кратки, конкретни формулировки.","You pick up on what’s unsaid and tend to communicate in images, metaphor, or tone rather than dry facts. Neptune in the 3rd favors intuitive perception: atmosphere often matters more to you than literal detail. This can be a gift for creative writing, storytelling, or empathetic listening, but it also risks misunderstandings, vagueness, or skipped specifics. Practical measures: harness your poetic voice in art or dialogue, while creating simple checks for accuracy when precision is needed — verify facts, outline key points, and use brief concrete statements alongside your evocative expressions."
"PlanetInHouseLines","entries|neptune_4","В семейната ви история има нюанси, които остават неясни — липса, неразказана версия или идеализирана памет, която не съвпада с фактите. Домът и корените могат да бъдат място на дълбока носталгия, състрадание и мечти, но и източник на несигурност или склонност към бягство. Практически подход: изследвайте семейните разкази с любопитство и чувствителност, оформете реални домашни ритуали и граници, и използвайте творчески практики или терапия, за да превърнете неяснотата в ресурс за емоционално узряване.","There are subtle ambiguities in your family story — an absence, an untold version, or an idealized memory that doesn’t quite match reality. Neptune in the 4th can make home a place of longing, compassion, and imaginative refuge, but also of insecurity or a tendency to escape. Practical guidance: explore family narratives with gentle curiosity, establish concrete domestic rituals and healthy boundaries, and consider creative work or therapy to process inherited fog. This helps turn familial mystery into material for emotional growth rather than a persistent source of doubt."
"PlanetInHouseLines","entries|neptune_5","Нептун в 5-ти дом насочва творческата ви енергия към въображение и идеализъм: често създавате от място, което не можете напълно да обясните, и се влюбвате в образи или възможности преди в човека или проекта. Дарбата ви за емоционално изразяване и художествени импровизации е истинска, но може да срещате и разочарования, когато реалността не съвпада с фантазията. Практически насоки: търсете обратна връзка, работете с доверен сътрудник, въведете рутинни практики, които да приземяват идеите, и отделяйте време за проверка на границите в романтични и творчески връзки.","Neptune in the 5th house often steers your creative drive toward imagination, romance and symbolic play. You may fall in love with an idea, image or romantic fantasy before you connect with the person or project itself. Your sensitivity and artistic flair are genuine, but disappointment can follow when practical details don’t match the vision. Constructive approaches include seeking honest feedback, collaborating with grounded partners, establishing simple routines to finish projects, and practicing clear boundaries in romantic or parental roles so inspiration can be expressed without self-deception."
"PlanetInHouseLines","entries|neptune_6","Нептун в 6-ти дом често прави здравословното и професионалното поле деликатно: тялото ви може да сигнализира за вътрешни състояния преди ума да ги разбере, и чувството за смисъл в работата оказва директен ефект върху благосъстоянието. Работа, която е лишена от значение за вас, може да се отрази по-остро отколкото физически натиск. Възможни тенсии: склонност към бягство, пренебрегване на малки детайли, неопределени граници с колеги. Практична схема: ритуали за самоподдържане, ясни граници, проверка на храни, сън и терапевтични практики.","Neptune in the 6th house often sensitizes everyday work and health to subtle, emotional currents. Your body can register stress or meaninglessness before your conscious mind does, so work that feels empty may affect you more quickly than physically demanding labor. Issues to watch for include confusion around duties, tendency to avoid routine, and porous boundaries with coworkers or clients. Practical steps: establish simple self-care rituals, keep regular sleep and nutrition patterns, clarify role expectations, and consider therapeutic or somatic practices that help translate inner signals into concrete care and productive daily habits."
"PlanetInHouseLines","entries|neptune_7","Нептун в 7-ми дом насочва отношенията към идеализация, състрадание и понякога объркване: често виждате най‑доброто в партньора и понякога пропускате практическите знаци за несъвместимост. Това дарява способност за дълбока преданост и емпатия, но също така може да доведе до неясни граници, жертване или зависими динамики. Развитие: учете се да различавате изображението от човека пред вас, да настоявате за прозрачност и обмен в партньорствата и да изграждате взаимно отговорни рамки — така предаността става сила, не уязвимост.","Neptune in the 7th house often colors partnerships with compassion, idealism and occasional ambiguity. You may naturally see the best in others and sometimes overlook practical incompatibilities. That capacity for devotion can be a strength, enabling deep empathy, but it also risks unclear boundaries, self-sacrifice or confusing dynamics. Growth comes from learning to distinguish the image of the partner from who they are, insisting on openness about needs and resources, and creating accountable agreements so commitment functions as grounded care rather than dissolving your sense of self."
"PlanetInHouseLines","entries|neptune_8","Нептун в 8-ми дом насочва трансформацията, интимността и общите ресурси към сферата на несъзнаваното: често давате повече, отколкото можете да отчетете, и предпочитате да не задавате въпроси за общите пари или властта в близките връзки. Това може да доведе до уязвимост към експлоатация или до неясни финансови споразумения. В същото време интуицията ви за намеренията на другите е силна. Практически съвети: изграждайте юридически ясни договори, поддържайте финансови граници, търсете терапевтична подкрепа при дълбоки емоционални промени и развивайте здравословни ритуали за преминаване през кризи.","Neptune in the 8th house often brings a heightened sensitivity around shared resources, intimacy and psychological transformation. You may give more than you can later account for and avoid practical questions about joint finances or power dynamics. That openness can create vulnerability to exploitation or murky agreements, even though your instinct about people’s motives tends to be unusually acute. Useful practices include keeping clear financial arrangements, maintaining boundaries around what you share, seeking therapeutic guidance during deep transitions, and developing grounding rituals for emotional and material exchanges."
"PlanetInHouseLines","entries|neptune_9","Нептун в 9-ти дом обостря нуждата от смисъл, вяра и опити, които надхвърлят доказуемото: често предпочитате убеждения, които дават цел и опиянение, преди рационални доводи или доказателства. Това може да ви отвежда към духовни практики, идеологии или пътувания, които разширяват съзнанието, но и към склонност към неспецифични или неясни вярвания. Балансът идва от проверка на преживяванията, диалог с различни гледни точки и интегриране на откритията в ежедневния ви морален и интелектуален живот.","Neptune in the 9th house often heightens the search for meaning, transcendent belief and experiences that can’t be fully proven. You may favor convictions that provide purpose or a sense of mystery over strictly rational argument. This orientation can lead you toward spiritual practices, expansive travel or philosophical exploration, but it may also open you to vague doctrines or untested ideals. Grounding strategies include testing beliefs through study and conversation, integrating spiritual insights with ethical practice, and balancing inspirational openness with critical discernment."
"PlanetInHouseLines","entries|pluto_1","Хората често усещат присъствието ви дори когато мълчите; вашата енергия може да привлича или да изплаши. Животът ви най-вероятно е минал през поне една фундаментална преоценка на Аз‑идентичността — период, в който демонтирате старите маски и се сглобявате наново. Това дава и силна лична воля, и склонност към интензивни конфронтации или стремеж към контрол. Практически, процесът може да включва работа със сенките, терапия или целенасочено творчество: канализирайте силата си в граници, които уважават и вашите, и чуждите нужди, за да превърнете трансформацията в устойчиво самоизрастване.","People often notice your presence even when you’re silent; your energy can attract attention or unsettle others. You may have gone through at least one deep reinvention, a period when old masks were stripped away and your sense of self was rebuilt. That yields strong personal will but also tendencies toward intensity or control in interactions. Constructively, this placement invites shadow work, focused therapy, or disciplined creative work as outlets. Practice clear boundaries and conscious self-expression so the power you carry becomes a resource for steady growth rather than a force that overwhelms relationships or your own wellbeing."
"PlanetInHouseLines","entries|pluto_10","Привличат ви позиции с реално влияние и обществена отговорност, и често се справяте със ситуацията по-добре от мнозина. Кариерата ви може да премине през поне една радикална промяна — период на разпад и последващо възстановяване, който преоформя публичния ви образ. Властовите отношения, конфликти с началници или необходимостта да поемете тежестта на промяната са чест елемент от темата. Съвет: насочете плътността и решителността си към етична лидерска позиция, учете се на прозрачност и делегиране и използвайте личните кризи като катализатор за трайна професионална трансформация.","You are drawn to roles that carry real weight and responsibility, and you often handle them more competently than most. Your career path may include at least one radical turning point — a collapse followed by reconstruction that reshapes your public image. Power dynamics, conflicts with authority figures, or pressure to reform systems around you are common themes. Practical approach: channel your intensity into ethical leadership, cultivate transparency and teamwork, and view professional upheavals as opportunities to rebuild a more resilient, authentic public role rather than seize control through coercion."
"PlanetInHouseLines","entries|pluto_11","Оказвате влияние в групи и мрежи без да търсите вниманието; приятелствата и социалните ви връзки имат склонност да бъдат или дълбоко трансформиращи, или да се изчерпват драматично. Често сте това, което предизвиква промяната в каузи, общности или колективни проекти — понякога като катализатор, друг път като скрит двигател на процеса. Възможни са динамики на контрол, изключване или манипулация, ако не сте внимателни. Практически: изграждайте прозрачни граници, насърчавайте делегиране и включване, и използвайте силата си за организиране на подкрепящи, целенасочени общности.","You tend to exert influence within groups and networks often without seeking the spotlight; friendships and collective ties can become intensely transformative or end abruptly. You may act as a catalyst for change in causes, communities or collaborative projects — sometimes overtly, sometimes behind the scenes. Power struggles, exclusion or manipulative dynamics can arise if intensity is unexamined. Practical guidance: set clear boundaries, encourage shared leadership and accountability, and steer your influence toward building supportive, purpose-driven networks rather than controlling outcomes."
"PlanetInHouseLines","entries|pluto_12","Най-силните ви импулси често са скрити и ви движат от под повърхността; ако останат непрегледани, те могат да управляват поведението ви, но при съзнателна работа се превръщат в огромен източник на сила. Тази позиция насочва към вътрешна трансформация чрез среща със сенките — тайни, подсъзнателни страхове или неизказани чувства. Възможни са периоди на уединение, работа с терапия или духовни практики, които освобождават психическа енергия и творчески потенциал. Съвет: практикувайте системна вътрешна работа, използвайте изкуството, сънищата и терапията за интеграция, и пазете граници, докато изследвате тези дълбоки пластове.","What drives you most powerfully is often hidden beneath the surface; left unexamined, these forces can run your life, but when faced consciously they become a deep source of strength. This placement points toward inner transformation through engagement with unconscious material — secrets, repressed fears or unresolved grief. Periods of solitude, therapeutic work or spiritual practice can release psychic energy and creative power. Practical suggestions: commit to shadow work, use creative expression and dream work for integration, and maintain healthy boundaries while exploring these profound inner layers."
"PlanetInHouseLines","entries|pluto_2","Материалното често се свързва с въпроси на власт и стойност при вас — не само удобство, а признак на сигурност и контрол. Може да сте изпитвали крайна промяна в ресурсите си или да сте преминали през периоди на загуба и възстановяване, което е преначертало вътрешната ви ценностна система. Това може да доведе до интензивни реакции около притежания, дълг или общи средства. Полезно е да изграждате прозрачни финансови навици, да изследвате убежденията си за липса и стойност и да насочвате амбицията си в устойчиви инвестиции на умения и взаимоотношения.","For you, money and possessions often raise issues of power and self‑worth rather than mere comfort. You may have experienced sharp shifts in resources—periods of loss and recovery that reshaped what you value. That can create intense feelings around ownership, debt, or shared assets and sometimes prompts attempts to control or hold on tightly. Constructively, review your beliefs about scarcity and worth, establish transparent financial habits, and invest in skills and relationships that build long‑term security. Turning resource concerns into steady, intentional plans helps transform anxiety into lasting empowerment."
"PlanetInHouseLines","entries|pluto_3","Вашите думи и мисли носят интензитет и често достигат в дълбочина — понякога повече, отколкото предполагате. Имате склонност да копаете под повърхността: търсите скрити мотиви, тайни или логически връзки, и рядко се задоволявате с повърхностни отговори. Това може да ви направи силен изследовател, писател или комуникатор, но също така да предизвиква конфликти при остър език или манипулативни модели. Практически съвет: развивайте умения за слушане и емпатия, управлявайте любопитството си с етика и насочвайте интензивността в проекти за изследване, преподаване или дълбока творческа изява.","Your words and thoughts carry intensity and often probe deeper than you—or others—expect. You tend to dig beneath surface explanations, seeking hidden motives, secrets, or connections, and you rarely settle for easy answers. That makes you a powerful researcher, writer, or communicator, but it can also trigger friction if your speech becomes blunt or coercive. Practically, cultivate listening and empathy, temper investigative drive with ethical restraint, and channel your focus into investigative projects, teaching, or transformative creative work where your depth is an asset rather than a weapon."
"PlanetInHouseLines","entries|pluto_4","Домът и семейството често са сцена на дълбоки промени — мощни влияния, тайни или динамики на контрол, които може да са ви оформили още в ранна възраст. Може да сте преживяли семейни кризи или да носите наследени модели, които изискват осъзнаване и освобождаване. В същото време вие имате способността целенасочно да изграждате сигурна среда; домът може да се превърне в място на възстановяване и натрупване на вътрешна сила. Практически: работете с родовите истории, задавайте граници, създавайте ритуали за безопасност и оформяйте дома си така, че да подкрепя емоционалното ви възраждане.","Home and family often form the setting for deep upheaval—powerful influences, secrets, or control patterns that may have shaped you early on. You might have experienced family crises or carry inherited dynamics that call for conscious unravelling. At the same time, you can intentionally construct a home that supports regeneration; your domestic sphere has the potential to become a sanctuary for rebuilding inner strength. Practically, explore family narratives, set clear boundaries, establish restorative rituals, and design living spaces that foster emotional recovery and a sense of sovereignty."
"PlanetInHouseLines","entries|pluto_5","Емоциите и творческите ви стремежи са с интензитет — любовта, страстта и дори играта могат да променят живота ви коренно. Връзките и децата често са поле за трансформация, а творчеството ви може да бъде мощно, понякога мрачно или обсебващо. Има риск от драматични сцени, ревност или манипулация, когато енергиите ви не намират здрав израз. За конструктивно разгъване насърчението е да канализирате силата си в дисциплинирана практика, искрено споделяне и граници при интимност; творчество, което допуска уязвимост, ще донесе истинска промяна.","Your affections and creative impulses tend toward intensity—love, passion, and play can transform your life profoundly. Romantic entanglements and children may be arenas of deep metamorphosis, and your creative work can be powerful, sometimes dark or consuming. There is a risk of dramatic displays, jealousy, or manipulation when that energy lacks healthy outlets. To express this constructively, direct your intensity into disciplined practice, honest communication, and clear consent in intimate relationships. Creative projects that embrace vulnerability can become true catalysts for personal evolution."
"PlanetInHouseLines","entries|pluto_6","Ежедневната работа и грижата за тялото могат да придобият почти обсесивен характер, особено когато търсите контрол като средство за справяне. Рутините ви или ви реконструират, или постепенно ви изтощават — зависи доколко съзнателно ги управлявате. Здравословни практики и внимателно отношение към детайлите могат да доведат до дълбоки подобрения, но прекомерната самокритика или контрол може да предизвика износване. Полезно е да интегрирате ритуали за възстановяване, да делегирате задачи и да използвате интензитета си за целенасочена служба, а не за перфекционизъм.","Daily work and bodily care can take on an almost obsessive quality when control becomes your coping strategy. Routines may either rebuild you or wear you down over time, depending on how consciously you manage them. Healthful rituals and attention to detail can produce profound improvements, but excessive self‑criticism or micromanagement risks burnout. It helps to incorporate restorative practices, delegate where possible, and redirect intensity into purposeful service rather than perfectionism. Small, consistent changes often yield deeper transformation than dramatic, unsustainable efforts."
"PlanetInHouseLines","entries|pluto_7","Връзките ви често са арена на договаряне на власт — понякога тихо, друг път в очевидни конфликти. Партньорствата могат да ви променят дълбоко и да отворят както уязвимости, така и възможности за споделена сила. Има риск от проекции, манипулация или борба за надмощие, особено когато страхът от загуба или контрол е активен. За по‑здрав подход насочете енергията си към диалог, ясно договорени граници и взаимна отговорност; съвместната терапия или структурирани разговори могат да превърнат интензивността в честно сътрудничество.","Your relationships are often sites where power is negotiated—sometimes quietly, sometimes through overt conflict. Partnerships can transform you deeply, revealing vulnerabilities as well as opportunities for shared empowerment. There is a risk of projection, manipulation, or struggles for dominance, especially when fears about loss or control are active. A healthier approach is to channel intensity into open dialogue, clearly agreed boundaries, and mutual accountability. Couples therapy or structured conversations can help turn that intensity into collaborative growth rather than a zero‑sum contest."
"PlanetInHouseLines","entries|pluto_8","Усещате се комфортно в онези теми, които другите често избягват: интимност, споделени ресурси, загуба и възраждане. Може да преживеете силни моменти на крах и възстановяване, да се сблъскате с табута или да управлявате парични и емоционални зависимости. Това ви дава и способността за дълбока регенерация — вътрешна сила да преминете през кризи и да излезете променени. Практически съвет: работете върху прозрачност при общите средства, търсете терапевтична подкрепа при травматични преживявания и изграждайте здрави граници при интимност и финанси.","You tend to feel at home with topics many avoid: intimacy, shared resources, loss, and rebirth. You may go through intense cycles of breakdown and recovery, confront taboos, or navigate financial and emotional entanglements. That grants you a capacity for deep regeneration—a resilience that allows you to emerge from crises transformed. Practically, aim for transparency around joint finances, seek therapeutic support for traumatic material, and establish firm boundaries in intimacy and money matters. Channeling this depth into healing practices and honest commitments turns vulnerability into a source of empowerment."
"PlanetInHouseLines","entries|pluto_9","Вие не приемате убеждения наготово — вярванията ви се формират чрез крайни, често преображаващи опити. Когато една система от вярвания се срути, не просто я заменяте, а реконструирате цялата рамка за смисъл; това ви дава дълбока, почти археологическа компетентност в областите на философията, религията, високото образование и дълги пътувания. Напрежението може да се прояви като обсесивно търсене на „истината“ или като склонност към конфликт с авторитети и институции. Практически: изследвайте вътрешните си убеждения, приемайте кризите като възможности за прераждане на виждането си и използвайте това прозрение за учене, преподаване или трансформиращи пътувания.","You tend not to take beliefs lightly — your convictions are often forged through intense, transformative experiences. When a worldview collapses for you, it isn’t merely replaced; the whole framework of meaning is reconstructed. This can lead to deep engagement with philosophy, religion, higher education and long-distance travel as arenas for transformation. Tensions may show up as an obsessive quest for ‘truth’ or power struggles with institutions and teachers. Practical guidance: treat belief-change as growth, examine the assumptions that shape you, and channel the intensity into study, teaching, legal or spiritual work that reforms rather than dominates."
"PlanetInHouseLines","entries|rahu_1","Раху в 1-ви дом често насочва вниманието към индивидуалната проява: желаете да бъдете забелязани, да заявите присъствието си и да изградите характерна външност. Това може да ви тласка към смели, понякога провокативни избори — изглежда нескромно, но често е начин да изчистите старите маски и да откриете кой сте всъщност. Напрежението идва от склонността към драматично представяне или от загуба на вътрешна тишина. Практически: експериментирайте с израза си, тествайте реакциите, но съчетайте импулса с рефлексия и обратна връзка, за да не жертвате автентичността си заради ефекта.","Rahu in the 1st house often directs focus to how you present yourself: you feel driven to be noticed, to claim a distinct identity and to stand out. This impulse can push you toward bold, sometimes provocative moves — which may feel immodest, yet can be the necessary step to shed old masks and discover your core. Tension appears as performative habits or a loss of inner stillness. Practical guidance: experiment with your style and public persona, solicit honest feedback, and pair daring visibility with self-reflection so charisma supports genuine growth rather than mere attention-seeking."
"PlanetInHouseLines","entries|rahu_10","Раху в 10. дом често ви подтиква към видима роля и отговорност в общественото пространство — кариера, репутация, обществен принос. Тази позиция може да донесе стремеж към необичаен или интензивно амбициозен професионален път, да ви накара да търсите признание и влияние, понякога по нестандартни начини. Напреженията включват риск от прекалено фиксиране върху имиджа, етични компромиси или изгаряне от работа. Практични подходи включват изграждане на устойчиви граници, ясно поемане на отговорност и използване на видимостта за реални резултати, вместо за чисто самореклама.","Rahu in the 10th house often pushes you into a visible, responsible public role — career, reputation and authority. It can drive unconventional ambition or a strong need to be seen and recognised, sometimes prompting risky shortcuts or identity work tied to status. Pressure shows as image-consciousness, burnout or ethical blur. Constructive expression means accepting responsibility deliberately, setting sustainable boundaries, and aligning public visibility with concrete contribution. Focus on building credibility through steady effort, clear communication and service rather than chasing attention for its own sake."
"PlanetInHouseLines","entries|rahu_11","Раху в 11. дом често насочва растежа чрез мрежи, групи и общи каузи. Връзките с хора, които споделят амбиции и идеали, могат да отключат възможности и ресурси, които сами по себе си трудно се откриват. Понякога това е и място на силно желание за приобщаване или търсене на социално одобрение; рискът е да загубите лични граници в стремежа към принадлежност. Полезно е да избирате колективи, които отговарят на вашите ценности, да предлагате конкретни умения и да работите за дългосрочни резултати, вместо да разчитате само на шум или популярност.","Rahu in the 11th house often channels growth through networks, groups and shared causes. Friendships and collective projects can open doors to opportunities and resources that are hard to find alone. This placement may also intensify the urge for social belonging or quick gains through popularity, which can blur personal boundaries. Aim to join groups aligned with your values, contribute skills reliably, and build reciprocal connections. Prioritise sustained collaboration over short-lived visibility and be mindful of sacrificing autonomy for acceptance; thoughtful membership is more empowering than mere acclaim."
"PlanetInHouseLines","entries|rahu_12","Раху в 12. дом обикновено ви тласка към отпускане, уединение и преживявания, които трудно се измерват — сънуване, творчество, духовна практика или терапевтична работа. Тази позиция може да отключи силен интерес към скритите или подсъзнателни пластове на опита, но и склонност към бягство, потайност или крайни форми на самоотдаване. Полезни подходи включват структурирани времена на отдръпване, практики за интеграция (медитация, писане, терапия) и внимателно управление на границите, за да не се изгубите в идеалите или в обезличаващи поведения.","Rahu in the 12th house often draws you toward letting go, solitude and experiences that resist measurement — dreams, spiritual practice, creative dissolution or therapy. It can awaken an interest in hidden or unconscious material, but also an inclination toward escape, secrecy or extreme self-sacrifice. Constructive expression involves disciplined retreat, integrative practices (meditation, journaling, psychotherapy) and clear boundaries that prevent erosion of everyday life. Use solitude to process and create rather than to avoid responsibility; measured surrender can be restorative when paired with practical care and honest reflection."
"PlanetInHouseLines","entries|rahu_2","Раху в 2-ри дом често насочва към изграждане на собствени ресурси: материална база, умения, глас и ценностна система, които да са ваша опора. Настроението може да бъде амбициозно и фокусирано върху натрупване, но и рисково — склонност към преувеличаване на значението на парите или на външния статус. Конструктивно: инвестирайте в конкретни умения, планирайте финансови стъпки и практикувайте устойчива стойностна система. Балансът между независимост и сътрудничество с други ресурси ви позволява да растете без да губите почва под краката си.","Rahu in the 2nd house often points toward building your own resources: money, stable skills, a clear value system and a sense of material security you can call your own. The drive can feel intensely acquisitive and focused on tangible gains, with a tendency to overvalue status or quick fixes. Productive expression involves steady skill development, disciplined financial habits and aligning earnings with personal values. Aim for incremental, reliable gains and learn to leverage partnerships without becoming dependent on external resources so your sense of worth grows from competence as well as possessions."
"PlanetInHouseLines","entries|rahu_3","Раху в 3-ти дом често подчертава значението на общуването, учението и кратките пътувания. Любопитството е интензивно и може да ви тласка към многобройни контакти, медийни изяви и експерименти с глас и стил. Рискът е разпиляност — много идеи, малко дълбочина — или склонност към провокация заради нуждата от реакция. Практически: фокусирайте енергията върху конкретни проекти, изградете практика за учене и усъвършенстване, и използвайте мрежата си целенасочено; кратките действия и ясният език често водят до реални възможности.","Rahu in the 3rd house highlights communication, learning and short-range connections. Your curiosity can be intense, pushing you into many conversations, media exposure and experiments with voice and style. The pitfall is scattering attention — too many shallow projects — or provoking others simply to elicit a response. Practical steps: channel the curiosity into specific, skillful projects, establish consistent learning practices, and use your network with intention. Clear, timely messages and focused short-term initiatives often open doors more effectively than constant novelty-seeking."
"PlanetInHouseLines","entries|rahu_4","Раху в 4-ти дом насочва към създаване на сигурност в корените: дом, емоционален комфорт и лично пространство. Може да има силно желание да си изграждате специално място или да преработите семейните модели; понякога това води до неочаквани промени в местожителството или в отношенията с майката. Напрежението идва, ако търсенето на идеален дом се превърне в бягство от външни ангажименти. Съвет: градете рутина и усещане за принадлежност чрез практики, граници и лични ритуали; инвестирайте в дългосрочни основания, които подхранват както емоцията, така и стабилността.","Rahu in the 4th house directs attention to establishing roots: home, private life and emotional sanctuary. You may feel compelled to create a distinctive domestic space or to revise inherited family patterns, and this can bring unexpected moves or shifts in maternal dynamics. Tension arises if the quest for a perfect home becomes an escape from outer responsibilities. Practical approach: cultivate routines, boundaries and personal rituals that foster belonging; invest in long-term foundations that nourish both feeling and stability, and allow the domestic reinvention to support rather than postpone your wider goals."
"PlanetInHouseLines","entries|rahu_5","Раху в 5-ти дом често подтиква към творческо и игриво самоизразяване: желание да създавате, да покажете таланта си и да привличате внимание чрез радостта си. Това може да доведе до оригинални проекти, интензивни романтични приключения или рискови хобита. В напрегнати моменти търсенето на одобрение се превръща в театралност или склонност към спекула. Практически: развивайте последователна творческа практика, позволявайте си малки публични тестове и поставяйте ясни граници при финансови и емоционални рискове; радостта, упражнена като умение, често носи най-устойчивите резултати.","Rahu in the 5th house encourages bold creative and playful self-expression: you’re driven to create, display your gifts and attract attention through enjoyment. This can manifest as original projects, intense romantic dramas, or high-stakes hobbies. Under strain, the need for applause can slip into theatrics or speculative behavior. Practical advice: develop a consistent creative routine, share work in small, manageable ways, and set clear limits around financial and emotional gambles. Treating pleasure as a craft helps transform flashy impulses into reliable sources of fulfillment."
"PlanetInHouseLines","entries|rahu_6","Раху в 6-ти дом насочва вниманието към ежедневната работа, дисциплината и решаването на конкретни проблеми. Успехът се натрупва, когато изграждате системи, довършвате задачите и се грижите за тялото си, вместо да чакате един голям пробив. Ще разпознаете нездравословната страна, когато продуктивността стане мярка за собствената ви стойност и започнете да работите без почивка. Конструктивният изход е устойчив режим, ясни приоритети, делегиране и граници между работа и възстановяване.","Rahu in the 6th house often channels energy into daily discipline, service and problem-solving. Progress tends to come through persistence, systems and the ability to finish tasks; glamour isn’t the point, efficiency is. Pitfalls include perfectionism, burnout and tying self-worth to productivity. Practical measures: establish sustainable routines, practice delegating and prioritizing, and attend to physical and mental health. Clear boundaries between work and rest, plus small consistent steps, turn unglamorous labor into steady, meaningful advancement."
"PlanetInHouseLines","entries|rahu_7","Раху в 7-ми дом често насочва растежа чрез хората до вас — партньорства, сътрудничества и огледални отношения. Връзките могат да бъдат нетипични, магнитни или да привличат хора, които променят траекторията ви. Опасността е да загубите центъра си в стремежа за сливане или да търсите външна идентичност чрез другия. Практически: работете върху ясни споразумения, взаимно уважение и осъзнато компромисно поведение; използвайте партньорствата като поле за отразяване и учене, а не като единствен източник на себеоценка.","Rahu in the 7th house often steers development through other people — partnerships, collaborations and mirror-like relationships. These connections can be unconventional, magnetic, or transformative, shifting your life direction. The risk is losing your center in the search for fusion or sourcing identity from the other. Practical guidance: cultivate clear agreements, mutual respect and conscious compromise; treat partnerships as opportunities for reflection and growth rather than sole validators of self-worth, and choose alliances that amplify autonomy as well as cooperation."
"PlanetInHouseLines","entries|rahu_8","Раху в 8-ми дом често привлича към дълбока трансформация, общи ресурси и скрити процеси. Интересът към табу, психология, финансова интерактивност и интензивни промени може да бъде силен; често се разкриват силни външни зависимости или неочаквани трансакции. Напрежението идва от опитите за контрол или манипулация в интимните сфери. Практически: работете със специалисти при сложни финансови и емоционални въпроси, практикувайте прозрачност и граници, и се отдайте на вътрешната работа — приемане на несигурността и готовност за преобразяване водят до освободена сила.","Rahu in the 8th house often pulls you toward deep transformation, shared resources and hidden dynamics. You may be drawn to taboo subjects, psychological depth, joint finances and sudden shifts; entanglements and unexpected transactions are possible. Tension arises when attempts to control intimate or financial exchanges become manipulative. Practical steps: consult professionals for complex monetary or emotional arrangements, practice transparency and consent, and commit to inner work. Embracing uncertainty and allowing transformative processes to unfold can convert tumult into a source of empowered renewal."
"PlanetInHouseLines","entries|rahu_9","Раху в 9. дом често насочва вниманието към пътуване, формално и неформално учене и преоценка на големите рамки, в които мислите и вярвате. Тази позиция може да предизвика нетърпение към установени вярвания и да ви подтикне към далечни места, чужди култури или различни училища на мисълта като начин да разширите хоризонтите си. Напреженията могат да се появят като склонност към крайни убеждения или повърхностно разбиране на сложни теми; полезно е да съчетавате стремежа за нов опит с проверена практика, критично мислене и уважение към учители и традиции, които действително можете да интегрирате.","Rahu in the 9th house often points you toward travel, higher learning and a widening of worldview. It can push you away from comfortable details toward foreign cultures, philosophies or study paths that expand your perspective. This placement may bring restlessness around inherited beliefs or a tendency to grab big ideas without deep roots. Productive expression includes sustained study, guided travel, and conversations with teachers that test your assumptions. Be mindful of grandiosity or quick certainties; balancing adventurous inquiry with disciplined reflection and humility helps turn fascination into real growth."
"PlanetInHouseLines","entries|saturn_1","Сатурн в 1-ви дом често оформя сериозно, дисциплинирано аз. Хората ви възприемат като отговорни и сдържани; увереността ви рядко е незабележима даденост, а резултат от усилие и навик. Може да поемате тежестта на очакванията или да се чувствате задължени да изглеждате компетентни. Това дава устойчивост, но също така може да ограничава изразяването на уязвимост. Практически полезно е да работите върху самосъстрадание, да позволявате моменти на отпускане и да градите увереност чрез малки, последователни стъпки.","Saturn in the 1st house often shapes a serious, disciplined sense of self. Others tend to see you as responsible and composed; your confidence is usually built through effort rather than assumed. You may carry the weight of expectations or feel compelled to appear competent, which grants resilience but can limit vulnerability. Practically, cultivating self-compassion, allowing space to relax, and building assurance through steady, incremental actions can make your authority feel both authentic and livable."
"PlanetInHouseLines","entries|saturn_10","Сатурн в 10-и дом често насочва към дългосрочен професионален растеж и обществено признание, което идва по-късно, но остава стабилно. Може да имате силно чувство за дълг, амбиция и желание за власт, но също и притеснение да не изглеждате егоистични, когато ги изявявате. Възможни са тежки периоди на доказване и необходимост да изградите репутацията си стъпка по стъпка. За конструктивност поставете ясни, постижими цели, търсете ментори, формулирайте етична визия за властта и упражнявайте търпение — устойчивият успех често идва от постоянство и дисциплина.","Saturn in the 10th house often points to a long, steady climb in career and public standing: recognition may arrive later than for peers but tends to endure. You may feel a strong sense of duty, ambition and an aptitude for authority, yet worry about seeming too assertive in seeking status. There can be demanding proving periods and a need to build reputation methodically. For constructive progress, set realistic milestones, enlist mentors, clarify an ethical vision of leadership, and cultivate patience—sustained achievement frequently comes from persistent effort and disciplined refinement of craft."
"PlanetInHouseLines","entries|saturn_11","Сатурн в 11-и дом често означава малък, но стабилен кръг от приятели и по-взискателно отношение към груповите идеали. Големите, шумни събирания могат да ви изморяват; предпочитате отношения, които растат постепенно и с време. Имате склонност да се вграждате в структурирани общности, където приносът ви е ясен и дълготраен. Напреженията могат да се появят от чувство на изолация или от това, че не се вписвате в бързите социални промени. Практически: инвестирайте в дългосрочни проекти и малки мрежи, поемайте отговорности в организации, които ценят ангажимента и издръжливостта.","Saturn in the 11th house often results in a small but durable circle of friends and a measured stance toward group causes. Large, chaotic groups may be draining; you favor relationships and networks that develop slowly and reliably over time. You often function best in structured communities where your role and contributions are defined and respected. Tensions can come from feeling out of step with fast-moving social scenes or from a sense of loneliness. Practical steps: cultivate long-term collaborations, take on clear responsibilities in organizations you believe in, and balance solitude with selective social investment that honours your standards."
"PlanetInHouseLines","entries|saturn_12","Сатурн в 12-и дом често носи усещане за тежест, която ви е трудно да споделите; тайна тежест или дълбока нужда, която носите сами. Самотата може да бъде едновременно убежище и фактор, който ви струва — склонни сте към вътрешна дисциплина, но и към изолация. Това положение насочва към работа със сенките: дълбока психотерапия, ритуали, граници и структурирани периоди на почивка са полезни. Важно е да търсите подкрепа и да научите да поверявате части от товара си на опитни хора, вместо да понасяте всичко в самота.","Saturn in the 12th house often brings a sense of burden that you keep private — a hidden weight or deep need you carry alone for longer than is healthy. Solitude can be both refuge and costly isolation: you may adopt strict inner discipline, yet risk cutting yourself off. This placement points toward inner work—long-term therapy, contemplative practices, rituals and clear boundaries—that help integrate what feels secret or heavy. Practically, seek supportive professionals or trusted confidants, create structured rest and recovery, and practice gradually delegating emotional burdens instead of sustaining them in isolation."
"PlanetInHouseLines","entries|saturn_2","Сатурн в 2-ри дом често изисква, че парите и сигурността се печелят с дисциплина и труд. Оценявате стойността на нещата и рядко бързате с финансови решения; изгражданото по този начин има склонност да се задържи. Възможна е склонност към прекалена предпазливост или свързване на самостоятелната стойност с материални постижения. По-практичен подход е да развивате умения и резерви, да планирате дългосрочно и да учите да оценявате себе си извън паричното измерение.","Saturn in the 2nd house often means resources and security come through discipline and steady work. You tend to value things carefully and make deliberate financial choices; what you build this way often endures. The tendency can be toward excessive caution or equating self-worth with material success. A practical path is to invest in skills and savings, plan for the long term, and cultivate a sense of value that isn’t solely tied to possessions."
"PlanetInHouseLines","entries|saturn_3","Сатурн в 3-ти дом често оформя внимателна, структурирана комуникация и начин на учене, който може да е по-бавен, но по-задълбочен. Вероятно предпочитате да говорите, едва след като сте проверили факти, и да организирате мислите си последователно. Възможно е образованието или отношенията с братя и съседи да са били изпитание; това обаче дава силна основа за сериозни изследвания и писмена работа. Практически полезно е да упражнявате гъвкавост в изразяването и да позволявате на идеите да се развиват по-спонтанно понякога.","Saturn in the 3rd house often shapes careful, structured communication and a learning style that may be slower but deeper. You likely prefer speaking after checking facts and organizing thoughts methodically. Early schooling or sibling relationships may have posed challenges, yet they provide a solid foundation for disciplined study and reliable writing. Useful practices include developing flexibility in expression and allowing ideas occasional spontaneity so that precision doesn’t stifle creativity."
"PlanetInHouseLines","entries|saturn_4","Сатурн в 4-ти дом често говори за ранни семейни отговорности или строг родител, които са наложили зрялост рано. Създавате дом съзнателно и с устойчив подход, защото знаете колко струва несигурността. Това дава стабилна основа, но може да създаде емоционална резервираност или страх от уязвимост. Практически полезно е да изграждате ритуали за уединение и близост, да работите по отпускането на контрол и да съзнателно въвеждате топлина и гъвкавост в домашния живот, за да разчупите повторяеми модели.","Saturn in the 4th house often reflects early family responsibilities or a strict parental figure that demanded maturity. You tend to build your home deliberately and with an eye toward long-term security because you understand the cost of instability. This creates a strong base but can also foster emotional reserve or reluctance to be vulnerable. Practical steps include creating rituals for rest and closeness, practicing loosening control, and intentionally introducing warmth and flexibility into domestic life to shift inherited patterns."
"PlanetInHouseLines","entries|saturn_5","Сатурн в 5-и дом често прави игрите и спонтанността по-трудни — имате усещане, че творчеството трябва да бъде сериозно и да оправдае усилието. Може да се чувствате резервирани в романтиката или да се страхувате да покажете детската си страна. Положителното е, че когато поемете ангажимент да създадете нещо — проект, изкуство, връзка с дете — обикновено го довършвате с упоритост и дисциплина. Възможни са напрежения от перфекционизъм и страх от показване. Практически подходи: поставяйте малки срокове за игра, опитвайте структурирани творчески ритуали и позволете „несполучливи“ опити като част от ученето; постепенното отпускане често води до повече радост и устойчиви резултати.","Saturn in the 5th house often makes play and spontaneous joy feel difficult — creativity can feel like something that must be earned or justified. You may be reserved in romance or worried about appearing childish, and you can take artistic projects and relationships very seriously. The upside is persistence: when you commit to creating something — a piece of work, a relationship, a bond with a child — you tend to finish it thoroughly. Tensions can show up as perfectionism or fear of exposure. Practical steps: schedule short, low-stakes creative sessions, use constraints as a release, and treat small failures as learning; gradual permission to play usually opens new possibilities."
"PlanetInHouseLines","entries|saturn_6","Сатурн в 6-и дом често прави труда и рутината център на живота. Работите усърдно и почивката ви може да е нередовна или неефективна; тялото реагира чувствително на режима. Това насочва към важността на скучните навици — сън, храна, движение — които при вас имат по-голямо значение. Има склонност към самокритика и претоварване в службата. Полезно е да изградите реалистичен, устойчив план за ежедневието, да вградите микропочивки и граници, и да търсите поддръжка или структури, които ви помогнат да поддържате здравето без прекомерни крайности.","Saturn in the 6th house often places work, routine and health at the center of daily life. You may work hard and rest poorly, and your body can respond directly to how disciplined your habits are. This makes ordinary, boring routines—sleep, diet, exercise—more consequential for you than for many others. There can be a tendency toward self-criticism, overwork and taking responsibility for tasks others neglect. Practical guidance: build realistic, sustainable routines; schedule short restorative breaks; set clear boundaries at work; and accept help or structured supports that prevent burnout while improving long-term well-being."
"PlanetInHouseLines","entries|saturn_7","Сатурн в 7-и дом често превръща връзките в сериозна област на живота: обвързването може да бъде или избягвано, или приемано с голяма отговорност. Партньорствата, които оцелеят, са тези, за които сте полагали усилия и сте установили ясни граници и договорки. Възможни са динамики на власт, страх от зависимост или усещане, че трябва да носите тежестта на връзката. За по-здравословно изживяване работете върху открита комуникация, справедливо разпределение на отговорностите и осъзнат избор на партньор, който споделя ваши стандарти и е готов на съвместен труд.","Saturn in the 7th house often makes relationships a matter of serious work: commitment may be something you avoid or something you take on with real responsibility. The partnerships that endure are typically those you’ve labored at and structured carefully, with clear boundaries and agreements. Power dynamics, fear of dependence or a sense of carrying the relationship burden can appear. For healthier outcomes, practice direct communication, negotiate fair responsibilities, seek partners who meet your standards, and consider relationship work—contracts, counseling or practical arrangements—that turn commitment into a sustainable collaboration."
"PlanetInHouseLines","entries|saturn_8","Сатурн в 8-и дом често поставя тежест върху общите ресурси, дълговете, интимността и края на цикли. Животът може да ви тласка към зрялост чрез финансови отговорности или лични загуби; справяте се със кризите и чуждите трудности по-спокойно, защото не бягате от трудните теми. Възможно е да има страх от уязвимост, строги граници около близостта или практическа предпазливост при споделени пари. Практически подходи включват прозрачност в паричните въпроси, ясно оформени договори, психотерапия за обработване на травми и постепенното учене да доверявате уязвимостта на тези, които са заслужили това доверие.","Saturn in the 8th house often brings responsibility around shared resources, debts, intimacy and endings. Life may push you toward maturity through financial obligations or loss, and you can handle crises and other people’s emergencies with steadiness because you do not look away. There can be a tendency toward guardedness in intimacy, austerity around shared money, or fear of dependence. Practical measures: insist on clarity and contracts where money is pooled, seek professional advice for complex financial matters, do therapy to work through deep wounds, and practice gradual vulnerability with partners who demonstrate reliability."
"PlanetInHouseLines","entries|saturn_9","Сатурн в 9-и дом често дава критичен, изследователски подход към вярата, образованието и широкообхватните идеи. Не приемате учения на доверие — проверявате ги и изграждате убежденията си през опит и доказателства. Когато намерите система от вярвания, вие я защитавате и може да я предавате дисциплинирано. Рисковете включват догматизъм или прекомерен скептицизъм, както и излишна сериозност при пътуване и учене. Полезно е да поемате структурирано учене, да търсите учители и дългосрочни проекти, които разширяват хоризонтите ви без да компрометират критичността ви.","Saturn in the 9th house often gives a testing, disciplined approach to belief systems, higher learning and long-distance horizons. You rarely accept doctrines at face value; you examine and verify what you’re offered, and your convictions tend to be earned through experience and study. Once you adopt a worldview, you can defend and teach it with clarity. Risks include becoming rigidly dogmatic or overly skeptical, and treating travel or education as merely instrumental. Practical suggestions: pursue structured study, mentorship or PhD-style projects, travel with intent to learn, and balance skepticism with openness to perspectives that withstand scrutiny."
"PlanetInHouseLines","entries|sun_1","Когато Слънцето е в първи дом, идентичността и самопрезентацията са централни. Хората ви усещат веднага—влизате като лидер или като ярка личност, и често ви привличат роли, в които задавате тона. Може да се чувствате най-живи когато сте видими и не се налага да се смалявате, за да се вместите в очакванията на другите. Предизвикателствата включват тенденция към доминиране, нужда от постоянно одобрение или да реагирате импулсивно; полезно е да развивате самосъзнание и да балансирате инициативността с емпатия.","With the Sun in the first house, identity and self‑presentation are central. You tend to be felt the moment you enter a room — often taking on leadership or prominent roles and thriving when visibility is possible. You feel most alive when you don’t have to make yourself smaller to fit others’ expectations. Challenges include a tendency to dominate, seeking constant validation or impulsive reactions; cultivating self‑awareness and balancing assertiveness with empathy makes your presence constructive and grounded."
"PlanetInHouseLines","entries|sun_10","Тук Слънцето търси видимост и роля пред света: кариера, обществен образ и авторитет са важни за чувството ви за себе. Успехът и признанието ви дават увереност, но едновременно с това ви правят уязвими на критика и очаквания. Може да усетите натиск да съвпадате с образи, предадени ви от родителите или обществото. Практически: дефинирайте какво означава за вас „успех“, изградете етична рамка за публичната си дейност и научете да вземате обратната връзка конструктивно, без да губите вътрешната си посока.","The Sun in the tenth house tends to seek visibility and a public role: career, reputation and authority shape your sense of self. Achievement and recognition can boost confidence, but they also expose you to scrutiny and external expectations. You may feel pressured to fit parental or societal templates of success. Practical recommendations: clarify what success personally means to you, establish coherent values for your public life, and learn to use feedback constructively while preserving an inner sense of direction and integrity."
"PlanetInHouseLines","entries|sun_11","Слънцето в единадесети дом често се разгръща сред приятели, колективи и каузи. Идентичността ви намира поле за проявление в общности, иновативни проекти и социални мрежи; постигнатото заедно ви носи по-голямо удовлетворение от индивидуалния успех. Рисковете включват загуба на лична посока в опита да приобщите, или прекалено силна зависимост от груповото одобрение. Практически: търсете пространства, където можете да внасяте уникалния си принос, поемайте лидерство по идеи, а не заради слава, и изграждайте приятелства, основани на взаимно уважение.","With the Sun in the eleventh house, your sense of self often unfolds within friendships, groups and shared causes. You may find more satisfaction in collective achievements than in solitary wins, and you’re likely drawn to innovative or humanitarian projects. Potential pitfalls include losing personal direction in the wish to belong, or relying too heavily on group approval. Practical steps: contribute your distinct talents to communities, lead from ideas rather than ego, and cultivate friendships grounded in mutual respect and shared purpose."
"PlanetInHouseLines","entries|sun_12","Слънцето в дванадесети дом често работи тихо и вътрешно — далеч от прожекторите. Публичността може да ви изтощава; значимите вътрешни процеси, духовните или творчески търсения и периодите на уединение носят усещане за смисъл. Има риск от самозабравяне, самоизолация или идентификация със страдание, ако не се поставят граници. Практически: създавайте безопасни ритуали за лична практика, споделяйте на доверено ниво, работете с терапевт или наставник и признавайте, че вашата сила често се проявява в неподправена скромност и емпатия.","The Sun in the twelfth house often operates quietly and inwardly, away from the spotlight. Public exposure may feel draining, while solitude, spiritual or creative retreats and inner work bring meaning. There’s a risk of self-neglect, isolation, or romanticizing suffering if boundaries aren’t kept. Practical advice: develop private rituals and safe practices, share selectively with trusted people, consider therapy or mentorship, and recognize that your influence can be subtle — expressed through compassion, depth and quietly sustained inner work."
"PlanetInHouseLines","entries|sun_2","Слънцето във втори дом често свързва усещането за стойност с материални и лични ресурси. Целите ви минават през това, което сте изградили — умения, доходи и притежания са мерки дали животът ви работи. Професионално това дава устойчиво отношение към парите и способност за практически избори, но има риск да приравните себестойността с баланса по сметката. Полезно е да развивате умения, които ви носят реална ценност, и да определите вътрешни критерии за себестойност извън материалното.","The Sun in the second house often links your sense of worth to tangible and personal resources. Your purpose runs through what you build — skills, income and possessions serve as measures of whether life is working. This placement can bring a practical, steady approach to money and an ability to create security, but there is a risk of equating self‑worth with financial balance. Cultivating productive skills and defining internal criteria for value beyond the material helps you ground self‑esteem and practical success."
"PlanetInHouseLines","entries|sun_3","Слънцето в трети дом оживява чрез комуникация: разговори, писане, учене, кратки пътувания и контакти с близките. Мисълта и словото ви дават енергия и форма; от ежедневния обмен извличате материал за себеизразяване. Имате любопитен, адаптивен ум, но може да се разпилявате или да се изтощавате от прекомерно говорене. Практически полезно е да канализирате любопитството в проекти, които изискват фокус и дължина, и да тренирате внимателно слушане за по-ефективна комуникация.","With the Sun in the third house, you come alive through communication: conversations, writing, learning, short trips and local connections. Thought and speech give you energy and shape; daily exchanges provide the raw material for self‑expression. You have a curious, adaptable mind, but may scatter energy or tire from too much talking. Channeling curiosity into focused projects and practicing attentive listening makes your communications more effective and helps sustain creative momentum."
"PlanetInHouseLines","entries|sun_4","Когато Слънцето е в четвърти дом, центърът на живота ви е домът, корените и вътрешният свят. Външните успехи често ги преценявате спрямо това колко добре функционира семейният или личният ви живот. Търсите сигурност и идентичност в приватното пространство, а професионалните избори може да бъдат повлияни от нуждата да създадете стабилна база. Тенденциите включват зависимост от одобрението на семейството или трудности при отделянето; полезно е да работите върху установяване на граници и да изградите уютно, подкрепящо място, което ви подхранва.","With the Sun in the fourth house, home, roots and the inner life are central. You tend to evaluate external achievements by how well family and private life are functioning. You seek security and identity within your private sphere, and career choices may be shaped by the need to create a stable base. Tendencies include dependence on family approval or difficulty separating yourself; working on boundaries and cultivating a nourishing home environment supports both personal wellbeing and long‑term accomplishment."
"PlanetInHouseLines","entries|sun_5","Това положение насочва към себеизразяване чрез игра, творчество и любовни връзки. Често откривате кой сте, когато рискувате да се покажете и да създавате — било чрез изкуство, хоби, романтика или контакт с деца. Ако радостта изчезне, цялата ви идентичност може да започне да губи цвят, защото сте свикнали да се оглеждате в творческия плод на усилията си. Възможни са и напрежения: прекалената нужда от внимание или придаване на стойност на себе си само чрез успехи в изява. Практически: вграждайте редовни „игриви“ ритуали, учете се да цените процеса, а не само реакцията на публиката.","This placement often emphasizes selfhood through play, creative projects and romantic expression. You may discover who you are by taking risks to show up — through art, hobbies, love affairs or interactions with children. When joy vanishes, your sense of identity can feel diminished because you tend to measure yourself by what you create and how it’s received. Tensions can include craving attention or tying self-worth too tightly to performance. Practical suggestions: schedule playful, low-stakes activities, focus on the process rather than applause, and allow vulnerability without making approval your measure of value."
"PlanetInHouseLines","entries|sun_6","Слънцето тук често дава усещане за смисъл в ежедневието, в работата и в подреждането. Гордостта ви идва не от титли, а от това, че поддържате системи, че нещо работи — и се чувствате компетентни, когато помагате или служите. Може да проявявате перфекционизъм, самокритичност или склонност да се идентифицирате със служебната си роля, което води до преумора. Практически подход: изградете здравословни навици, делегирайте, приемайте, че добрата работа не изисква постоянна саможертва и отделяйте време за възстановяване и лично творчество.","With the Sun in the sixth house, purpose often appears through daily work, routines and practical service. You tend to take pride in keeping things functioning — not in titles but in tangible competence and reliability. This can lead to perfectionism, self-criticism, or defining yourself too narrowly by your job, which risks burnout. Constructive steps include building sustainable habits, setting clear boundaries, delegating when appropriate, and remembering that worth isn’t only earned through productivity. Make space for rest and small creative outlets that refresh rather than drain you."
"PlanetInHouseLines","entries|sun_7","Този Слънце-израз често се оглежда в другия: партньорствата — интимни, делови или публични — ви помагат да видите кой сте. Взаимността може да ви разцъфне, но има и риск да се изгубите в очакванията или да зависите от огледалото на другите. Конфликти често идват от неуточнени граници или неравномерно даване и вземане. Практически: развивайте своя автономия в контекста на връзките, говорете открито за нуждите си, учете се на взаимно отразяване — партньорът може да бъде учител, но не единствен източник на идентичност.","The Sun here often finds its reflection through others: partnerships — romantic, business or public — help you understand yourself. Relationships can be fertile ground for growth, yet you may be tempted to lose autonomy by relying on another’s mirror. Tensions typically arise from blurred boundaries or unequal give-and-take. Practical guidance: cultivate your own sense of self within partnerships, communicate needs clearly, and practice reciprocal reflection. A partner can be a powerful mirror and teacher, but not the sole source of your identity."
"PlanetInHouseLines","entries|sun_8","Слънцето в осми дом ви насочва към дълбочина, трансформация и общи ресурси. Интересите ви често включват тайни, финансови и емоционални зависимости, кризи и възраждане — теми, които разклащат повърхностното. Това положение носи интензивност и готовност да изследвате неудобното, но също така може да провокира борба за контрол, ревност или страх от уязвимост. Практически: работете с граници при споделяне на ресурси, проучвайте психологическите причини за притежание и сила, и използвайте периодите на криза за съзидателна трансформация и съзнателно възстановяване.","With the Sun in the eighth house, you’re drawn toward depth, transformation and shared resources. You may be engaged with secrets, joint finances, loss, and profound change — subjects that dissolve surface-level comforts. This placement brings intensity and a willingness to confront uncomfortable truths, but it can also trigger power struggles, jealousy or fear of vulnerability. Practical approaches include clarifying boundaries around shared assets, exploring the psychology of control, and treating crisis as an opportunity for conscious regeneration rather than avoidance."
"PlanetInHouseLines","entries|sun_9","Слънцето в девети дом обикновено се разширява чрез пътуване, учене и търсене на смисъл. Чувствате се себе си, когато срещате нови светове — географски, интелектуални или философски — и често имате нужда от кауза, в която да вярвате. Опасността е в догматизация или подвеждаща увереност, когато идеите станат застинали. Полезно е да поддържате любопитство, да проверявате убежденията си и да търсите опит, който да разширява контекста: обучение, преподаване или дълги пътувания могат да ви подновят.","The Sun in the ninth house often expresses itself through expansion: travel, higher learning and a search for meaning. You may feel most authentic when encountering new cultures, philosophies or fields of knowledge and often need a belief or cause to orient you. The risk is becoming dogmatic or overly certain when ideas calcify. Stay curious, test your assumptions, and seek experiences that broaden your horizon — study, teaching, long journeys or intercultural exchange can renew your sense of purpose and perspective."
"PlanetInHouseLines","entries|uranus_1","Вие сте трудни за поставяне в рамки и впечатлението от вас често идва мигновено. Предпочитате личната си свобода и автентичност пред удобните социални маски, което може да ви прави ексцентрични или неразбрани. Имате нужда от пространство да се изразявате по необичаен начин и склонност към внезапни изменения на външността или поведението. Възможни са напрежения с хора, които търсят предвидимост; практично е да намерите ясни начини да комуникирате границите си и да канализирате импулсите си в проекти, където оригиналността е ценена.","You tend to resist easy labels and people often notice your originality right away. You value autonomy and authentic self‑expression more than fitting in, which can come across as eccentric or unpredictable. Sudden shifts in style, plans, or personal approach are common, and you usually need space to experiment. That restlessness can strain relationships that prefer steadiness; constructively, you can learn to signal your limits and intentions clearly and direct your impulses into creative or entrepreneurial projects where innovation is an asset rather than a disruption."
"PlanetInHouseLines","entries|uranus_10","Професионалният ви път може да се развива на неочаквани завои, вместо по стандартна кариерна стълба. Това се вижда при смяна на работа, нова технология, конфликт с остарели правила или възможност да работите по по-свободен начин. Ще разпознаете напрежението, когато институция или началник изискват от вас да следвате метод, който вече не работи за вас. Конструктивният изход е да запазите независимостта си, като едновременно изградите умения и финансова опора, които ви позволяват да поемате промяната разумно.","Your career path may not follow a straight line — and you may prefer it that way. Uranus in the 10th highlights originality in public role, reputation, and long‑term goals; you often thrive where established systems no longer work. Expect sudden opportunities, abrupt shifts in status, or unconventional professional moves. This can create friction with authority or bureaucracy and a persistent need for autonomy. Practical guidance: cultivate adaptable skills, build networks within forward‑thinking fields, and set flexible yet reliable routines that allow your originality to contribute sustainably to your public life."
"PlanetInHouseLines","entries|uranus_11","Социалният ви кръг е разнообразен и често необичаен — именно това ви хармонира. Притежавате склонност да търсите групи и каузи, целящи промяна, експерименти или нови технологии, а не да поддържат статуквото. Можете да играете ролята на мост между различни общности и да инициирате нестандартни проекти. В същото време приятелствата може да са непостоянни или енергията в групите да идва и си отива. Съвет: инвестирайте в малки, доверителни връзки, които позволяват свобода, и намерете начини да канализирате вашата оригиналност в конкретни общи инициативи.","Your social circle is often eclectic — and that suits you. Uranus in the 11th draws you to groups and causes focused on change, experimentation, or technological progress rather than preservation of the status quo. You may act as a connector between diverse communities and spark unconventional projects. Friendships can be exciting but sometimes unstable, with alliances forming and dissolving quickly. Practical suggestions: cultivate a few dependable bonds that respect individuality, contribute your inventive ideas to concrete group efforts, and use networks strategically to turn radical thinking into collaborative outcomes."
"PlanetInHouseLines","entries|uranus_12","Независимостта ви често действа тихо — предпочитате да променяте собствените си шаблони на заден план, далеч от погледа на другите. Вътрешните ви бунтове и необичайни практики може да преминават през сънища, интуиция или тайни проекти. Има усещане за неприсъствие в средата или черта в характера, която не се вписва. Това може да носи и чувство на изолация или склонност към самосаботаж. Практически подход: използвайте уединението за творчески експерименти, терапия или духовни практики, които да превърнат скритата ви оригиналност в ресурс вместо източник на отдръпване.","Your independence often operates out of sight — you may break personal patterns privately, through dreams, intuition, or solitary experiments. Uranus in the 12th can give a sense that part of you doesn’t belong to your visible surroundings, and that originality shows up in hidden habits or inner revolts. This can be a source of creative renewal but also isolation or unconscious self‑sabotage. Practical guidance: use solitude deliberately for therapy, creative work, or spiritual practices; bring small, safe experiments into the open when ready, and transform secretive impulses into constructive inner resources."
"PlanetInHouseLines","entries|uranus_2","Финансовите ви потоци често са скокови и нестабилни — приходи и загуби може да идват внезапно. Склонни сте да търсите нетрадиционни или технологично ориентирани начини на печалба и често цените свободата да избирате как да осигурявате средствата си повече от рутинната сигурност. Това може да доведе до притеснения за дългосрочна стабилност; разумно е да изградите буферен фонд и да диверсифицирате източниците на приходи. Практически подходи, които позволяват гъвкавост — договори, freelance работа, инвестиции в иновативни сектора — често се оказват най-подходящи.","Money for you tends to move in jumps rather than a steady flow. You may be open to unconventional or tech‑forward ways of earning and often prioritize financial independence over traditional stability. That can lead to sudden gains or losses and occasional anxiety about security. Practical measures like building an emergency fund, diversifying income streams, and structuring flexible contracts can help. Consider income models that tolerate variability — freelance work, royalties, or investing in emerging ideas — while keeping basic safeguards in place to reduce stress during unpredictable swings."
"PlanetInHouseLines","entries|uranus_3","Мислите бързо и често правите внезапни, интуитивни изводи, които идват цели и директни. Обычният, рутинен разговор ви отегчава; предпочитате дискусии, които разтърсват представите или въвеждат нови идеи. Това ви прави добър в иновациите, технологичната комуникация и формите на израз, които изискват оригиналност. В същото време може да бъдете разбирани погрешно или да прекъсвате другите — полезно е да упражнявате търпение и да намирате начини да превеждате бързите си прозрения на език, който другите могат да последват. Писане, подкасти или проектни колаборации са благоприятни канали.","You think rapidly and often arrive at whole, intuitive conclusions that can be hard to unpack on the spot. Routine small talk bores you; you prefer conversations that provoke, innovate, or present novel information. This makes you adept at technological or experimental forms of communication and quick brainstorming, but it can lead to misunderstandings or impatience with slower listeners. Practice translating fast ideas into clearer language, allow space for others’ pace, and channel your mental energy into writing, short-form media, or collaborative projects where your originality can be shared effectively."
"PlanetInHouseLines","entries|uranus_4","Домът и семейните основи при вас често са преживели промени, премествания или нестандартни модели — корени, които не винаги са били „уседнали“. Това може да ви е научило да търсите чувство за принадлежност в избрано семейство или да програмирате жилището си спрямо нуждата от свобода. Имате нужда от място, което може да се преначертава — физически и символично. Конфликтът често идва между желание за постоянство и потребност от промяна; практично е да създадете преносими ритуали, гъвкава организация на пространството и ясни граници по отношение на семейните очаквания.","Your home life and family base may have been marked by change — moves, unusual family dynamics, or unconventional arrangements — so roots don’t always feel fixed. You often seek belonging through chosen family or by creating a living space you can reconfigure to suit shifting needs. This can produce tension between a desire for stability and a need for freedom. Practical strategies include establishing portable rituals, designing adaptable living areas, and setting clear boundaries with relatives; these help you create a sense of home that accommodates unpredictability without sacrificing security."
"PlanetInHouseLines","entries|uranus_5","Вашата креативност и начин на забавление често прекъсват очакванията — това, което създавате, може да изглежда радикално различно и точно това носи смисъл. В любовните отношения сте склонни към внезапни влюбвания и нетипични връзки; романтиката може да бъде експериментална, интензивна и краткотрайна или да просъществува при условия на свобода. Съществува риск от емоционална непоследователност; полезно е да формулирате какво означава ангажимент за вас и да намерите безопасни начини да изразявате спонтанността — чрез проекти, сценично изкуство или хоби, което позволява експериментиране.","Your creative expression and playfulness tend to break the mold — what you produce often looks new by design. Romantic attractions can begin suddenly and follow unconventional patterns; relationships may be experimental, intense, or require space to breathe. There’s a risk of inconsistency in affairs of the heart, so it helps to clarify what commitment looks like for you and to establish boundaries that protect both freedom and reliability. Channel your inventiveness into projects, performance, or creative collaborations where spontaneity is productive rather than destabilizing."
"PlanetInHouseLines","entries|uranus_6","Режимът и строгата рутина ви изтощават по‑бързо от монтираната, тежка работа — имате нужда от гъвкавост в начина, по който вършите ежедневните си задължения. Предпочитате иновативни методи, автоматизация и кратки, сменящи се задачи пред повтарящи се процедури. Това може да доведе до чести промени на работните места или непостоянни графици; понякога се сблъсквате с авторитети заради различен стил на работа. Практически подход е да изградите „модули“ в деня си — микро‑рутини, които позволяват свобода в рамка, както и системи за проследяване, които намаляват хаоса.","A fixed, repetitive schedule tends to drain you more than hard work itself — you need flexibility in how daily tasks are accomplished. You favor innovative tools, automation, or varied short tasks over monotonous procedures, and you may change jobs or schedules more often as a result. Tension can arise with supervisors who expect conformity. Practical solutions include creating modular routines that allow choice within a structure, using tech to streamline chores, and setting up simple tracking systems so your desire for variety doesn’t undercut reliability or health."
"PlanetInHouseLines","entries|uranus_7","В партньорствата ви е нужна свобода и пространство — когато те липсват, често се отдръпвате или прекратявате връзки. Привличат ви хора, които предлагат равностойност, интелектуално стимулиране и нестандартни договорености; класическата роля „партньор като огледало“ често не ви устройва. Възможни са внезапни промени във взаимоотношенията и по‑нетипични форми на съжителство. Конструктивно е да говорите открито за граници и индивидуални проекти и да търсите партньори, които ценят автономията колкото и близостта.","You need room to be yourself within relationships, and when that space is missing you may pull away or end ties. You’re often drawn to partners who value equality, mental stimulation, and unconventional arrangements; traditional roles may feel constraining. Sudden shifts in partnerships are possible, and nonstandard forms of commitment or living can suit you well. Practically, be explicit about boundaries, negotiate autonomy alongside intimacy, and seek collaborators or lovers who respect independence as well as connection to reduce avoidant reactions and foster lasting creative alliances."
"PlanetInHouseLines","entries|uranus_8","Трансформацияите в живота ви често идват през споделени ресурси, интимност или отношения с други хора — и обикновено са внезапни. Може да преживявате бързи промени в парите, които идват чрез чужди средства, наследства или партньорства, както и интензивни проблясъци на психологическо прозрение. Имате способност да възстановявате се след кризи и да се адаптирате сравнително бързо, но също така е възможно да се сблъсквате с неочаквани финансови шокове или борба за власт. Полезно е да изградите финансови механизми и емоционални ресурси за стабилност, както и да използвате психотерапевтични или духовни практики за обработка на дълбоки промени.","Major changes for you often come through shared resources, intimacy, or other people — and they tend to strike suddenly. You may experience abrupt shifts in money that involve partners, inheritances, or joint accounts, and you’re prone to intense psychological insights or catharses. You typically recover from upheaval faster than many, but unexpected financial shocks or power struggles can be destabilizing. Practical steps include setting up financial safeguards for shared assets, developing emotional support systems, and using therapy or reflective practices to integrate transformative experiences rather than letting them derail your life."
"PlanetInHouseLines","entries|uranus_9","Вярата и светогледът ви често са лично завоюване — вероятно сте изживяли поне един значителен обрат в убежденията си. Носи ви любопитство към непознатото, нестандартните учения и идеите, които стандартното мислене пренебрегва. Темите на 9‑ти дом — философия, пътувания, висше образование, закон — могат да бъдат поле за експериментиране, иновация и внезапни прозрения. В същото време има риск от нестабилност или склонност да отхвърляте изградени рамки без заместител. Практически: търсете интеграция между свободата на мисълта и рамката, която ви дава посока; пътуванията и учението могат да канализират вътрешните промени конструктивно.","Your beliefs often feel earned rather than inherited — you may have experienced at least one major overhaul of your worldview. Uranus in the 9th points toward curiosity about the unconventional: alternative philosophies, faraway places, and ideas that established thought overlooks. This placement can generate sudden insights and a urge to experiment with higher learning, travel, or legal and ethical frameworks. Tension can show up as restlessness or a tendency to abandon systems before replacing them. Practical advice: treat exploration as research — test new perspectives, integrate freedom with structure, and let study or travel translate your impulses into lasting understanding."
"PlanetInHouseLines","entries|venus_1","Венера в първи дом често дава естествено очарование и топъл първи впечатление. Хората ви посрещат с добронамереност, което може да отваря социални и професионални врати по-рано, отколкото очаквате. Желанието да бъдете харесван/а е силно и често работи във ваша полза, но може да ви подтиква към угодничество или избягване на конфликт. Практически: упражнявайте ясни граници и използвайте своята привлекателност съзнателно, за да привличате връзки, които уважават и ценят истинския ви Аз.","Venus in the 1st house often lends an easy charm and a pleasant first impression. People tend to respond warmly to you, which can open social and professional doors earlier than expected. Your wish to be liked usually serves you well, but it can also tilt toward people-pleasing or avoiding necessary conflict. Practical guidance: set clear personal boundaries and let your attractiveness be a deliberate tool to attract relationships that respect and appreciate the real you."
"PlanetInHouseLines","entries|venus_10","Венера в 10-ти дом насочва обаянието ви към публичната сцена — имиджът, професионалната репутация и начина, по който ви възприемат обществото и авторитетите. Често печелите от това да ви харесват в работна среда и умеете да представяте проекти и сътрудничества по елегантен начин. В добрите прояви чарът ви отваря врати и подпомага кариерата; в напрежение има риск да приоритизирате популярността пред автентичността. Практически: развивайте професионален стил, грапете отношения чрез дипломация и задавайте граници, за да запазите личните си ценности.","Venus in the 10th house tends to place your charm and social grace in the public sphere — career, reputation and how authorities perceive you. You often benefit from being liked at work and you know how to present people and projects attractively. This placement can smooth professional advancement and make networking feel natural, but it can also tempt you to trade authenticity for popularity. Constructive use of this energy includes cultivating a coherent public image, using diplomacy to build lasting alliances, and setting boundaries so that your reputation supports rather than replaces your values."
"PlanetInHouseLines","entries|venus_11","Венера в 11-ти дом свързва любовта с приятелствата и общностите — често романтиката започва именно чрез социалния кръг или общ проект. Щедростта и топлината ви правят по-привлекателни за групите, а от тях очаквате взаимност и подкрепа. Позитивно, това дава възможности за партньорства, основани на общи идеали; в напрегнати моменти можете да смесвате ролите на приятел и любовник или да разчитате прекалено много на социалното одобрение. Практически: инвестирайте в ясни граници, говорете открито за очакванията в близки приятелства и търсете разнообразни източници на емоционална подкрепа.","Venus in the 11th house often links affection with friendships and group life — romantic connections frequently grow out of social circles or shared causes. You tend to give generously to your network and expect warmth in return, and you may find partners through mutual ideals and collaborative projects. Positively, this placement supports social charisma and cooperative ventures; under strain, roles can blur between friend and lover or you may rely too heavily on group approval. Practical guidance: establish clear boundaries, communicate intentions within close friendships, and cultivate multiple sources of emotional support."
"PlanetInHouseLines","entries|venus_12","Венера в 12-ти дом насочва любовта към скритото, мистичното и състрадателното. Често обичате тихо, изживявате привързаностите вътрешно и можете да прибирате чувствата си от очите на другите. Това положение подкрепя съпричастност, артистични интуиции и склонност към тайни връзки, но носи и риск от самоизолация или жертвено поведение. Практически съвет: използвайте уединението за вътрешна работа, творческо изражение или терапия; поставяйте меки граници, за да не бъдете използвани, и постепенно изваждайте важните чувства на светло, когато е безопасно.","Venus in the 12th house tends to orient love toward the private, the mystical and the compassionate. You may love quietly, keeping feelings inner and sometimes unspoken, which can foster deep empathy and a rich inner life. This placement also supports artistic sensitivity and secret or sacrificial attachments, but it can lead to self-isolation or being taken advantage of if boundaries are weak. Practical approaches include using solitude for reflection, creative work or therapy, setting gentle but clear boundaries, and bringing important relationships into the light when it feels safe to do so."
"PlanetInHouseLines","entries|venus_2","Венера във втори дом насочва ценностите към комфорт, качество и материална стабилност. Обичате хубави неща и сте склонни да инвестирате в издръжливост и естетика — това често отразява вътрешно усещане за достойност. Рискът е да свързвате самооценката си с притежанията или да харчите, за да се почувствате добре. Практически: избирайте покупки според дългосрочни ценности, развивайте вътрешно чувство за стойност и използвайте ресурсите си за сигурност и красота.","Venus in the 2nd house directs values toward comfort, quality and material stability. You’re inclined to buy well-made, beautiful things and often see them as evidence that effort paid off — a reflection of your sense of worth. The downside can be tying self-esteem to possessions or using spending to feel better. Practical advice: align purchases with long-term values, cultivate inner self-worth independent of things, and use your resources to build both security and beauty."
"PlanetInHouseLines","entries|venus_3","Венера в трети дом дава лекота в общуването — печелите хората с думите и умеете да смекчавате напрежение чрез разговор. Приятният, интелигентен диалог често ви храни повече от повърхностните развлечения. Възможно е да предпочитате хармонични съобщения пред откровени конфронтации или да използвате ласкателство, за да уредите нещата. Практически: използвайте дарбата си за общуване, но не избягвайте важни трудни разговори; яснота и топлина могат да вървят заедно.","Venus in the 3rd house gives you a gift for graceful communication — you win people over with words and can smooth tensions through dialogue. Pleasant, thoughtful conversation often nourishes you more than small talk. You may favor harmonious messaging over direct confrontation or lean on charm to resolve issues. Practical approach: use your conversational skill to build rapport, but don’t avoid necessary difficult discussions; clarity and warmth can coexist."
"PlanetInHouseLines","entries|venus_4","Венера в четвърти дом насочва любовта към дома, семейните корени и естетиката на личния ви свят. Създаването на красиво, спокоен дом за вас е начин да изразите привързаност; домашната хармония често стои на първо място. Може да ви боли повече при скандали вкъщи или да склонявате към избягване на конфликти заради мира. Практически: инвестирайте в атмосферата и същевременно работете върху честна емоционална комуникация с близките си.","Venus in the 4th house turns your affection toward home, family roots and the aesthetics of your private life. Making a beautiful, peaceful home is often how you show love, and domestic harmony tends to be a priority. Conflicts at home may feel especially painful, and you might avoid confrontation to preserve peace. Practical guidance: cultivate a pleasant environment while also practicing honest emotional communication with family so warmth doesn’t mask unresolved issues."
"PlanetInHouseLines","entries|venus_5","Венера в пети дом насърчава радостта, романтиката и творческото изразяване. Лесно се влюбвате и не се страхувате да показвате обич; играта, флиртът и артистичността ви дават усещане за себеизява. Може да търсите одобрение и внимание, което понякога води до драматични изпълнения. Практически: канализирайте страстта си в творчески проекти и грижовни връзки, като същевременно поддържате ясни граници за да избегнете разочарования.","Venus in the 5th house encourages pleasure, romance and creative self-expression. You may fall in love easily and freely show affection; playfulness, flirting and artistic pursuits make you feel most yourself. There can be a desire for attention or approval that leads to occasional theatrical displays. Practical tips: channel your passion into creative projects and warm, generous relationships, while maintaining clear boundaries to reduce the risk of hurt or unmet expectations."
"PlanetInHouseLines","entries|venus_6","Венера в шести дом често проявява любовта чрез грижа и практическа помощ — правите неща за хората повече, отколкото ги наричате. Вие търсите приятно и естетично работно обкръжение; ако задачите не радват, бързо губите интерес. Рискът е прегаряне или прекалено отдаване, когато грижата става начин да търсите одобрение. Практически: интегрирайте удоволствието в ежедневието, грижете се за себе си и определяйте здрави професионални граници.","Venus in the 6th house often expresses affection through care and practical service — you do things for others rather than say it. You need a pleasant, orderly workplace and may lose enthusiasm quickly if the work isn’t enjoyable. The downside can be overgiving or seeking approval through service. Practical guidance: bring beauty and pleasure into daily routines, prioritize self-care, and set healthy boundaries at work so helpfulness remains sustainable and authentic."
"PlanetInHouseLines","entries|venus_7","Венера в седми дом поставя партньорствата в центърa на вашия свят — взаимоотношенията ви дават смисъл и често ви се отдават. Хармонията и компромисите са силни страни, но има риск да се съгласявате твърде лесно, само за да избегнете разрив. Важно е да запазвате собствената си идентичност в тандем. Практически: практикувайте ясна комуникация на нуждите си и създавайте равноправни споразумения, които уважават както близостта, така и индивидуалността.","Venus in the 7th house places partnerships at the heart of your life — relationships often feel meaningful and are an area of strength. Harmony and compromise come naturally, but there’s a risk of agreeing too readily to avoid rupture. It’s important to maintain your own identity within the couple. Practical suggestions: communicate your needs clearly and cultivate equitable agreements that honor both closeness and individuality."
"PlanetInHouseLines","entries|venus_8","Венера в осми дом дава интензивни, трансформативни връзки — любовта за вас може да бъде въпрос на всичко или нищо. Емоционалната и финансова интимност често се преплитат, което носи голяма сила, но и риск от объркване на границите, ревност или манипулация. Практически: работете върху прозрачността във взаимоотношенията и финансовите споделяния; канализирайте силните чувства в процеси на растеж и взаимно изцеление, вместо контрол.","Venus in the 8th house brings intense, transformative relationships — love may feel like all or nothing. Emotional intimacy and shared resources often become interwoven, offering deep connection but also potential boundary blurring, jealousy or power struggles. Practical advice: cultivate transparency around money and emotional needs; aim to transform passion into mutual growth and healing rather than control, and use intimacy as a path to deeper self-knowledge."
"PlanetInHouseLines","entries|venus_9","Венера в 9-ти дом насочва привличането ви към далечни хоризонти — пътувания, чужди култури, философии и езикови светове. Често търсите разширение на вкусовете и идеите си чрез контакти с различни начини на живот и образователни преживявания. Рутината бързо охладява интереса ви; новото ви вдъхновява и подхранва романтиката и естетиката ви. В напрегнати прояви може да идеализирате „чуждото“ или да избягвате ангажимент, предпочитайки вълнението от търсенето пред дълбоката връзка. Практически: учене на език, културни пътувания или академични занимания могат да интегрират желанията ви и да придадат устойчивост на страстите.","Venus in the 9th house often draws your love and aesthetic sense toward distant horizons — travel, foreign cultures, higher learning and spiritual or philosophical quests. You tend to seek novelty and expansion through different ways of living and thinking; sameness can quickly dim your interest. This placement can inspire romantic entanglements that begin abroad or through study, and it points to aesthetic growth via long journeys and learning. Tensions may include idealizing the exotic or avoiding commitment in favor of the chase. Practical expression: study, travel, or structured cultural experiences help make your attractions more sustainable and meaningful."
"PlanetMeanings","byKey|chiron","Хирон отбелязва старата рана, която продължавате да оплаквате и лекувате през годините. Тази уязвимост може да ви даде специален ресурс — опит, емпатия и умение да водите другите през подобни трудности. Често компенсирате болката чрез учене, наставничество или лечебни практики, но също така можете да срещнете защитни механизми като отдръпване или прекомерна самопожертвователност. Задачата е да признаете раната, да се грижите за нея и да използвате преживяното, за да подкрепяте другите без да се изтощавате.","Chiron marks the old wound you keep tending across a lifetime. That vulnerability can become a resource: lived wisdom, empathy and an ability to guide others through similar hurts. People with strong Chiron themes often channel their pain into teaching, healing or advocacy, yet may also develop defenses like withdrawal or overcompensation. The constructive path is to acknowledge and care for the wound, setting boundaries so your sensitivity becomes a source of service rather than perpetual depletion."
"PlanetMeanings","byKey|jupiter","Къде търсите разширение, вяра и смисъл. Юпитер описва областите, в които животът може да се разширява — обучение, пътуване, философия и щедрост. Показва какво ви вдъхновява да търсите повече и къде имате склонност да растете естествено. Юпитер може да носи оптимизъм и възможности, но и прибързаност или склонност към преувеличение; ползотворно е внимателното търсене на смислени перспективи и дисциплинираното развитие.","Where you seek expansion, belief, and meaning. Jupiter shows the areas in which life can grow—education, travel, philosophy, and generosity. It points to what inspires you to reach for more and where growth feels natural rather than forced. Jupiter often brings optimism and opportunities, but can also encourage excess or overconfidence; useful practice is combining big vision with grounded, steady effort."
"PlanetMeanings","byKey|lilith","Лилит сочи към онова, което са ви казали да скриете — дива, неудобна част от себе си, която не се подчини и често се наказва. Когато я отричате, тя може да горчи, да провокира вина или изолация; когато я признаете, става източник на лична сила, автономия и ненужна покорност отпада. Темите включват сексуалност, граници, гняв и отказ да се впишете в очакванията. Изследването на Лилит помага да интегрирате тези качества конструктивно и да заявите себе си по-цялостно.","Lilith points to what you were told to hide: the untamed, inconvenient part of yourself that refuses to be domesticated. Denied, it can turn bitter, provoke shame or isolation; acknowledged, it becomes a source of power, autonomy and refusal to perform for others. Lilith themes include sexuality, boundary assertion, anger and resistance to societal scripts. Working with Lilith is about integrating these impulses so they inform honest self-expression rather than self-sabotage."
"PlanetMeanings","byKey|mars","Как поемате инициативата и отстоявате желанията си: енергията, импулсът и начинът, по който започвате нещата. Марс показва вашата борбеност, реактивност и сексуална сила, както и предпочитанията ви при конфликт — директни или заобикалящи. Той може да насочи към смелост и издръжливост, но и към избухливост или прибързаност; конструктивните изрази включват спорт, проекти и честна агресия, насочена към целите.","How you take initiative and assert your desires: your drive, impulse, and the way you begin things. Mars shows your assertiveness, reactivity, and sexual energy, as well as how you handle conflict—directly or indirectly. It can indicate courage and stamina, but also impatience or volatility. Constructive outlets include physical activity, targeted projects, and learning to channel anger into purposeful action."
"PlanetMeanings","byKey|mercury","Как мислите, научавате и общувате: темпът на ума, стилът на разсъждение и начинът, по който изразявате идеи. Меркурий описва как обработвате информацията, дали сте аналитични, конкретни или склонни към абстракции, и как правите разговорите да „седят“ за вас. Влиятелни са и темпото на говорене, предпочитанията за учене и уменията за слушане; може да осветли нервност, многословие или склонност към рационализиране.","How you think, learn, and communicate: the speed and style of your mind and how you express ideas. Mercury describes how you process information—whether you are analytical, concrete, or abstract—and what makes conversations feel clear to you. It influences learning preferences, speaking tempo, and listening habits, and may also reveal nervous energy, quick wit, or a tendency to over-rationalize feelings."
"PlanetMeanings","byKey|moon","Емоционалният ви свят и това, от което имате нужда, за да се почувствате в безопасност. Луната описва инстинктивните реакции, настроенията и утехата, към която посягате без да мислите. Тя носи спомените за първите грижи, моделите на емоционална подкрепа и начина, по който сте се научили да успокоявате себе си. Влияе върху домашните навици, рутините и нуждата от емоционална сигурност, но може и да показва склонност към настроения и привързаности.","Your emotional landscape and what you need to feel secure. The Moon describes instinctive responses, moods, and the comforts you reach for automatically. It carries early caregiving patterns, emotional memory, and how you soothe yourself. The Moon also shapes home life, routines, and intimacy needs; it may point to moodiness, attachment styles, and what makes you feel nurtured in private settings."
"PlanetMeanings","byKey|neptune","Мястото, където границите се размиват и реалността става символ. Нептун често насочва към копнежи, идеали и нуждата да избягате от суровите факти — във вяра, изкуство или спиритуална практика. Той може да отключи състрадание и творческо въображение, но и илюзии, самозалъгване или склонност към зависимост. Темите включват сливане, жертвоготовност и нуждата да различавате интуицията от заблудата, така че да използвате Нептуновите дарове конструктивно.","Where firm lines soften and experience becomes symbolic. Neptune often points to longings, ideals and the impulse to escape harsh facts — through faith, art, or spiritual practice. It can open empathy, imagination and aesthetic sensitivity, but also invite confusion, self-deception or addictive patterns. Themes include dissolution, compassion and boundary-blurring; the task is to learn when to trust intuition and when to keep practical anchors so Neptune’s gifts become creative or healing rather than evasive."
"PlanetMeanings","byKey|pluto","Плутон насочва към онова, което прониква дълбоко и отказва да се освободи лесно. Той често се проявява през опитности на власт, загуба, обсебване и крайности, които разклащат идентичността. Под негово влияние може да се преживее разрушение и последващо преизграждане — процес, който е болезнен, но потенциално освобождаващ. Плутон ни кани да сблъскаме сенките си, да променим структурите, които ни задържат, и да възстановим лично властване и сила чрез трансформация.","Pluto points toward what goes deep and refuses to let go. It often appears through experiences of power, loss, obsession and crisis that unsettle identity. Under Pluto you may undergo breakdown and subsequent rebuilding — painful but potentially liberating. Its work is shadow confrontation: excavating buried drives, exposing control dynamics, and purging what no longer serves so a new, more authentic authority can emerge. Pluto’s intensity can be destructive or regenerative depending on how one engages it."
"PlanetMeanings","byKey|rahu","Раху обозначава посоката, към която сте привлечени, но която често е непозната и непроинстинктивна. Тук има апетит за нови преживявания, амбиция и готовност да рискувате онова, което вече ви е познато. Раху може да усилва желанието за социално признание, нетипични успехи или екзотични пътища към растеж, но носи и риска от илюзии или прекомерно желание за външно потвърждение. Полезно е да действате любознателно и постепено, чрез опити и корекции, вместо да очаквате незабавни гаранции.","Rahu indicates the direction you are pulled toward even when it feels unfamiliar and instinct is thin. It brings appetite for novelty, ambition and a willingness to step into uncharted territory. Rahu can amplify drive for social recognition, unconventional achievements or rapid growth, but it may also fuel illusions or craving for external validation. Practically, it invites experimentation: try new roles and learn by doing, while keeping a grounded perspective so appetite leads to genuine expansion rather than short-lived excess."
"PlanetMeanings","byKey|saturn","Къде трябва да положите усилия и да поемете отговорност. Сатурн показва структурите, дисциплината и ограниченията, които оформят зрялостта ви. Често посочва области, в които чувствате несигурност или където успехът идва след постоянство и търпение. Може да заяви страхове, перфекционизъм или самоналожени граници, но и устойчивост, майсторство и умението да създавате трайни резултати чрез системна работа.","Where you have to work and take responsibility. Saturn shows the structures, discipline, and limits that shape your maturity. It often points to areas of insecurity or to things that only become solid through persistent effort and time. Saturn can bring fears, perfectionism, or self-imposed constraints, but also resilience, mastery, and the capacity to build lasting results through steady practice."
"PlanetMeanings","byKey|sun","Кой сте, когато сте сами по себе си: централното чувство за цел и посока, вашата жизнена енергия и областите, в които естествено блестите. Слънцето насочва стремежа ви да се изявите, ролите, които поемате, и начина, по който търсите признание. То често показва как формулирате личната си идентичност и какво ви кара да се чувствате значими; може да даде и предизвикателства около егото и необходимостта от автономност и отговорност.","Who you are at core: your sense of purpose, vital energy, and the areas where you naturally shine. The Sun points to how you want to be seen, the roles you assume, and the direction you aim toward. It often shows your creative drive and need for recognition, as well as where you feel most alive. It can also highlight ego-related tensions and the balance between self-expression and responsibility."
"PlanetMeanings","byKey|uranus","Това, което отказва да остане същото: мястото на неочакваното, индивидуалността и пробива на шаблоните. Уран насочва към внезапни промени, оригиналност и нуждата от свобода; често открива къде се отклонявате от семейните или социалните очаквания. Може да донесе внезапни пробиви или раздори, но и пробуждане и иновативни решения. Работи добре, когато се насочва към създаване на нови форми вместо разрушителна бунтарщина.","What refuses to stay the same: the realm of the unexpected, individuality, and breaking patterns. Uranus points to sudden change, originality, and the need for freedom; it often reveals where you differ from family or social expectations. Uranus can bring disruptive surprises and breakthroughs, as well as awakenings and inventive solutions. It’s most productive when its restlessness is channeled into constructive innovation rather than chaotic rebellion."
"PlanetMeanings","byKey|venus","Какво намирате за красиво и какви връзки и удоволствия търсите. Венера описва ценностите ви, вкуса и начина, по който показвате привързаност и търсите хармония. Тя насочва към това за което сте склонни да похарчите време или пари, какво ви кара да се чувствате оценени и какво ви привлича в хора и вещи. Може да покаже склонност към избягване на конфликти или, обратно, нуждата да създавате баланс между желания и граници.","What you find beautiful and the kinds of relationships and pleasures you seek. Venus describes your values, tastes, and how you show affection and pursue harmony. It points to what you’re willing to invest time or money in, what makes you feel appreciated, and what attracts you in people and objects. Venus can highlight a tendency to avoid conflict, or the challenge of balancing desire with healthy boundaries."
"SignMeanings","bySign|AQUARIUS","независимо и дистанционно — мисли в системи, иновативно и често с абстрактна перспектива; съпротивлява се на налагани правила и се ръководи от принципи и колективни идеали. Може да изглежда емоционално отдръпнат е или да поставя идеята пред личните връзки. Насочва към реформа, приятелства и групова мисъл. Практически съвет: да свързва визионерството с емпатия на лично ниво, за да направи идеите приложими и устойчиви.","independently and at a distance — it thinks in systems, innovates, and often takes an abstract perspective; it resists being ordered and is guided by principles and collective ideals. It can appear emotionally detached or prioritize ideas over personal ties. This mode supports reform, friendships, and group-minded thinking. Practical advice: couple visionary thinking with personal empathy to make ideas practical and sustainable."
"SignMeanings","bySign|ARIES","Натискът на Овен е директен и незабавен: предпочита действие пред план и научава чрез опит. Инициативността и смелостта често водят, но може да има и нетърпение, импулсивност или склонност да се прескача подготовката. Овенската енергия вдъхва първична решимост и готовност да се поеме риск; полезно е да култивирате търпение и да оставяте място за корекции, за да превърнете импулса в устойчиво постижение.","Aries energy is direct and immediate: it prefers action to planning and learns by doing. Initiative and courage often lead, but so can impatience and impulsiveness. Aries brings a pioneering drive and readiness to take risks; the constructive challenge is to temper speed with a little foresight and the willingness to adjust course, so that bold starts become meaningful progress rather than repetitive false starts."
"SignMeanings","bySign|CANCER","чувствително и закрилнически — реакциите често минават през емоцията и интуицията; предпочита да заобикаля конфронтацията и да действа отстрани, като събира и пази спомени и усещания. Насочва към грижа за дома, близките и емоционалната безопасност, но може да се затвори или да стане прекалено защитно в отговор на ранимост. Практически съвет: да се упражнява ясна комуникация на нуждите и границите, за да превърне чувствителността в устойчив ресурс.","sensitively and protectively — responses often filter through feeling and instinct; it tends to avoid head-on confrontation and moves sideways, gathering and keeping memories and impressions. This style points toward caring for home, close relationships, and emotional security, yet it can withdraw or become overprotective when feeling vulnerable. Practical guidance: practice clear communication of needs and boundaries so that sensitivity becomes a sustainable strength rather than a limiting retreat."
"SignMeanings","bySign|CAPRICORN","търпеливо и с план — гради стъпка по стъпка, оценява дисциплината и работата, която дава резултат във времето. Носи отговорност и често поема повече, отколкото желае да признае; може да бъде резервиран и да поставя кариерата или дълга пред личните нужди. Насочва към устойчиви постижения и структуриране на ресурси. Практически съвет: да балансира амбицията с грижа за себе си и да си позволява малки почивки по пътя към целите.","patiently and with a plan — it builds steadily, values discipline, and honors work that pays off over time. It often shoulders more responsibility than it admits, and can be reserved, prioritizing career or duty over personal needs. This approach favors durable achievement and resource structuring. Practical suggestion: balance ambition with self-care and allow small rest stops while pursuing long-term goals."
"SignMeanings","bySign|GEMINI","Близнаците са любопитни и вербални — обръщат се към света чрез слово и информация. Нуждата от разнообразие и интелектуален обмен може да ги прави леко разсеяни и склонни да избягват дълбочина, но те са отлични в свързването на идеи и адаптацията към нови контексти. Практическата страна е да използват любопитството целенасочено: да следват нишки на интерес и да структурират знанията, за да превърнат многото контакти в реални възможности.","Gemini is curious and word-oriented: it engages the world through speech and information. Its hunger for variety and mental stimulation can make it restless and sometimes avoidant of depth, but it excels at connecting ideas and adapting to new contexts. The practical task is to channel curiosity with focus: follow interest threads and organize what you learn so many conversations and contacts become coherent opportunities rather than scattered noise."
"SignMeanings","bySign|LEO","топло и показно — изразът често е щедър и драматичен; има нужда да бъде видян и признат в процеса на себеизразяване. Насочва към творчество, лидeрство и радост от даването, но може да търси външно одобрение или да изглежда взискателно, когато не получава признание. Практически съвет: да култивира вътрешно чувство за стойност и да използва видимостта си за вдъхновение на другите, вместо за потвърждение.","warmly and visibly — expression is often generous and dramatic; it wants to be seen and appreciated in the act of creating or leading. This tendency favors creativity, leadership, and joyful giving, but can lean on external validation or come across as demanding when recognition is lacking. Practical suggestion: cultivate an internal sense of worth and channel visibility into inspiring others rather than seeking constant affirmation."
"SignMeanings","bySign|LIBRA","справедливо и в партньорство — ориентира се към равновесие, взаимност и естетика; включва другия в решението и оценява хармонията. Може да се загуби в стремежа да угоди или да избягва конфликти, жертвейки собствените предпочитания. Насочва към етични и дипломатични отношения, както и към стремеж към красота. Практически съвет: да упражнява яснота в личните граници и да търси баланс между съпричастие и собствена автентичност.","considerately and together — oriented toward balance, reciprocity, and aesthetics; it brings the other into decisions and values harmony. It may lose itself trying to please or avoid conflict, sacrificing personal preferences. This tendency supports ethical, diplomatic relationships and a pursuit of beauty. Practical tip: practice clarity about personal boundaries and seek a balance between empathy and authentic self-expression."
"SignMeanings","bySign|PISCES","Риби често са меки, емпатични и с неясни граници — те лесно попиват настроенията около себе си и могат да дават до изтощение. Знакът насочва към богата вътрешна фантазия, духовен чар и склонност към състрадание. Практически, това означава нужда от ясни лични граници и изразни канали: творческа работа, музика или грижа за другите могат да бъдат лек за душата, стига да се намери баланс между даване и възстановяване.","Pisces often express a gentle, porous presence that absorbs the emotional tone of a room and can give until depleted. This sign points to vivid imagination, empathy and a spiritual or artistic lean. Practically, it suggests cultivating clear personal boundaries and creative outlets—art, music or caring professions—so sensitivity becomes a resource rather than a drain. Tensions can arise from idealizing others or avoiding practical needs; intentional self-care helps maintain balance."
"SignMeanings","bySign|SAGITTARIUS","широко и с вяра — търси смисъл, перспектива и свобода; има нужда от простор и често учи чрез пътуване, идеи и идеали. Предпочита възможността пред постоянната сигурност и може да пренебрегне детайлите или ангажиментите в полза на хоризонта. Насочва към философия, приключение и разширяване на хоризонтите. Практически съвет: да съчетава любопитството с отговорност, така че свободата да не прераства в разпиляност.","broadly and with faith — it seeks meaning, perspective, and freedom; it needs room and often learns through travel, ideas, and ideals. It favors possibility over fixed security and may overlook details or commitments in pursuit of the horizon. This orientation supports philosophy, adventure, and expansive thinking. Practical tip: pair curiosity with responsibility so freedom doesn’t become aimless scattering."
"SignMeanings","bySign|SCORPIO","интензивно и до край — работи дълбоко, без половинчатост; пази своя вътрешен свят и има проницателност, която вижда зад фасадите. Насочва към трансформация, интимност и психическо изчистване, но може да се сблъска с ревност, контрол или тайни. Практически съвет: да се упражнява в откровеност и доверие поетапно, да канализира интензитета в терапевтични или творчески процеси вместо в манипулация или изолация.","intensely and thoroughly — it doesn’t do things by halves; it guards its inner life and often sees through surface appearances. This style points to transformation, deep intimacy, and psychological clearing, but can run into jealousy, control, or secrecy. Practical guidance: cultivate gradual openness and trust, channel intensity into therapeutic or creative work rather than manipulation or withdrawal."
"SignMeanings","bySign|TAURUS","Телецът действа бавно и устойчиво, търсейки неща, които може да пипне и задържи. Стремежът към комфорт, сигурност и сетивни удоволствия силно влияе на решенията — лоялност и упоритост са предимство, но могат да преминат в инат и пасивност при нужда от промяна. Полезно е да цените материалните и емоционални ресурси, да градите устойчиви навици и да позволявате промяната да се случва постепенно, вместо да я блокирате рязко.","Taurus moves slowly and steadily, favoring what can be touched and kept. It values comfort, security and sensory pleasure; loyalty and persistence are strengths, but may harden into stubbornness or resistance to necessary change. Practically, Taurus benefits from building reliable routines and tangible assets, while learning to welcome gradual adaptation so attachment becomes a foundation rather than a constraint."
"SignMeanings","bySign|VIRGO","внимателно и ползотворно — забелязва детайли, които другите пропускат, и насочва усилията към поправка и усъвършенстване. Често е най-строг към себе си и може да се задушава от перфекционизъм или прекален анализ. Насочва към ефективност, услуга и здравословни навици. Практически съвет: да приоритизира и да практикува приемане на „достатъчно добро“, като превърне критиката в конструктивна грижа вместо в обезсърчение.","carefully and usefully — it notices what others miss and directs effort toward fixing and refining. Often self-critical, it can be weighed down by perfectionism or excessive analysis. This mode favors efficiency, service, and healthy routines. Practical advice: prioritize tasks and practice accepting “good enough,” turning critique into constructive care rather than self-defeating judgment."
"SunInSign","entries|sun_aquarius","Импулсът ви е към самостоятелно мислене и забелязване на модели, а не отделни случаи. Когато ви казват какво да вярвате, често изпитвате обратен рефлекс, и вие сте този, който пита „защо така въобще?“. Разстоянието ви дава яснота и оригиналност, но може да държи хората на разстояние. Темите са индивидуалност, общност и идеали; полезно е да учите как да превеждате идеите си в практични действия и да изграждате интимност без да губите независимостта си.","You need to think for yourself and tend to notice patterns rather than isolated facts. Being told what to believe often produces the opposite reflex, and you’re frequently the one asking why things are done this way at all. Distance gives clarity and originality but can keep others farther away than intended. Themes: individuality, community, ideals. Practice translating ideas into practical projects and cultivating closeness while preserving autonomy."
"SunInSign","entries|sun_aries","Чувствате се живи, когато сте този, който започва: инициативата зарежда, конкуренцията и предизвикателствата събуждат енергия. Чакането за разрешение често ви изцежда, докато действието ви дава усещане за смисъл. Склонни сте да предпочетете действие и корекция на място пред дълги размишления, което може да доведе до импулсивни решения и незавършени проекти. Практическите стратегии включват съзнателно планиране на завършвания, търсене на безопасни канали за изява на агресията и работа върху търпението, за да умножите ползите от вашата инициатива.","You feel alive when you’re the one who gets things started: initiative energizes you, and challenges wake your appetite for life. Waiting for permission can be draining, while doing and correcting in motion feels natural. You tend to favor action over prolonged deliberation, which can lead to impulsive choices and a pattern of many beginnings without enough follow-through. Useful approaches are deliberately choosing closure moments, channeling assertive energy into safe outlets, and practicing patience so your bold starts turn into sustainable achievement."
"SunInSign","entries|sun_cancer","Себе си чувствате там, където има безопасност — емоционална, физическа или семейна — и често градите тази сигурност и за другите. Имате способността да усещате атмосферата и да помните емоционалните отпечатъци на хора и места с години напред. Когато се почувствате застрашени, предпочитате отдръпване пред директна конфронтация, което понякога се тълкува като дистанция; истинският ви стремеж обикновено е към защита и грижа. Работете върху граници, които позволяват безопасност без изолация, и намерете начини да изразявате емоциите си съзнателно.","You feel most yourself where there is safety — emotional, physical, or familial — and you often create that sense of security for others. You tend to pick up on the mood of a room and retain emotional impressions of people and places for a long time. When threatened, withdrawal can feel safer than direct confrontation, which others may misread as indifference; your impulse is usually protective rather than uncaring. Useful work includes setting boundaries that allow safety without isolation and finding conscious ways to express and share feelings."
"SunInSign","entries|sun_capricorn","Съсредоточени сте върху дългосрочния напредък. Предпочитате да заслужите нещо бавно и да го запазите, поемате отговорност по-рано и често сте човекът, на когото другите разчитат. Силата ви е дисциплината и стратегическото планиране; рискът е да се мерите единствено с постиженията и да носите повече, отколкото признавате. Практично: задавайте ясни приоритети, учете се да делегирате и отделяйте време за възстановяване, така че устойчивата кариера да не изяде личния живот.","You’re built for the long game. You prefer to earn and preserve things over time, assume responsibility early, and are often the person others rely on. Your strengths are discipline and strategic planning; risks include equating worth with achievement and carrying too much. Practical steps: set clear priorities, learn to delegate, and schedule recovery so long‑term ambition doesn’t erode personal life and wellbeing."
"SunInSign","entries|sun_gemini","В най-добрата си форма сте, когато има какво ново да научите и комуникирате — любопитството е начин на живот, не просто хоби. Често оформяте мнение в разговора, като пробвате идеи гласно и виждате кои държат вода. Склонността към разнообразие и умствена подвижност ви носи оживление, но може да доведе до повърхностност: много начала, малко задълбочаване. Полезно е да структурирате периоди за фокус и да избирате проекти, които ви дават възможност да дълбаете, не само да започвате.","You’re at your best when there’s something new to learn and someone to tell it to — curiosity is a way of being, not a pastime. You often form opinions aloud, testing ideas in conversation to see what holds. Mental agility and variety energize you, but they can also foster superficiality: many starts but few deep finishes. Practical strategies include scheduling focused blocks for sustained work and choosing pursuits that encourage depth as well as breadth."
"SunInSign","entries|sun_leo","Имате нужда усилието ви да бъде забелязано — не просто аплауз заради аплодисментите, а усещането, че дарът ви стига до друг човек. Когато това присъства, ставате щедър, топъл и устойчив пред неуспехите; когато липсва, може да се престараете или да се отдръпнете, а отдръпването често боли повече. Темите тук включват творчество, лидерство и самоутвърждаване. Практически: работете върху вътрешното признание и създавайте роли, в които вашият талант служи и се вижда, без да зависи изцяло от външна похвала.","You need your work and presence to be recognized — not applause for its own sake, but the sense that what you offer reaches someone. When this recognition is present, you tend to be generous, warm, and resilient; when it’s missing you may overperform or withdraw, and withdrawal often costs most. Core themes: creativity, leadership, self‑expression. Practical guidance: cultivate inner validation, share the spotlight deliberately, and build projects where your gifts are seen without making approval the only reward."
"SunInSign","entries|sun_libra","Откривате себе си в отношенията — мерите как дадено решение ще се отрази на другите почти преди собствените си предпочитания, което ви прави справедливи и приятни за компания. Но тази склонност може да донесе неяснота какво наистина искате и да ви затрудни да кажете непопулярното. Темите са баланс, дипломация и естетика; конструктивна работа включва да оформяте и отстоявате лични граници, да вземате решения с ясно чувство за приоритет и да практикувате честност, която съхранява връзките.","You find yourself in relation to others — weighing how choices land on people often before you register your own preference, which makes you fair and pleasant company. That tendency can leave you unsure of what you truly want and hesitant to voice unpopular truths. Themes: balance, diplomacy, aesthetics. Constructive steps: clarify your priorities, practice saying difficult things with care, and set boundaries so your generosity doesn’t erase your identity."
"SunInSign","entries|sun_pisces","Поемате повече от обстоятелствата, отколкото можете лесно да обясните: настроения, музика, усещанията на другите стигат до вас директно. Това ви прави състрадателни и въображаеми, но и уязвими на „наводняване“ от чужди емоции. Работата ви включва граници, различаване кое чувство е ваше и къде помощта спира да бъде полезна. Практически: използвайте структурирани изразни форми — изкуство, ритуал, терапия — и създайте ежедневни практики за заземяване и възстановяване.","You take in more than you can always explain: moods, music, and other people’s states reach you directly, making you compassionate and imaginative but also easily flooded. Your work is boundary‑setting — discerning which feelings in the room are truly yours and where your help stops being helpful. Practical suggestions: channel sensitivity into art or healing, establish grounding routines, and set clear limits so empathy remains sustainable."
"SunInSign","entries|sun_sagittarius","Нуждаете се от простор и от смисъл—за вас значението често тежи повече от сигурността, затова предпочитате по‑широка перспектива пред удобството: пътуване, учене, вярвания, които разширяват хоризонта. Затворени в тесни рамки, ставате неспокойни и грубовати, а честността ви може да загуби такт. Темите са търсене, свобода и идеали; полезно е да култивирате търпение към детайлите, да развивате дипломатичност и да насочвате стремежа към устойчиво разширяване на опита.","You need room and meaning — meaning often matters more than security, so you’ll trade comfort for a larger view: travel, study, and beliefs that broaden your horizon. Boxed in, you grow restless and blunt, and the honesty that serves you can become tactless. Themes: exploration, freedom, philosophy. Practical guidance: temper passion with patience, attend to useful details, and direct your appetite for growth into experiences that deepen rather than scatter your purpose."
"SunInSign","entries|sun_scorpio","Не се занимавате с половин мерки. Искате да знаете какво стои под финото, пазите мислите си и привързвате дълбоко към малко хора вместо леко към мнозина. Верността ви е дълбока, както и вашето подозрение; във властта ви е както силата на трансформация, така и склонността към контрол или ревност. Темите са интензитет, възраждане и интимност. Полезно е да учите кога да пускате, да канализирате интензитета творчески и да търсите ясни граници между крайна подкрепа и задушаване.","You don’t do things halfway. You want to know what’s really going on beneath the polite surface, keep your counsel, and attach deeply to a few rather than lightly to many. Loyalty runs as deep as suspicion; this gives you transformative power but also risks control and jealousy. Themes: intensity, regeneration, intimacy. Helpful practices: learn when to let go, channel passion into creative or healing work, and set clear emotional boundaries to protect both you and those you love."
"SunInSign","entries|sun_taurus","Ставате себе си през това, което изграждате и съхранявате — стабилните резултати дават усещането за автентичност. Нуждаете се да видите материален отпечатък от усилията си: дом, умение, финансовата сигурност. Вашият напредък е по-скоро резултат от последователност, отколкото от бързина. Когато ви притискат да променяте посоката преди да сте готови, може да се вкопаете; тази устойчивост е едновременно ресурс и ограничаващ фактор. Балансът може да дойде от практики, които въвеждат гъвкавост без да жертвате корените си.","You become yourself through what you build and preserve — tangible outcomes give a sense of authenticity. You need to see real returns on effort: a home, a skill, financial stability. Your progress typically comes from steadiness rather than speed. When pressured to change before you’re ready, you may dig in; that persistence is both a strength and a barrier. Finding balance can mean cultivating flexibility practices that protect your foundations while allowing selective, purposeful change."
"SunInSign","entries|sun_virgo","Влизате в своето, когато правите нещата да работят — виждате пропуска, който другите подминават, и поправянето му ви носи истинско удовлетворение. Същото критично око често се обръща и към вас, затова можете да постигате високо качество, но да се чувствате все още недоволни. Темите включват служене, детайлна преценка и ефективност; рисковете са перфекционизъм и прекомерна самокритика. Полезно е да развивате състрадание към собствените си граници, да приоритизирате и да делегирате, за да запазите ресурсите си.","You come into your own by making things work — noticing the flaws others skip and taking satisfaction in fixing them. That same exacting eye often turns inward, so you can produce excellent work and still feel behind. Themes include service, attention to detail, and practicality; pitfalls are perfectionism and harsh self‑judgment. Useful practices: set compassionate standards, prioritize tasks that matter most, and allow delegation so your energy isn’t drained by minutiae."
"TransitInterpretations","general|chiron_chiron","Транзитен Хирон към Натален Хирон (Завръщане на Хирон около 50 г.): Това може да бъде значим терапевтичен и идентичностен завой в живота ви. Често старите рани се завръщат на повърхността, за да бъдат видяни и интегрирани — не като слабости, а като източници на мъдрост и състрадание. Появяват се възможности да изследвате как сте се лекували и как превръщате собствената си уязвимост в помощ за другите; някои хора започват mentorска или лечебна работа, други затварят стари цикли. Може да изпитате интензивни емоции, съпротива или скръб; практическа подкрепа (терапия, толкова телесни практики, ритуали, писане) често помага да изплетете нов смисъл и да заявите раната като дар.","Transit Chiron to Natal Chiron (Chiron Return ~50): This transit often marks a deep turning point in your healing and sense of self. Old wounds tend to re-emerge so they can be acknowledged, integrated, and re-framed as sources of wisdom and compassion rather than mere vulnerability. You may be invited to transform personal pain into guidance for others — through teaching, mentoring, creative work, or therapeutic roles — while also completing private inner work. Expect intense feelings, resistance, or moments of grieving; practical supports like therapy, somatic practices, journaling, and ritual can help you weave a sustainable narrative where your wound becomes part of your strength."
"TransitInterpretations","general|chiron_jupiter","Транзитен Хирон към натален Юпитер: Тази седмица могат да изплуват рани, свързани с вярата, разширяването и усещането за потенциал. Възможно е да се появят съмнения относно заслужаваната ви успешност, образование, убеждения или доверието в собствените ви възможности. Лечението често мива чрез дълбока рефлексия върху убежденията ви — проверка кои вярвания са ваши и кои са външни внушения — и чрез малки, доказателствени стъпки към растеж: учене, наставничество, пътуване или служене. Внимавайте за склонност към самооправдание или прекомерна вяра в гарантиран успех; целенасоченото възстановяване на заслуженото чувство за надежда и перспектива носи разширение.","Transit Chiron to Natal Jupiter: Wounds around faith, growth, and belief in your potential may surface. Doubts about deserving success, formal learning, or the validity of your worldview can be provoked. Healing tends to involve examining which beliefs truly support you versus inherited narratives, and taking small, evidence‑based steps toward expansion: study, mentorship, travel, or service that tests and rebuilds confidence. Guard against both cynicism and grandiosity; by cultivating disciplined optimism and realistic experiments of growth you can reclaim an earned, sustainable sense of possibility."
"TransitInterpretations","general|chiron_lilith","Транзитен Хирон към Натална Лилит: Рани свързани с дивото, непримиримото Аз и репресираните желания често изплуват за лечение. Може да се появят стари срам и отхвърляне около сексуалност, граници или интуиция — и с тях възможности да ги възстановите чрез признаване и безопасно изразяване. Трансформацията често изисква да доближите част от себе си, която сте потискали, и да създадете нови начини за самоприемане и защита. Възможни са конфронтации или външни реакции; балансът между съпричастност към раната и твърда самоопазване ще ви помогне да използвате тази енергия конструктивно чрез телесни практики, терапия, артистично изразяване и ясни граници.","Transit Chiron to Natal Lilith: This transit often brings wounds around the wild, untamed self and repressed desire to the surface for healing. Old shame or rejection tied to sexuality, personal sovereignty, or instinctual truth may arise, along with opportunities to reclaim those parts by witnessing and safe expression. Transformation can require approaching what you previously hid and learning new ways to accept and protect yourself. Expect possible confrontations or strong reactions; balancing compassionate self-inquiry with firm boundaries and embodied practices — therapy, bodywork, creative expression — can help you integrate your raw truth into a resilient identity."
"TransitInterpretations","general|chiron_mars","Транзитен Хирон към натален Марс: Рани, свързани с смелостта, гнева и правото да действате, могат да бъдат активирани. Чести прояви са страх от конфликт, задържана ярост или обезсилване при опит да отстоявате нуждите си. Лечение може да настъпи чрез научаване да канализирате енергията си по автентичен начин — чрез физическа активност, границите, асертивностни практики и соматична терапия. Избягвайте импулсивни изблици; работете с малки, уверени стъпки за действие от собствените си мотиви, а не от стари защитни модели. Това е възможност да възстановите личната си сила без агресия и с повече яснота.","Transit Chiron to Natal Mars: Wounds around courage, assertion, and the right to act may be stirred. You might notice fear of conflict, suppressed anger, or feeling unable to claim your energy. Healing often involves learning healthier ways to mobilize your drive: physical exercise, somatic work, boundary‑setting, and assertiveness practice. Avoid reactive or impulsive expressions of anger; instead take small, intentional actions that reflect authentic motivation rather than old defensive habits. With time you can reclaim a steadier, empowered way of acting that honors both your needs and others’ limits."
"TransitInterpretations","general|chiron_mercury","Транзитният Хирон към наталния Меркурий може да върне болезнени преживявания, свързани с гласа ви — да сте били прекъсвани, неразбрани или осмивани. Това може да се усети в разговор, писане, публично говорене или спор, когато внезапно се появи страх, че няма да ви чуят. Конструктивният изход е да назовавате мислите си спокойно, да избирате среда, в която има уважение, и да упражнявате граници в общуването.","Transit Chiron to Natal Mercury: Old wounds around communication and being heard may surface now — memories of being interrupted, dismissed, or told your ideas didn’t matter. These triggers can provoke self‑doubt, shame, or reticence to speak up. Healing tends to come through gentle, honest expression: journaling, conversations in safe settings, creative projects, and therapeutic work that re‑frames internalized messages. Practice saying what matters in small, manageable ways and set boundaries with critics. Over time you can reclaim a voice that feels true and resilient rather than reactive."
"TransitInterpretations","general|chiron_moon","Транзитен Хирон към Натална Луна: Стават явни стари емоционални рани, често свързани с ранния живот, нуждата от безопасност и отношенията с грижещите се. Тези усещания могат да се проявят като нужда от утеха, страх от емоционално отхвърляне или повтарящи се реакции в интимните връзки. Транзитът предлага меко, но целенасочено лечение чрез признание, ре-приемане на вътрешното дете и развиване на самосъстрадание. Практики като дневник, терапия, ритуали за безопасност и изграждане на подкрепящи връзки са особено полезни в този период.","Transit Chiron to Natal Moon: Old emotional wounds come into awareness, often linked to early life, the need for safety, and caretaking relationships. These themes may surface as a heightened need for comfort, fear of rejection, or repetitive emotional patterns in close relationships. The transit invites tender, intentional healing through acknowledgment, re-parenting the inner child, and cultivating self-compassion. Practical supports such as journaling, therapy, safety rituals, and building reliable emotional networks help integrate tender material and create more secure emotional responses going forward."
"TransitInterpretations","general|chiron_neptune","Транзитният Хирон към наталния Нептун може да направи по-чувствителни темите за доверието, границите, духовността и мечтите ви. Това може да се прояви като разочарование от човек, идеализиране на връзка или объркване кое е интуиция и кое е желание. Ще разпознаете проблема, когато започнете да пренебрегвате очевидни факти заради надеждата нещата да са различни. Конструктивният изход е да запазите чувствителността си, но да проверявате фактите, да поставяте ясни граници и да търсите подкрепа при нужда.","Transit Chiron to Natal Neptune: Wounds around spirituality, boundaries, and the right to dream may surface. You could feel disillusioned by past spiritual experiences, doubt your intuition, or have struggled with boundary‑blurred relationships. Healing is encouraged through compassionate acceptance of your sensitivity paired with clearer limits: artistic and ritual practices, grounding meditations, therapy, and reality‑checking. Beware of escape tendencies or addictive patterns; cultivating discernment within your spiritual life while honoring imagination and compassion supports deep, sustainable repair."
"TransitInterpretations","general|chiron_pluto","Транзитен Хирон към натален Плутон: Изплуват рани на най-дълбоко ниво, свързани с власт, контрол и преживявания на безсилие или загуба. Такива теми често включват повтарящи се модели на разрушаване, сдържана болка и нужда от трансформация. Лечението може да бъде интензивно и да изисква сигурен контейнер — терапия, работа с тялото, поддържаща общност и внимателна конверсия на силни емоции в конструктивна промяна. Избягвайте опити за манипулация или самоунищожение; постепенното осветляване и интеграция на сранимото води до възможност за дълбоко възстановяване и възраждане.","Transit Chiron to Natal Pluto: Deep wounds around power, control, and survival may be activated. Themes of helplessness, cyclical trauma, buried rage, or compulsive attempts to reclaim control are common. Healing here is often profound and requires safe containment — therapy, somatic work, supportive communities, and disciplined practices to transform intense feelings into regenerative change. Avoid manipulative or self‑destructive responses; with patient, courageous inner work you can surface hidden material, reclaim empowerment from a place of integrity, and experience a transformative rebirth rather than mere reaction."
"TransitInterpretations","general|chiron_rahu","Транзитен Хирон към Натален Раху: Този транзит често осветява начините, по които вашите най-дълбоки рани насочват еволюционната ви посока. Раните могат да се окажат входна врата към призвание, нетрадиционни умения или съдбоносни връзки, които подпомагат растежа на душата. Може да чувствате интензивно привличане към опити, които преди са ви плашили или са били табу, и да забележите повтарящи се уроци, които ви тласкат да промените моделите си. Възможни са и капани — идеализация на противоречиви фигури или склонност да играете ролята на жертва; разумно е да търсите ясни граници, подкрепа и практики, които помагат да канализирате уязвимостта в смислена трансформация.","Transit Chiron to Natal Rahu: This transit tends to highlight how your wounds point toward an evolutionary direction. What feels injured or fragile can become the doorway to your vocation, unusual gifts, or relationships that accelerate soul growth. You may find yourself drawn to experiences you once avoided, encountering repeating lessons that push you to alter coping patterns. Be mindful of pitfalls like idealizing fraught figures or slipping into a victim role; balance openness with clear boundaries. Practical steps — therapy, apprenticeship, creative work — can help you translate vulnerability into a distinct life purpose."
"TransitInterpretations","general|chiron_saturn","Транзитният Хирон към наталния Сатурн може да извади на повърхността съмнения за компетентността, авторитета и правото ви да успеете. Това често се усеща при голяма отговорност, професионална оценка или страх, че ще се провалите. Ще разпознаете стария модел, когато вътрешният критик обезценява реалните ви умения. Конструктивният изход е да разделите фактите от самокритиката, да си поставите постижими цели и да изграждате увереност чрез последователни резултати и подкрепа.","Transit Chiron to Natal Saturn: Wounds around authority, competence, and deserving success may come forward. Imposter feelings, harsh self‑judgment, or deep shame about your achievements are common themes. Healing is often practical: combining disciplined structure with self‑compassion through achievable goals, reliable routines, mentorship, and honest appraisal of limitations. Use this transit to turn old criticisms into earned wisdom — rebuild confidence step‑by‑step, claim responsibilities you can sustain, and allow earned authority to replace internalized shame. Slow, steady effort tends to produce lasting repair."
"TransitInterpretations","general|chiron_sun","Транзитният Хирон към наталното Слънце може да направи по-чувствителни темите за самооценката, самостоятелността и правото ви да бъдете видими. Това може да се усети при публична изява, нова отговорност или ситуация, в която се съмнявате дали сте достатъчно добри. Ще разпознаете старата рана, когато срамът или страхът от оценка ви карат да се свивате. Конструктивният изход е да признаете уязвимостта си, да продължите да се показвате и да изграждате увереност чрез реални действия, а не чрез опит да бъдете безгрешни.","Transit Chiron to Natal Sun: The wound around identity, agency, and the right to be seen is brought into focus for healing. You may encounter vulnerability, shame, or feelings of inadequacy that nevertheless open a path to more authentic self-expression. Healing often arrives through conscious self-compassion, owning your story, and practices that strengthen the sense of self — creative work, public expression, therapeutic support, or rites of acceptance. Allowing vulnerability to become a bridge rather than a barrier can lead to renewed self-respect and a leadership that is shaped by humility and integrity."
"TransitInterpretations","general|chiron_uranus","Транзитният Хирон към наталния Уран може да направи по-чувствителна темата за свободата и правото да бъдете различни. Това може да се прояви като силен порив да нарушите правило, да напуснете среда, която ви ограничава, или обратното — страх да покажете своята необичайна страна. Конструктивният изход е да експериментирате с новото в среда, която позволява грешки, и да изграждате отношения с хора, които приемат индивидуалността ви.","Transit Chiron to Natal Uranus: Wounds around freedom, uniqueness, and the right to be unconventional may be triggered. You might feel sudden urges to rebel or, conversely, pressure to hide your originality to fit in. Healing often involves safe experimentation with authentic expression: finding like‑minded communities, pursuing inventive or technological projects, and taking small, deliberate risks to be yourself. Be mindful of impulsive, disruptive behavior; channel Uranian energy into sustainable innovation and self‑acceptance. Over time, claiming your difference in supported ways can transform isolation into creative freedom."
"TransitInterpretations","general|chiron_venus","Транзитният Хирон към наталната Венера може да направи по-чувствителни темите за любовта, самоуважението и чувството, че заслужавате да бъдете ценени. Това може да се прояви във връзка, при отхвърляне или когато прекалено много се приспособявате, за да бъдете приети. Ще разпознаете модела, когато чуждото одобрение започне да определя собствената ви стойност. Конструктивният изход е да поставяте ясни граници, да избирате отношения, в които има взаимност, и да поддържате собствените си източници на удоволствие и увереност.","Transit Chiron to Natal Venus: Old wounds around love, worthiness, and self‑regard can come to the surface — feelings that you don’t deserve affection, beauty, or pleasure. These themes often appear in relationships where you’ve people‑pleased or been rejected, or in struggles with self‑image and values. Healing is encouraged through self‑compassion, small acts of pleasure, creative expression, and clearer boundaries that protect your dignity. Beware of co‑dependent patterns or idealizing others; rebuilding a sense of earned self‑worth through consistent, kind choices can transform how you relate to love and value."
"TransitInterpretations","general|jupiter_chiron","Транзитен Юпитер към натален Хирон: Период, в който лечението може да се разшири и да придобие смисъл. Раните, които сте носили, често се превръщат в източник на мъдрост, умения за съпричастност или призвание за помощ на другите. Може да срещнете възможности за терапия, обучение или публично споделяне на преживяното, което носи облекчение и нова перспектива. Внимавайте да не поемате ролята на „спасител“ — границите и собствената интеграция са ключови. Практикувайте системи за поддръжка и постепенно прилагайте наученото в конкретни действия.","Transit Jupiter to Natal Chiron: Healing processes often broaden and take on greater purpose during this transit. Wounds may become sources of insight, compassion and the ability to help others—leading to opportunities in healing work, teaching or meaningful service. You can gain perspective on past pain and discover ways to translate it into useful skills or mentorship. Avoid a savior mentality; maintain healthy boundaries and continue your own integration. Practical supports, gradual public sharing and structured learning help convert expanded healing into sustainable gifts rather than renewed vulnerability."
"TransitInterpretations","general|jupiter_jupiter","Транзитен Юпитер към натален Юпитер (Юпитерово завръщане): Около 12‑годишен цикъл достига ключова точка — често настъпва преразглеждане на убежденията, целите и посоката на растеж. Може да се появят нови перспективи във връзка с образование, пътувания, кариера или лична философия. Това е благоприятно време за разширяване на хоризонтите и за предприемане на смислени стъпки към по-широка визия. Внимавайте за нетърпеливо разточителство или прекалена увереност; комбинацията на интуиция и практичен план е особено плодотворна.","Transit Jupiter to Natal Jupiter (Jupiter Return): This roughly 12‑year milestone often brings a reorientation of beliefs, ambitions and life direction. New opportunities for growth can surface in areas like education, travel, career and personal philosophy. It’s a fertile time to expand horizons and take concrete steps toward a broader vision of life. While optimism is high, be mindful of overconfidence or impulsive spending. Ground expansive ideas with realistic planning and choose actions that align with long‑term goals for the most durable benefits."
"TransitInterpretations","general|jupiter_lilith","Транзитен Юпитер към натална Лилит: Период, който често насърчава по-смело, по-автентично и понякога „противоречиво“ себеизразяване. Части от вас, които са били потиснати или етикетирани като „прекалено“ могат да намерят сцена за разрастване — в творчеството, интимността или социалните послания. Възможно е да срещнете както овластяване, така и съпротива; рискът е в идеализирането на бунта или в пренебрегване на границите. Балансирайте свободата да бъдете видими със здрава граница и умение да канализирате тази енергия конструктивно.","Transit Jupiter to Natal Lilith: This transit can amplify rebellious, raw, and deeply authentic self-expression, inviting parts of you that were marginalized to expand and be seen. It often fuels creative risk-taking, sexual autonomy, and a stronger voice for unconventional truths. You may experience empowerment and stronger personal magnetism, but also pushback or misunderstandings. The challenge is to avoid grandiosity or reckless provocation; instead, ground this liberating impulse with clear boundaries and constructive outlets so your boldness leads to growth rather than conflict."
"TransitInterpretations","general|jupiter_mars","Транзитен Юпитер към натален Марс: Енергията, смелостта и амбицията се разширяват — чувствате по-голяма увереност да поемете инициативи или да преследвате значими цели. Подходящо време за старт на проекти, спортни предизвикателства или публични изяви. Възможен е прилив на оптимизъм, но и склонност към прибързани решения или надценяване на силите. Насочете увеличената импулсивност в организирани действия, планиране и екипна координация. Полезно е да комбинирате ентусиазъм със стратегия, за да избегнете ненужни конфликти и изтощение.","Transit Jupiter to Natal Mars: Courage, drive and ambition are amplified, often giving you the confidence to launch meaningful initiatives or take bold action. It’s a favorable period for starting projects, athletic pursuits, leadership roles and competitive endeavors. Expect optimism and an appetite for risk, but watch for impulsivity or overestimating resources. Channel the extra fire into disciplined planning, teamwork and smart pacing. Balancing enthusiasm with strategy helps turn expanded energy into sustainable progress rather than burnout or avoidable conflict."
"TransitInterpretations","general|jupiter_mercury","Транзитен Юпитер към Натален Меркурий: Умът се разширява към по-широки перспективи — пристигат вдъхновяващи идеи, преподавателски и издателски възможности, както и полезни пътувания. Общуването се обогатява с оптимизъм и визионерство; мисленето става по-футуристично и философско. Внимавайте за разпиляване на вниманието, неразумни обещания или повърхностни обобщения. Полезно е да систематизирате новите идеи, да проверявате фактите и да фокусирате усилията върху дългосрочни проекти, където разширението на мисълта може да доведе до устойчива придобивка.","Transit Jupiter to Natal Mercury: This transit broadens the mind—bringing optimistic ideas, opportunities to teach or publish, and stimulating conversations. Travel, study, and philosophical inquiry are favored; you may find it easier to see the big picture and connect disparate concepts. Beware of scattering attention, overpromising, or glossing over details in enthusiasm. Organize and prioritize ideas, fact-check before publishing, and channel curiosity into projects with clear follow-through. When balanced, this transit enhances communication and learning in ways that have lasting positive impact."
"TransitInterpretations","general|jupiter_moon","Транзитен Юпитер към Натална Луна: Емоционалната среда се разширява; чувствате се по-оптимистични, подхранвани и свързани с дома или близките. Може да настъпи повече комфорт, гостоприемство и възможности за подкрепа. Същевременно съществува склонност към преяждане, материално разточителство или избягване на неприятните емоции чрез комфортни навици. Полезно е да практикувате благодарност, да затвърдите сигурност чрез разумни граници и да инвестиране в отношения, които ви развиват. Този период насърчава емоционално разширение, когато се съчетае с отдаденост и умереност.","Transit Jupiter to Natal Moon: Emotional life tends to feel more generous, comforting, and expansive. You may experience greater warmth in family or close relationships, a sense of emotional abundance, and increased nurturing capacity. This is favorable for strengthening domestic foundations, community ties, or healing family dynamics. Be mindful of overindulgence—comfort can turn into avoidance or excess. Cultivate gratitude, maintain healthy boundaries, and direct generosity toward relationships and practices that support long-term emotional resilience. When balanced, this transit deepens your sense of belonging and well-being."
"TransitInterpretations","general|jupiter_neptune","Транзитен Юпитер към натален Нептун: Време на духовно и творческо разширение — въображението, съчувствието и интуицията често се изострят. Могат да се появят вдъхновения за служене, изкуство или духовни практики, които разширяват чувството за смисъл. Същевременно има риск от илюзии, прекомерен идеализъм или финансови недоразумения; важно е да проверявате реалността на възможностите. Заземете прозренията чрез конкретни стъпки, рутинни практики и съюзи, които превръщат мечтите в устойчива подкрепа.","Transit Jupiter to Natal Neptune: A period of spiritual and creative expansion, where imagination, compassion and intuition tend to deepen. You may encounter inspired ideas for service, art or inner work that broaden your sense of meaning. At the same time, there is a danger of idealism, wishful thinking or financial overreach; verify opportunities and maintain clear boundaries. Ground visionary impulses with practical routines, realistic planning and supportive contacts so that inspiration can be translated into tangible, sustainable contributions rather than diffuse longing."
"TransitInterpretations","general|jupiter_pluto","Транзитен Юпитер към натален Плутон: Стига се до силно трансформиращи и амбициозни импулси. Разширението е придружено от интензивност, желание за власт и възможност да възприемете нови нива на влияние или ресурсна автономия. Старите структури може да се разпаднат, за да освободят място за дълбоки промени. Важно е да наблюдавате мотивациите си и да избягвате манипулации; използвайте усилената решителност за интеграция, етични реформи и изцеление на скритите динамики. Това може да бъде период на дълбоки повратни точки и възстановяване на властта по зрял начин.","Transit Jupiter to Natal Pluto: This transit can bring powerful, large‑scale transformation—ambition and the drive to expand your influence or control over resources often intensify. Old structures may break down to make way for deeper regeneration, and opportunities for strategic growth or profound personal change can appear. Watch power dynamics and avoid coercive tendencies; channel increased determination into ethical leadership, systemic reform and shadow integration. When handled consciously, this period can mark pivotal changes and a mature reclaiming of personal or collective power."
"TransitInterpretations","general|jupiter_rahu","Транзитен Юпитер към натален Раху: Това е период на разширение и нови възможности, които могат да изглеждат „съдбовни“ — често идващи чрез неочаквани срещи, чужди влияния или проекти, които разчупват познатите ви рамки. Вярванията, идеите за успех и пътят ви за растеж биват разширени; в същото време има риск от прекалено оптимизъм или импулсивни решения. Добре е да приемате възможностите, но с практичен филтър: проверявайте подробностите, търсете подкрепа и интегрирайте новото постепенно, за да превърнете ентусиазма в устойчив напредък.","Transit Jupiter to Natal Rahu: Expect a phase of notable expansion where opportunities feel synchronistic and life seems to open toward unfamiliar directions. Growth often comes through new networks, foreign contacts, or ventures that challenge your habitual assumptions. This transit encourages bold learning and broader ambitions, but it can also amplify optimism into risk‑taking. Practical discernment helps: explore promising leads, vet details, and pace commitments so enthusiasm converts into durable gains. Use this time to experiment responsibly and integrate insights into a longer-term vision."
"TransitInterpretations","general|jupiter_saturn","Транзитен Юпитер към натален Сатурн: Разширението среща структура — това съчетание може да донесе устойчив прогрес. Идеите и амбициите често получават практична рамка: възможни са стабилизиращи промени в кариерата, дългосрочни договори или разширяване на отговорности. Оптимизмът и дисциплината работят заедно, но може да се усети напрежение между желание за бърз растеж и необходимостта от търпение. Най-полезно е да формулирате стратегия, да установите реалистични срокове и да инвестирате в солидни основи, които да подкрепят бъдещото разрастване.","Transit Jupiter to Natal Saturn: Expansion meets structure, often creating conditions for steady, long‑term progress. Ambition and optimism tend to be tempered by realism and responsibility, which can support promotions, formal commitments or the solidifying of business plans. You may be invited to scale up in a disciplined way — building systems, securing agreements and investing in foundations. Tension can arise between impatience for growth and the slow work of consolidation; combining bold goals with responsible pacing and clear milestones will make gains more lasting."
"TransitInterpretations","general|jupiter_sun","Транзитен Юпитер към Натално Слънце: Този транзит често разширява самочувствието, жизнеността и усещането за цел. Появяват се възможности за признание, лидерство и личен растеж. Оптимизмът и щедростта ви са забележими и привличат подкрепа. Внимавайте за превишено его, прекалени обещания или разхищение на ресурси; балансирайте ентусиазма с практичност. Използвайте периода за инвестиции в знания, мрежи и проекти, които резонират с ценностите ви — когато казвате „да“ осъзнато, растежът е по-устойчив и значим.","Transit Jupiter to Natal Sun: This transit typically expands confidence, vitality, and sense of purpose. Opportunities for recognition, leadership, and meaningful growth tend to appear, and your optimism attracts support. It’s a good time to take considered risks, publicize initiatives, or invest in learning that broadens your reach. Watch for overconfidence, overcommitment, or excess; temper enthusiasm with practical planning and values-based choices. Saying yes selectively to opportunities that align with your core priorities often leads to long-term benefit and a deeper sense of flourishing."
"TransitInterpretations","general|jupiter_uranus","Транзитен Юпитер към натален Уран: Очаквайте внезапни възможности, разширяващи вашия простор и усещане за свобода. Иновации, мрежови срещи и необичайни обрати могат да отворят нови посоки — често по неочакван начин. Това е време, в което старите граници за възможното се разместват и се появява подтик към експериментиране. Внимавайте за склонност към рисково поведение; по-добре е да прилагате спонтанните прозрения в стратегически експерименти и да оставите пространство за адаптация, отколкото да вземате крайни решения при първия прилив на вълнение.","Transit Jupiter to Natal Uranus: Sudden opportunities and a heightened sense of freedom can expand what you thought possible. Innovations, unexpected contacts and breakthroughs often open new directions in surprising ways. This transit encourages experimentation, independence and a willingness to break old constraints. Be mindful of impulsive risk‑taking; it’s wiser to translate flashes of insight into calculated experiments, pilots or creative pivots rather than irreversible leaps. Allow flexibility and adaptability so that revolutionary ideas can be integrated constructively."
"TransitInterpretations","general|jupiter_venus","Транзитен Юпитер към натална Венера: Период, в който финансовото и емоционалното разширение се усещат по-ярко. Връзките често се задълбочават и се отвързват нови възможности за любов, партньорства и творчески сътрудничества. Повишава се усещането за стойност и комфорт; може да дойде повече материална сигурност или подкрепа. Внимавайте за тенденция към разточителство или идеализиране — задайте граници и практични цели, за да запазите придобивките. Добър момент за инвестиции в изкуство, собствена стойност и изграждане на връзки, които отговарят на по-широка визия за благоденствие.","Transit Jupiter to Natal Venus: A time when expansion shows up in both material comforts and emotional connections. Relationships often deepen and new romantic or creative partnerships may appear, along with opportunities for greater financial ease. Self‑worth, pleasure and aesthetic interests receive a favorable boost. Avoid overindulgence or idealizing people or projects; set realistic boundaries and practical steps to sustain gains. This transit invites generous collaboration, investments in beauty or art, and aligning your values with a broader vision of prosperity and enjoyment."
"TransitInterpretations","general|lilith_chiron","Транзитна Лилит към натален Хирон: Дивото Аз и раната се срещат в болезнени, но лечебни прояви. Срамът, потиснатата сексуалност или чувства на нежеланост често излизат на повърхността, за да бъдат видени. Може да изпитате проблясъци на освобождаваща честност, но и риск от повторно раняване, ако уязвимостта не е защитена. Подходящи са нежни терапии, творческо изразяване и практики за самосъстрадание — целта е да признаете автентичните си желания и да ги интегрирате като източник на сила.","Transit Lilith to Natal Chiron: The wild self meets the wound, often bringing buried shame or rejected desires into awareness for potential healing. Old hurts around authenticity and intimacy may surface as painful memories or sudden disclosures, but they also offer openings for reclamation and self-compassion. This transit favors gentle therapeutic work, creative embodiment, and boundary-aware vulnerability. Aim to witness and name what emerges without self-judgment; doing so can transform woundedness into a source of resilience and deeper integrity."
"TransitInterpretations","general|lilith_jupiter","Транзитна Лилит към Натален Юпитер: Този транзит подтиква към диво, автентично разширение — ценностите, вярата и светогледът ви могат да се разтърсят от онова, което преди е било „прекалено“. Може да усетите силно желание да изразявате страстно убеждения, да търсите по-широка сцена или да промените моралните си представи. Рискувате както сантиментален фанатизъм, така и освобождаващо откритие. Подходящо е да изследвате нови философии, обучения, пътувания или преподавателска роля с внимание към смирението и етичната отговорност; търсете интеграция, а не просто експанзия.","Transit Lilith to Natal Jupiter: This transit can invite wild, authentic expansion in belief, philosophy, and self-expression. Parts of you once judged as excessive may now feel like the very source of vitality and meaning. You might be drawn to preach, teach, travel, or take bold ethical stands, and charisma or controversy can increase. Be mindful of grandiosity or moral absolutism; keep curiosity and humility as checks. Productive directions include deep study, cross-cultural exchange, or creative teaching that acknowledges nuance and invites others to grow rather than imposing views."
"TransitInterpretations","general|lilith_lilith","Транзитна Лилит към натална Лилит (Завръщане на Лилит): Завръщането иска пълно признаване на дивото и непотисната идентичност. След години на потискане или социално приспособяване, на повърхността могат да излязат ярост, силно желание и неподправена автентичност, които искат освобождение и интеграция. Този период предлага възможност за радикално себеизразяване, промяна на граници и нови избори в интимността и творчеството, но изисква също рефлексия, за да не повторите стари модели. Практики за защита, честна комуникация и креативни ритуали служат за осъзнато преодоляване.","Transit Lilith to Natal Lilith (Lilith Return): The Lilith return calls for full acknowledgment of the wild, uncensored self. After years of suppression or social conformity, buried rage, fierce desire, and raw authenticity often demand release and integration. This transit can enable bold self-expression, boundary revisions, and transformative choices in intimacy and creativity, yet it also asks for reflective containment to avoid repeating reactive patterns. Support the emergence with clear communication, safe rituals, artistic outlets, and honest accountability so the return becomes grounding rather than merely explosive."
"TransitInterpretations","general|lilith_mars","Транзитна Лилит към Натален Марс: Под този транзит изплува първична, бунтарска активност и импулсивна сила. Може да желаете да действате напористо, да нарушавате правила или да защитавате себе си по интензивен начин. Ако не е насочена конструктивно, тази енергия може да доведе до конфликти или разрушително избухване. Полезно е да канализирате импулса в физическа дейност, целенасочени проекти или творческа агресия — бойни изкуства, спорт, интензивен труд или артистични експерименти. Практикувайте съзнателна граница и техника за регулиране на нервната система, за да използвате силата си осъзнато.","Transit Lilith to Natal Mars: This transit often brings up primal, rebellious drive and a willingness to act outside accepted norms. You may feel pushed to assert yourself more forcefully or to take risks that shock others. If uncontained, that energy can provoke conflicts or self-sabotage. Productive outlets include vigorous physical exercise, focused projects, martial disciplines, or intense creative work where boldness is an asset. Practice boundary clarity and techniques to calm the nervous system so assertiveness remains intentional rather than destructive. Channel the raw impulse into sustained, life-affirming action."
"TransitInterpretations","general|lilith_mercury","Транзитна Лилит към Натален Меркурий: Под този транзит възникват табуирани мисли и неизказани истини, които имат силно желание да бъдат изразени. Може да се окажете на ръба да кажете нещо провокативно или неудобно — или да бъдете предизвикани от чуждата откровеност. Поканата е да намерите формата за автентична комуникация: честност без нарочна жестокост, писане, безопасни разговори или творчески канали, където да изследвате съдържанието на мислите си. Внимавайте с невнимателни импулси и клюки; преди да говорите, обмислете последствията и ползата от откровението.","Transit Lilith to Natal Mercury: With this transit, taboo thoughts and suppressed truths often press to be spoken. You might feel compelled to speak bluntly or to expose uncomfortable realities, and conversations can become unusually charged. The task is to find truthful expression that’s responsible: choose trusted listeners, use writing or art as release, and practice framing difficult truths with care. Be wary of using shock as a shortcut; consider timing and context so disclosure leads to clarity and healing rather than unnecessary harm or reputational fallout."
"TransitInterpretations","general|lilith_moon","Транзитна Лилит към Натална Луна: Този транзит често раздвижва сурови, инстинктивни емоции — от ярост и ревност до дълбока тъга и непокорен копнеж — които преди са били обявявани за „неприемливи“. Може да се почувствате уязвими в семейните и интимните си връзки, или да възникнат стари рани от детството. Поканата е да създадете безопасно пространство за тези чувства: писане, телесно изразяване, терапия или ритуална работа могат да помогнат за разтоварване и интеграция. Внимавайте при импулсивни реакции; практични граници и подкрепящи хора помагат да превърнете интензитета в лечебна емоционална зрелост.","Transit Lilith to Natal Moon: This transit often stirs raw, instinctual feelings that have been labeled unacceptable—anger, fierce grief, obsessive longing, or sexual needs. These emotions can surface in family or intimate contexts and may reopen childhood wounds. The invitation is to provide a safe container where these reactions can be acknowledged and processed rather than shamed away. Useful practices include expressive writing, movement or somatic therapy, trusted sharing, and ceremonial release. Be mindful of acting out impulsively; set boundaries and cultivate supportive relationships so emotional intensity becomes a source of maturation rather than volatility."
"TransitInterpretations","general|lilith_neptune","Транзитна Лилит към натален Нептун: Мистиката и дивото вие може да се слеят в почти неразличими преживявания. Подсъзнателни желания, фантазии или табуирани духовни откровения често изплуват—с възможност за вдъхновение, творческо прозрение или емоционално объркване. Този транзит насочва към разтваряне на граници, но и към риск от идеализация и проекции; добре е да практикувате разпознаване на илюзиите и да търсите здрави граници. Лечението може да дойде чрез приемане на тъмните и инстинктивните части на себе си, преобразени чрез състрадателно разглеждане и интеграция.","Transit Lilith to Natal Neptune: The mystical and the wild may merge into experiences that blur boundaries between the unconscious and the sacred. Hidden longings, taboo spiritual yearnings, or visionary fantasies often surface—fuel for creativity, devotional practice, or confusing projections. This transit points to dissolved limits and intense sensitivity; it invites discernment so you don’t lose yourself in idealization. Healing can come by acknowledging instinctual, shadow material with compassionate clarity and translating it into grounded spiritual or artistic practices."
"TransitInterpretations","general|lilith_pluto","Транзитна Лилит към натален Плутон: Връзката насочва към среща с най-дълбоките ви сили и сенки. Събудени могат да бъдат забранени желания, непризната власт или дълбоки травматични истории, които изискват преобразяване. Този период е мощен за вътрешна катарзисна работа, край на злоупотреби и реорганизация на личната сила, но може да предизвика и силни конфликти или манипулации, ако не се подхожда съзнателно. Полезни са терапия, ритуали за освобождение и честно изследване на мотивациите за контрол и уязвимост.","Transit Lilith to Natal Pluto: This transit brings the wild shadow into close contact with deep transformative power. Forbidden desires, buried obsessions, or traumatic material may surface demanding thorough catharsis and integration. It can catalyze profound personal rebirth—ending patterns of abuse, reclaiming authentic power, and reworking core identity—but it can also provoke intense power struggles if acted from compulsion. Use disciplined shadow work, therapeutic containment, and conscious ritual to transform fear into regenerative energy rather than destructive reactivity."
"TransitInterpretations","general|lilith_rahu","Транзитна Лилит към натален Раху: Еволюционният път може да премине през среща със сянката. Раху често насочва към растеж чрез необичайни или провокативни преживявания; сега това включва признание и израз на най-потиснатите или засрамени части от себе си. Може да се чувства усилено социално привличане или бунтарска енергия, която изисква смелост да действате по нетипичен начин. Важно е да балансирате интензитета с осъзнатост за последиците и да канализирате автентичността си в дългосрочни цели и учене.","Transit Lilith to Natal Rahu: Your evolutionary trajectory may lead through encounter with shadow material. Rahu often pushes toward growth via unconventional or boundary-pushing experiences; here that impulse focuses on claiming suppressed, shamed, or marginalized parts of yourself. You may feel a heightened hunger for recognition or a rebellious urge to break taboos. This can accelerate evolution if you couple boldness with prudent awareness—channel the energy into conscious experimentation, ethical risk-taking, and projects that let your authentic edge contribute to long-term learning."
"TransitInterpretations","general|lilith_saturn","Транзитна Лилит към Натален Сатурн: Този транзит често изважда на повърхността сенки, свързани с авторитет, правила и дисциплина — стигми, страхове от наказание или модели на прекомерно самоограничение. Може да изпитате вътрешно напрежение между дълбоките си импулси и необходимостта от структуриране. Поканата е да намерите зрял подход към авторитета: да интегрирате своята дивост в рамки, които я защитават и използват конструктивно, вместо да я потискат. Дългосрочно планиране, терапия, ясни граници и ритуализирана дисциплина могат да трансформират срамната енергия в устойчив ресурс.","Transit Lilith to Natal Saturn: This transit often brings shadow material about authority, rules, and self-discipline to light—old fears of judgment, over-responsibility, or rigid suppression. You may feel tension between primal urges and the need for structure. The task is to cultivate responsible authority: neither repressing the wild parts nor letting them run unchecked. Practical work includes setting clear limits, therapeutic containment, deliberate habit-building, and rituals that channel intensity into sustained productivity. Over time, disciplined integration can convert shame or rebellion into dependable personal power and credibility."
"TransitInterpretations","general|lilith_sun","Транзитна Лилит към Натално Слънце: По време на този транзит изплуват аспекти на идентичността, които дълго време са били потискани или срамни за вас. Може да преживеете натиск да проявите по-груба, по-ориентрана към личната свобода страна от себе си — или да срещнете съпротива, когато излизате от ролите, очаквани от другите. Поканата е да интегрирате тези „тъмни“ или неприемани части вместо да ги потискате: чрез лични ритуали, огледална работа, творчески израз и малки смели действия, които утвърждават цялостната ви автентичност. Възможни са конфликти със средата; границите и честната самооценка помагат да се канализира мощта конструктивно.","Transit Lilith to Natal Sun: This transit can surface suppressed parts of your identity that feel shameful or disowned. You may be drawn to act more boldly, to reject roles that have defined you, or to meet resistance when you assert a less tame version of yourself. The work is integrative: allow these shadow aspects to be seen, named, and expressed rather than hidden. Practical approaches include mirror work, small acts of truth, creative outlets, and boundary work so that new expressions of self don’t simply provoke conflict but become sustainable. Aim for honest embodiment rather than theatrical rebellion."
"TransitInterpretations","general|lilith_uranus","Транзитна Лилит към Натален Уран: Под този транзит дивата свобода и революционната енергия на Лилит и Уран се сливат, често водещи до внезапни пробиви или непредсказуеми бунтове. Може да почувствате силна нужда да нарушите социални норми, да разчупите връзки или да експериментирате с радикални форми на самоизразяване. Канализирайте това в иновации, авангардни проекти и етични действия за освобождение, вместо в разрушителна импулсивност. Практики за заземяване, работа с групи и обмислени планове за промяна помагат да превърнете енергията в истинско освободително развитие.","Transit Lilith to Natal Uranus: This transit can fuse instinctual rebellion with sudden, electrifying urges for freedom. You may feel compelled to break norms, shock the status quo, or make abrupt changes in relationships and lifestyle. The potential is for genuine liberation and inventive breakthroughs, but also for erratic or self-destructive leaps. Aim to channel the surge into ethical innovation, experimental art or technology, and deliberate collective action rather than purely reactive rupture. Grounding practices, thoughtful planning, and collaboration with like-minded others help translate disruptive energy into lasting transformation."
"TransitInterpretations","general|lilith_venus","Транзитна Лилит към Натална Венера: Този транзит засилва дивото желание и привличането към нестандартната, понякога забранена красота. Може да усещате по-голямо влечение към хора, стилове и стойности, които преди сте отбягвали. Това е период за изследване на автентичните ви предпочитания и ценности — в любов, естетика и материални предпочитания — и за интеграция на желания, които преди са били смятани за неприемливи. Работете с яснота относно съгласие и граници; творческото самоизразяване, мистичните практики и честният диалог в отношенията могат да помогнат да трансформирате интензитета в по-зряла, уважителна привързаност.","Transit Lilith to Natal Venus: This transit can intensify raw desire and attraction to unconventional beauty or relationships that feel taboo. You may find your values and tastes shifting toward what feels more honest, even if it challenges social norms. It’s a time to explore and name your true aesthetic and relational needs, and to negotiate boundaries and consent clearly. Channel the energy through creative projects, honest conversations with partners, or safe experiments that honor all involved. Watch for possessiveness or compulsive pursuit; authenticity without respect for limits avoids unnecessary hurt."
"TransitInterpretations","general|mars_chiron","Транзитният Марс към наталния Хирон може да направи старите болезнени теми по-чувствителни, особено когато трябва да се защитите или да влезете в конфликт. Може да се почувствате засегнати от критика, отхвърляне или опит някой да пренебрегне границите ви. Ще разпознаете стария модел, когато реагирате по-силно от самата ситуация или избягвате да отстоявате себе си от страх да не бъдете наранени. Конструктивният изход е да казвате ясно какво не приемате и да действате уверено, без да наказвате себе си или другия.","Transit Mars to Natal Chiron: Old wounds around courage, assertion, and anger are likely to surface now. You might hesitate to stand up for yourself because of past hurts, or find old defensive patterns reemerging when provoked. Healing is possible through courageous, authentic action—expressing needs with honesty and compassion rather than reverting to avoidance or reactivity. Somatic work, therapy, and structured exercises in boundary-setting can help. Try small, intentional acts of assertion to build confidence; pain can become a doorway to a braver way of acting in the world."
"TransitInterpretations","general|mars_jupiter","Транзитният Марс към натален Юпитер комбинира смелост с оптимизъм и желание за разширение. Чувствате се мотивирани да поемете големи проекти, да търсите възможности за растеж, пътувания или образование. Това е добър период за предприемачество, публични прояви и спортни състезания. Внимавайте за склонност към прекалено големи обещания, рисково поведение или разточителство. Практически подход: планирайте амбициите си с реалистични стъпки, търсете менторство и балансирайте ентусиазма с анализ на риска, за да превърнете възможностите в устойчив успех.","Transit Mars to natal Jupiter brings boldness together with optimism and a drive to expand. You may feel ready to pursue ambitious projects, travel, publish or take on leadership roles that grow your reach. It’s favorable for entrepreneurship, learning and competitive ventures. Watch for overconfidence, excessive risk-taking or extravagant spending that can derail intentions. Practical advice: pair big visions with concrete plans, seek strategic partners or advice, and temper enthusiasm with risk assessment. When balanced, this transit can accelerate meaningful growth and open new opportunities."
"TransitInterpretations","general|mars_lilith","Транзитен Марс към Натална Лилит: Появява се силно, първично желание да изразите тъмната или забранена част от себе си. Може да се почувствате бунтовни, провокативни и по-склонни да трансгресирате социални очаквания. Тази енергия може да освободи потиснатост и автентичност, но носи и риск от отчуждение или конфронтация. Полезно е да насочите силата в творческо, сценично или терапевтично поле, където да изследвате своята сянка безопасно. Работата със самоуважение, ясно изразяване и уважение към границите на другите превръща бунта в освободителна сила.","Transit Mars to Natal Lilith: Expect primal urges and a strong desire to reclaim aspects of yourself that feel taboo or suppressed. You may feel more defiant, sensual, or willing to challenge norms—useful for asserting autonomy but potentially alienating if expressed without care. This transit can catalyze powerful creativity, boundary-redefinition, and shadow integration. Prefer constructive outlets—art, ritual, counseling, or consensual exploration—over impulsive rebellion. Honor your intensity while respecting others’ limits; that balance turns raw impulse into authentic empowerment rather than destructive provocation."
"TransitInterpretations","general|mars_mars","Транзитният Марс към натален Марс — често познат като завръщане на Марс — означава рестарт на волева, физическа и конкурентна енергия. Чувствате прилив на смелост, решителност и желание да действате. Това е добро време за започване на инициативи, спортуване, кариера или лични предизвикателства, които изискват постоянство. Има риск от нетърпение, агресия или пресилване; важно е да изградите устойчив ритъм, да управлявате импулсите си и да използвате техниките за управление на гнева. С правилен план този транзит може да постави основата на дълготраен напредък.","Transit Mars to natal Mars, often called a Mars return, signals a renewal of physical drive, courage and competitive spirit. You may feel energetic, motivated to start new initiatives and determined to pursue goals that require stamina. It’s an excellent period for training, asserting personal priorities and taking bold but structured action. However, impatience, irritability and overexertion are possible. To make the most of it, set sustainable routines, pace yourself, practice constructive anger management and turn impulsive energy into disciplined effort—this helps transform momentum into lasting achievement."
"TransitInterpretations","general|mars_mercury","Транзитният Марс към натален Меркурий обостря ума и начините на комуникация — мислите стават бързи, директни и настойчиви. Подходящ е период за аргументи, преговори, писане с убеждаваща сила и вземане на бързи решения. Рисковете включват прибързани изказвания, недоразумения и разправии, както и склонност към умствено напрежение или несъобразени пътувания. Полезно е да преглеждате думите си, да си давате кратки паузи преди отговор и да фокусирате енергията върху решими, конкретни задачи, където директността работи във ваша полза.","Transit Mars to natal Mercury sharpens your mind and speeds up communication. Thought processes become quick, assertive and persuasive—great for debates, negotiations, marketing copy, or decisions that require energy and clarity. The downsides can be blunt or impulsive speech, arguments sparked by harsh words, and mental fatigue from pushing too hard. To use this transit constructively, draft before you publish, take a breath before answering, and channel urgency into short, focused tasks. Reserve the most forceful communication for contexts where directness is productive rather than hurtful."
"TransitInterpretations","general|mars_moon","Транзитният Марс към натална Луна засилва емоционалната интензивност и склонността към бързи, често импулсивни реакции. Чувствата могат да бъдат по-раздразнителни, страстни или защитни; домашните и близките отношения често изпъкват като фокус. Този транзит може да насочи енергия към разрешаване на дълго отлагани емоционални въпроси, но също така да предизвика спорове, ако енергийната проява е прекалено остра. Практически подход: използвайте физическа дейност или творческо изразяване за разтоварване, говорете открито и спокойно за нуждите си и избягвайте да действате накануне на бурна емоция.","Transit Mars to the natal Moon heightens emotional energy and can make your reactions faster and more intense. You may feel more protective, passionate or easily irritated—issues around home, family and close relationships often come into focus. This transit can provide the push to deal with postponed emotional matters, but it also raises the risk of heated disputes if feelings are acted on too abruptly. Practical advice: channel emotion into physical activity, practical caretaking or creative work; communicate needs calmly and allow time before responding in conflict. Use the drive to resolve rather than escalate."
"TransitInterpretations","general|mars_neptune","Транзитен Марс към Натален Нептун: Движението на волята често се одухотворява, но може и да се разплиска в объркване. Имате склонност към вдъхновени импулси — желание да действате от вътрешна визия, състрадание или артистична интуиция. Най-полезно е да насочите енергията в творческа, духовна или лечебна практика, където неопределеността става ресурс. Внимавайте за илюзии, самозаблуда или подтискане на гнева чрез вещества; проверявайте фактите и поставяйте ясни граници. Практики за заземяване, ритъм и пауза помагат да превърнете вътрешното вдъхновение в устойчиво действие.","Transit Mars to Natal Neptune: Drive often becomes spiritualized or diffuse under this transit. You may feel called to act from imagination, compassion, or a visionary impulse rather than blunt force. Energy is best used in creative, healing, or contemplative work where subtlety is an asset. Be mindful of idealizing people or situations, confusing intuition with wishful thinking, or numbing feelings with substances. Practical grounding—short periods of focused work, somatic practices, clear boundaries—helps translate inspired urges into sustained, responsible action. Use sensitivity as strength, not avoidance."
"TransitInterpretations","general|mars_pluto","Транзитен Марс към Натален Плутон: Това е интензивен период, когато активността носи дълбока трансформация. Побужденията са мощни и понякога крайни — желание за контрол, разчупване на пречки или разкриване на скрити истини. Може да се появят конфликти, обсесивни мисли или физическа агресия, ако енергията не се канализира. Конструктивно е да насочите силата към целенасочени, реновиращи проекти, терапевтична работа, ритуали на освобождаване или упражнения за издръжливост. Действайте с намерение, саморефлексия и ясни граници, за да избегнете разрушителни реакции и да отключите трансформиращ потенциал.","Transit Mars to Natal Pluto: Expect a time of high intensity and deep drive. Your actions can feel charged with transformative force—pushing to root out what’s hidden, asserting control, or confronting power dynamics. This can empower major breakthroughs but also spark obsession, coercion, or conflict if unchecked. Channel the intensity into focused, regenerative work: psychological shadow work, strategic projects, disciplined training, or symbolic rites of release. Maintain ethical clarity, pause before impulse-driven confrontations, and use this power consciously to transform patterns rather than repeat them."
"TransitInterpretations","general|mars_rahu","Транзитен Марс към Натален Раху: Този транзит често носи енергия за движение към непознати, но значими посоки — усещане, че ви тласкат напред по еволюционен път. Смелостта и амбицията се засилват; лесно е да предприемете рисковани, новаторски стъпки. Възможни са ускорени възможности за учене, пътуване или нетипични контакти. Внимавайте за импулсивност, надценяване на възможностите или пренебрегване на дългосрочни последици. Балансирайте смелите ходове с менторство, проверка на реалността и постепенни ангажименти, за да използвате трансформационната сила на този момент.","Transit Mars to Natal Rahu (North Node): You may feel an energized push toward unfamiliar but growth-oriented territory. Courage and drive accelerate actions that align with your evolutionary aims—trying bold initiatives, entering new fields, or taking calculated risks. This transit can catalyze rapid learning and unusual opportunities, but it also encourages impatience and overreach. Check assumptions, seek guidance from mentors, and prioritize options that offer sustainable growth rather than quick thrills. When directed with discernment, this energy helps you step more fully into a chosen direction of development."
"TransitInterpretations","general|mars_saturn","Транзитният Марс към наталния Сатурн често се усеща като сблъсък между желанието да действате веднага и задълженията, които не могат да бъдат прескочени. Това може да се прояви като забавяне на проект, конфликт с авторитет или натрупване на задачи. Ще разпознаете полезната страна, когато вместо да натискате още по-силно започнете да работите по план и да довършвате една задача след друга. Конструктивният изход е реалистичен срок, постоянство и достатъчно почивка, за да не превърнете напрежението в изтощение.","Transit Mars to natal Saturn brings drive face-to-face with limits and responsibilities. Progress can feel slow or obstructed, but the transit often rewards disciplined, strategic effort rather than impulsive action. It’s a productive time for consolidating plans, building stamina and completing complex or long-term tasks through steady work. Frustration and a tendency to force outcomes are risks; pushing too hard can lead to exhaustion or passive-aggressive behavior. Practical steps: set realistic timelines, break work into manageable phases, protect your energy and use structure to convert persistence into measurable achievement."
"TransitInterpretations","general|mars_sun","Транзитният Марс към натално Слънце носи усилване на волята, самочувствието и жизнеността. Чувствате се по-смели, решителни и готови да поемате рискове — това е благоприятен момент за стартиране на проекти, лидерство и самоутвърждаване. Възможна е и по-голяма нетърпимост към забавяния или критика; склонни сте към импулсивни реакции и конфликти. Практически насоки: използвайте физическа активност за разтоварване, фокусирайте енергията върху ясно дефинирани цели и оставете място за почивка, за да избегнете преумора. Балансирайте решителността с такт, за да постигнете устойчив напредък.","Transit Mars to your natal Sun tends to amplify willpower, confidence and vitality. You may feel bolder, more decisive and ready to take on leadership roles or launch initiatives; it’s useful for asserting yourself and pushing projects forward. At the same time, impatience, impulsivity and friction with others can increase, and you may be prone to overheating emotionally or physically. Practical guidance: channel extra energy into focused action and exercise, break big goals into manageable steps, and schedule rest so enthusiasm doesn’t turn into burnout. Aim for assertive clarity rather than abrasive force."
"TransitInterpretations","general|mars_uranus","Транзитният Марс към натален Уран внася електрическа, непредсказуема и бърза енергия. Чувствате силно желание за свобода, иновация и да счупите рутината; действията може да са импулсивни и неочаквани. Това време може да донесе внезапни пробиви, спонтанни промени или конфликт със статуквото, но и риск от невнимателни решения или инциденти. Полезно е да канализирате енергията в експерименти, технологични проекти или конструктивни бунтове, като същевременно предвидите резервни планове и пазите физическата си безопасност.","Transit Mars to natal Uranus injects electric, unpredictable energy and a strong drive for freedom and change. You may feel restless, rebellious and eager to break routines or try unconventional approaches; sudden decisions and breakthroughs are possible. This transit fuels innovation and quick pivoting, but it also increases the risk of recklessness, accidents or abrupt disruptions in relationships and plans. To benefit, direct impulsivity into creative experiments, technical projects or purposeful activism, while keeping safety margins and contingency plans. Balance spontaneity with a little foresight to harness breakthroughs without undue fallout."
"TransitInterpretations","general|mars_venus","Транзитният Марс към натална Венера увеличава страстта, сексуалността и творческия импулс. Желанието за близост, удоволствие и естетически израз е по-силно; в отношенията се усеща привличане и динамика. Съществува обаче възможност за напрежение, ревност или конфликти, когато нуждите и желанията сблъскат. Финансовите импулси също могат да са по-осезаеми. Насоки: канализирайте енергията в съзидателни проекти, спонтанни срещи и здравословна интимност; говорете открито за граници и очаквания, за да избегнете драматични реакции.","Transit Mars to natal Venus boosts desire, creative drive and attraction. You may feel more magnetic, eager for pleasure and motivated to pursue artistic or romantic interests. Relationships can become more passionate and physically charged, while creative collaborations benefit from bold initiative. At the same time, tensions over differing wants, jealousy or impulsive spending can arise. Practical guidance: direct this energy into art, partnership projects or consensual intimacy; be proactive about discussing boundaries and expectations, and temper impulsive purchases or demands with a brief check-in."
"TransitInterpretations","general|mercury_chiron","Транзитен Меркурий към Натален Хирон: Комуникацията около стари рани излиза на повърхността и предлага възможност за осъзнаване и интеграция. Мислите, думи или убеждения, формирани от болка, могат да бъдат разгледани по-обективно; това често води до лечебни разговори, писане или терапевтични изяви. В същото време налице са рискове от повторно нараняване или отбранителни реакции — полезно е да изберете подходящата публика, да практикувате граници и да използвате езика на емпатията. Записването на преживяванията, разговор с доверен човек или професионална подкрепа може да направи процеса по-структуриран и по-малко хаотичен.","Transit Mercury to Natal Chiron: Communication about old wounds comes to the fore and can be an invitation to examine and integrate painful narratives. Thoughts and phrases formed in earlier hurt may surface for closer inspection; this often opens space for healing through conversation, journaling, or therapeutic expression. There is also a risk of re-triggering or defensive reactions, so choose your listeners, set boundaries, and favor empathetic language. Reflective writing, guided dialogue, or talking with a trusted practitioner can help you reframe painful stories into learning and resilience rather than repeat harm."
"TransitInterpretations","general|mercury_jupiter","Транзитен Меркурий към Натален Юпитер: Мисленето се разширява към по-широка перспектива — идеите придобиват ентусиазъм и визия. Подходящо за учене в по-голям мащаб, преподаване, публикуване, пътувания и разговори по философски или духовни теми. Може да възникне склонност към генерални обобщения или преувеличения; полезно е да балансирате оптимизма с проверка на фактите. Използвайте този период за планиране, разширяване на контакти и споделяне на виждания, като същевременно обръщате внимание на детайлите.","Transit Mercury to Natal Jupiter: Thinking tends to expand toward broader perspectives—ideas often gain enthusiasm and vision. This transit favors higher learning, teaching, publishing, travel planning, and wide-ranging conversations about philosophy or belief systems. There may be a tendency toward generalizations or optimism that overlooks details; balance the big-picture enthusiasm with fact-checking. Use this time to broaden networks, pitch ideas, and study, while keeping an eye on specifics so opportunities are grounded and sustainable."
"TransitInterpretations","general|mercury_lilith","Транзитен Меркурий към Натална Лилит: Подтискани мисли, табуирани теми и „тихият глас“ на сянката могат да поискат изразяване. Може да усетите силно желание да кажете нещо нетипично, провокативно или освобождаващо — това често е свързано с търсене на автентичност и лична власт. Има потенциал за освобождаване, но и за конфликти или неразбирателство; полезно е да прецените кога директността служи на целта и кога може да нарани. Използвайте творческо писане, изкуство или защитена среда, за да разграничите освобождаващата честност от разрушителната провокация.","Transit Mercury to Natal Lilith: Suppressed thoughts, taboo subjects, and the shadow voice may urge expression now. You may feel compelled to speak in ways that challenge norms or reclaim personal authority — a push toward authentic, sometimes provocative truth-telling. This can be liberating but also risks stirring conflict or misunderstanding, so weigh when bluntness serves transformation and when restraint protects relationships. Channel the impulse into creative outlets, honest yet respectful conversations, or safe settings where you can name what was silenced without escalating harm."
"TransitInterpretations","general|mercury_mars","Транзитен Меркурий към Натален Марс: Умът и решимостта се сливат — говорите директно и със сила. Това е време за убедителни аргументи, активни дискусии и бързи решения. Подходящи са дебати, представяния и задвижване на проекти, които изискват енергия и яснота. Внимавайте за склонност към импулсивни реплики, сарказъм или ескалация на спорове; преди да изпратите съобщение, дайте си момент за дишане и формулирайте посланието така, че да използвате напора си конструктивно.","Transit Mercury to Natal Mars: Mind and drive come together—your speech often becomes direct and forceful. This transit favors persuasive arguments, active discussions, and quick decision-making. It's a good time for debates, pitches, and pushing projects that need energy and clarity. Be cautious of impulsive remarks, sarcasm, or escalation into arguments; pause before sending heated messages and shape your forcefulness into constructive action so assertiveness doesn't turn into unnecessary conflict."
"TransitInterpretations","general|mercury_mercury","Транзитен Меркурий към Натален Меркурий: Когато транзитният Меркурий активира вашия натален Меркурий, менталната гъвкавост и бързината на ума често се усилват. Това е период, когато идеите идват лесно, обменът на информация се увеличава и кратките пътувания и срещи са по-вероятни. Отлично време за учене, планиране, редакция и ясна комуникация. Възможна е склонност към разсейване или прибързани заключения; полезно е да си водите бележки, да проверявате фактите и да превръщате ентусиазма в систематична работа.","Transit Mercury to Natal Mercury: When transit Mercury activates your natal Mercury, mental agility and quick thinking are often heightened. Ideas come more readily, communication increases, and short trips or meetings are more likely. This is a productive time for study, planning, editing, and any tasks that require clarity of thought. Be mindful of distraction or premature conclusions; take notes, verify facts, and channel the mental energy into organized action so speed becomes effective rather than scattered."
"TransitInterpretations","general|mercury_moon","Транзитен Меркурий към Натална Луна: Мисълта и чувствата влизат в интензивен диалог — рационалното и емоционалното се подпомагат взаимно. Подходящо време е за разговори за лични нужди, семейни планове, водене на дневник или терапевтични сесии, където изразът на емоциите трябва да бъде ясен. Помага да структурирате чувствата чрез език и да проверявате предположенията си с близки хора. Внимавайте за настроено мислене, което оцветява фактите — дайте си пауза преди важни емоционални изявления и проверете дали реакциите са текущи настроения или по-дълбоки нужди.","Transit Mercury to Natal Moon: Thinking and feeling come into closer conversation, making it easier to articulate emotional needs and reflect on personal patterns. This transit supports journalling, family discussions, therapy, and any situation where translating emotion into clear language is useful. Structuring feelings with questions or notes helps prevent reactive statements, and checking assumptions with trusted others reduces misunderstanding. Be mindful that mood can color perception—pause before major emotional declarations to distinguish passing feelings from deeper needs."
"TransitInterpretations","general|mercury_neptune","Транзитен Меркурий към Натален Нептун: Интуицията, въображението и емпатията често се засилват, но логическата яснота може да се размие. Подходящо за поетично и творческо писане, медитативни идеи и емпатични разговори. Избягвайте важни преговори, договори или решения, когато информацията е неясна. Полезно е да записвате вдъхновенията си, да проверявате фактите и да търсите ясни признаци, преди да се ангажирате. Бъдете внимателни с податливост към подвеждаща информация или идеализиране.","Transit Mercury to Natal Neptune: Intuition, imagination, and empathy are often heightened while logical clarity can become blurred. This transit suits poetic or creative writing, meditative thinking, and compassionate conversations. Avoid important negotiations, contracts, or decisions when information is vague. It's helpful to record inspirations, verify facts later, and look for clear signs before committing. Stay alert to the possibility of misleading information or idealization, and use this time for creative exploration rather than concrete agreements."
"TransitInterpretations","general|mercury_pluto","Транзитен Меркурий към Натален Плутон: Мисълта се задълбочава и насочва към изследване на скритото — повърхностните разговори често не удовлетворяват. Подходящо за разследвания, аналитична работа, консултиране и трансформативни разговори, които могат да разкрият мотивации и модели. Възможна е интензивност в комуникацията и риск от манипулация или конфликт при използване на тежки аргументи; стремете се към етичност и прозрачност. Позволете си паузи за обработване на силни откровения и търсете подкрепа при необходимост.","Transit Mercury to Natal Pluto: Thought tends to deepen and focus on uncovering what lies beneath the surface—superficial talk may no longer satisfy. This transit supports investigative work, in-depth analysis, counseling, and transformative conversations that can reveal motives and patterns. Communication may become intense, with risks of manipulation or power struggles if arguments are wielded forcefully; aim for ethical transparency. Allow time to process strong discoveries and seek support if topics provoke deep emotional responses."
"TransitInterpretations","general|mercury_rahu","Транзитен Меркурий към Натален Раху: Идват идеи и съобщения, които могат да насочат вниманието ви към нови пътища на растеж и развитие. Темите често са нетипични, чуждестранни или свързани с технологични и мрежови възможности — импулсът към учене и любопитство се усилва. Рискът е да приемете непроверена информация като истина; полезно е да останете отворени, но критични. Това е подходящ период за курсове, експерименти, образователни контакти и за пробване на идеи, които разширяват представите ви за възможното.","Transit Mercury to Natal Rahu: Information and ideas arrive that often point toward new directions for growth and evolution. Messages may come from unusual, foreign, or technological sources and tend to stimulate curiosity, experimentation, and a hunger for learning. Rahu’s influence can amplify novelty and obsession, so remain receptive but discerning: verify facts before committing. This transit supports taking courses, networking with unconventional circles, exploring alternative perspectives, and trialing concepts that expand your sense of what’s possible."
"TransitInterpretations","general|mercury_saturn","Транзитен Меркурий към Натален Сатурн: Мисленето става по-сериозно, дисциплинирано и фокусирано върху структурата. Подходящо за планиране, изготвяне на отчети, подготовка на договори и детайлна аналитична работа. Може да се появи склонност към тревожни мисли или прекалена критичност; полезно е да си поставите реалистични срокове, да разделяте задачите на стъпки и да правите почивки, за да избегнете умствено изтощение. Дисциплината ви позволява да доведете сложни проекти до завършек.","Transit Mercury to Natal Saturn: Thinking becomes more serious, disciplined, and structure-oriented. This transit supports planning, report writing, contract preparation, and detailed analytical work. You may experience a tendency toward worry or excessive self-criticism; set realistic timelines, break tasks into manageable steps, and schedule breaks to avoid mental fatigue. The added focus and discipline can help you complete complex projects if you balance rigor with self-care and resist getting stuck in overthinking."
"TransitInterpretations","general|mercury_sun","Транзитен Меркурий към Натално Слънце: Мисленето и комуникацията се синхронизират с чувството за „аз“ — яснота и увереност в самоизразяването се засилват. Това е благоприятен период за представяне на идеи, писане за себе си, промотиране на проект или водене на разговори, които очертават вашата роля. Може да бъдете по-убедителни и фокусирани; полезно е да подготвите ключови послания и да упражните кратки презентации. Внимавайте само да не звучите прекалено едностранно — балансът между говорене и слушане ще увеличи въздействието ви.","Transit Mercury to Natal Sun: Mental clarity and communicative confidence tend to align with your sense of self. This transit favors self-promotion, pitching ideas, writing about personal themes, or any communication that represents who you are. You may speak more persuasively and think with sharper focus; prepare key messages and concise presentations to make the most of it. Watch for a tendency to dominate conversations—pair assertive expression with active listening to enhance credibility and connection."
"TransitInterpretations","general|mercury_uranus","Транзитен Меркурий към Натален Уран: Неочаквани прозрения и оригинални идеи проблясват — мисълта става по-изобретателна и склонна към иновации. Може да получите внезапни новини или да промените мнението си рязко. Подходящ период за работа с технологии, нетуъркинг, бързи реформи и креативни пробиви. Внимавайте за прибързани комуникации, които могат да шокират или да се тълкуват погрешно; запишете идеите си и им дайте време да узреят преди рисковани стъпки.","Transit Mercury to Natal Uranus: Sudden insights and original ideas often flash through your mind—thinking becomes inventive and innovation-oriented. Expect unexpected news or rapid shifts in perspective. This period is favorable for technology work, networking, quick reforms, and creative breakthroughs. Be cautious with abrupt communications that may shock or be misunderstood; jot down ideas and allow time for them to develop before taking risky actions. Use the spark of inspiration to experiment thoughtfully rather than react impulsively."
"TransitInterpretations","general|mercury_venus","Транзитен Меркурий към Натална Венера: Мислите и разговорите се насочват към отношения, естетика и удоволствия. Често изразявате обич по-изящно — комплименти, съобщения с топлина или творчески послания са по-лесни. Подходящ период за преговори по въпроси на партньорството, разговори за пари и преглед на художествени проекти. Може да изпитате склонност към дипломатичност или сладникавост; стремете се към искреност и избягвайте компромис с личните си граници в името на хармонията.","Transit Mercury to Natal Venus: Thoughts and conversations turn toward relationships, aesthetics, and pleasure. You may find it easier to express affection gracefully—through compliments, warm messages, or creative notes. This transit supports negotiations about partnerships, money matters, and reviewing artistic work. There can be a tendency toward diplomacy or a more flattering tone; aim for authenticity and avoid sacrificing your boundaries for the sake of harmony. Use gentle language to mend or enhance connections while staying truthful."
"TransitInterpretations","general|moon_chiron","Транзитна Луна към Натален Хирон: Нежно се активира стара емоционална рана — нещо настоящо може да напомни за минал опит. Този момент често предлага възможност за признание, състрадание и първична грижа, ако позволите чувството да бъде видяно, вместо да го заглушите. Полезно е да търсите безопасни пространства за споделяне — доверен приятел, терапевт или писане в дневник. Малките ритуали за самоуспокоение, утвърждаване или физическа нежност към себе си могат да подпомогнат началото на по-дълбоко изцеление.","Transit Moon to Natal Chiron: An old emotional wound may be tenderly touched now, as present circumstances echo past pain. This transit often offers a chance to meet that hurt with compassion rather than avoidance. Allowing yourself to feel and name the pain—through journalling, a safe conversation, or therapeutic presence—can begin a gentle healing process. Create a supportive container: self-soothing rituals, boundaries around triggering interactions, and compassionate self-talk help you integrate the experience. The goal is not instant cure but gradual resilience and a kinder relationship to your vulnerability."
"TransitInterpretations","general|moon_jupiter","Транзитна Луна към Натален Юпитер: Емоционален оптимизъм и склонност към щедрост могат да се проявят лесно. Чувствате се по-широко настроени, склонни да давате и да споделяте — социалните контакти носят радост. Това е благоприятен момент за учене, гостоприемство или прост акт на доброта, който разширява взаимоотношенията. Внимавайте за прекаляване — ентусиазмът може да води до обещания, които трудно се спазват.","Transit Moon to Natal Jupiter: Emotional optimism and a generous spirit may arise effortlessly. You’re likely to feel expansive and inclined to give and share — social contact feels uplifting. It’s a good time for learning, hosting, or simple acts of kindness that deepen connections. Watch for overindulgence or overpromising; enthusiasm can outpace what you can realistically deliver."
"TransitInterpretations","general|moon_lilith","Транзитна Луна към Натална Лилит: Под повърхността могат да изплуват инстинктивни и често табуирани емоции — гняв, дълбоко желание, бунтовническа енергия или нужда от автономия. Тези чувства често изискват признание вместо потискане и могат да се проявят в по-остро поведение, ако не им се намери безопасен израз. Полезно е да насочите енергията в творческо изкуство, физическа активност или структурирана практика за изразяване, както и да проучите границите си: кога казвате „не“, кога отстоявате себе си. Чувствата могат да станат източник на лична сила, ако бъдат признати и управлявани съзнателно.","Transit Moon to Natal Lilith: Raw, instinctual emotions that have been pushed aside may surface—anger, intense desire, rebellious impulses, or an urge to reclaim autonomy. These reactions often call for acknowledgement rather than suppression, and if unexamined they can erupt in confrontational ways. Channel the energy into safe expression—creative work, movement, or assertive boundary-setting—and reflect on where you’ve minimized parts of yourself. When met with conscious attention, these impulses can be reclaimed as sources of authenticity and empowerment instead of shame-driven acting out."
"TransitInterpretations","general|moon_mars","Транзитна Луна към Натален Марс: Емоционалната енергия е активирана — страст и раздразнение могат да се редуват бързо. Чувствате силни импулси и може да действате по-спонтанно. Полезно е да намерите физически или креативен изход за напрежението: спорт, танц, работа с ръце или движещ проект. Практикувайте паузи преди реакция, за да избегнете конфликти; насочете импулсите към конструктивни задачи и ясна комуникация.","Transit Moon to Natal Mars: Emotional energy is activated — passion and irritability can swing swiftly. You may feel intense impulses and act more spontaneously. It helps to find a physical or creative outlet for the tension: exercise, dance, hands-on projects, or any activity that moves energy. Practice pausing before reacting to avoid conflicts; channel impulses into constructive tasks and clear communication."
"TransitInterpretations","general|moon_mercury","Транзитна Луна към Натален Меркурий: Мислите и чувствата се смесват, което прави комуникацията по-интуитивна и емоционално прозираща. Мечтите и внушенията често са по-ярки; дневникът и свободното писане са полезни за разплитане на вътрешните послания. Отлично време за искрени разговори, активно слушане и за проверка на това как рационалните ви решения отекват с душевните ви нужди. Внимавайте за прибързани заключения, дайте си време да почувствате думите.","Transit Moon to Natal Mercury: Thoughts and feelings blend, making communication more intuitive and emotionally attuned. Dreams and impressions may be vivid; journaling and free-writing help unravel inner messages. It’s a good time for heartfelt conversations, active listening, and checking whether your rational choices align with emotional needs. Avoid snap judgments — allow ideas to settle before you act on them."
"TransitInterpretations","general|moon_moon","Транзитна Луна към Натална Луна: Вътрешният емоционален свят сякаш разговаря със себе си — интуиции, навици и дълбоко заложени реакции излизат на повърхността. Може да се върнат стари начинания или семейни модели, които да ви покажат настоящите нужди. Подходете с любопитство и нежност: наблюдавайте какво се появява, вместо да го потискате. Малки грижи за себе си и ритуали на заземяване ще ви помогнат да преминете през тези важни прозрения.","Transit Moon to Natal Moon: Your inner emotional life talks to itself — instincts, habits, and deep-seated reactions rise to awareness. Old patterns or family echoes may reappear, clarifying current needs. Approach these feelings with curiosity and compassion rather than suppression. Gentle self-care and grounding rituals can help you process the insights that emerge."
"TransitInterpretations","general|moon_neptune","Транзитна Луна към Натален Нептун: Емоционалността се усилва в посока интуиция, съпреживяване и търсене на смисъл. Границите между вашите чувства и тези на другите могат да се размиват; лесно е да поемете настроения или проекции. Творчеството, сновиденията и духовната практика са благоприятствани и могат да предложат утеха или прозрения. Полезно е да поддържате ясни практики за граници — почивки, земни ритуали или проверка на фактите — за да избегнете объркване или бягство. Опитайте да канализирате чувствата чрез изкуство, медитация или писане.","Transit Moon to Natal Neptune: Emotions often become more porous now, fostering heightened empathy, imagination, and spiritual sensitivity. The line between your feelings and others’ may blur, so you can easily absorb moods or projections. Dreams, creative work, and contemplative practice are supported and may yield meaningful insights or comfort. At the same time, there’s a risk of idealization or escapism, so maintain gentle boundaries and grounding routines. Use imagination intentionally — art, dream journaling, or meditative practice can transform diffuse feelings into compassionate understanding without losing your footing."
"TransitInterpretations","general|moon_pluto","Транзитна Луна към Натален Плутон: Емоционалната интензивност може да достигне връх — стават съзнателни дълбоки чувства, подсъзнателни мотиви и динамики на власт. Случват се моменти на разкритие, конфронтация или освобождаване, които често са кратки, но мощни. Това е време за честно вглеждане в собствените страхове и зависимости, както и за съзнателно освобождаване на това, което вече не служи. Практически подход: подкрепете процеса с доверен разговор, терапия или телесни практики за разтоварване, и избягвайте манипулативни реакции — предпочитайте проява на пределна честност и граници.","Transit Moon to Natal Pluto: Emotional intensity may surge, bringing buried feelings, power dynamics, and unconscious material to the surface. These transits can trigger profound confrontations, catharsis, or psychological breakthrough. It’s a moment to face fears, attachments, and patterns you prefer to avoid, but the process is often transformative rather than merely destructive. Support the energy with trustworthy conversations, therapeutic work, or embodied practices that allow release. Be mindful of control struggles or manipulative impulses; choosing transparency and healthy boundaries helps channel the intensity toward deeper emotional regeneration."
"TransitInterpretations","general|moon_rahu","Транзитна Луна към Натален Раху: Емоционалното ви привличане се насочва към нови и често нетипични територии. Може да почувствате силно любопитство или вълнение към хора, идеи или начини на живот, които усещате като „непознати“. Този транзит насочва към растеж чрез експеримент и излизане от удобната зона — често с усещане за съдба или важна възможност. Внимавайте за склонност към идеализация или прекомерно подражание. Полезно е да пробвате малки стъпки, да записвате наблюденията си и да оценявате как новото отговаря на дългосрочните ви нужди.","Transit Moon to Natal Rahu (North Node): Emotionally you may be drawn toward unfamiliar territory that feels compelling and growth-oriented. This transit often points to experimentation with new relationships, interests, or lifestyle approaches that challenge habitual patterns. The pull can feel fated or magnetic, prompting you to take risks for expansion. Watch for idealizing the new or using novelty to avoid deeper work. Practical use: try small experiments, reflect on what truly nurtures you, and keep a record of insights so the attraction becomes conscious learning rather than reactive escape."
"TransitInterpretations","general|moon_saturn","Транзитна Луна към Натален Сатурн: Чувствата могат да се усещат тежки или ограничени за кратък период. Състарели емоционални модели и дългосрочни отговорности могат да изплуват, подтиквайки към преразглеждане на емоционалните структури в живота ви. Полезно е да поставите граници, да организирате практична подкрепа и да въведете малки рутини за емоционална стабилност. Избягвайте суровата самооценка — това е прозорец за дисциплина и зрялост, а не за самонаказание.","Transit Moon to Natal Saturn: Emotions may feel heavy or constrained for a brief time. Older emotional patterns and long-standing responsibilities can surface, prompting a review of emotional structures in your life. It’s helpful to set boundaries, organize practical support, and introduce small routines that foster stability. Avoid harsh self-judgment — this period invites disciplined, mature adjustments rather than self-punishment."
"TransitInterpretations","general|moon_sun","Транзитна Луна към Натално Слънце: Кратка вълна на емоционална увереност може да синхронизира чувствата с личната воля и посока. Подходящо време за грижа за себе си, за да проверите какво наистина желаете, а не какво се очаква от вас. Малки решения, които угаждат на сърцето, могат да имат успокояващ ефект. Възползвайте се от момента за топла храна, почивка или искрен разговор с близък човек.","Transit Moon to Natal Sun: A brief wave of emotional confidence may align your feelings with personal purpose. This is a good moment for self-care and for checking what you genuinely want versus external expectations. Small heart-centered choices can bring reassurance. Use the time for comforting food, rest, or an honest conversation with someone you trust."
"TransitInterpretations","general|moon_uranus","Транзитна Луна към Натален Уран: Може да изпитате внезапно емоционално раздвижване и силно желание за промяна. Настроенията често се сменят бързо — усещане за нужда от свобода, експеримент или прекъсване на рутина. В домашния и интимния живот могат да се появят неочаквани събития или изненади, които разкриват нови желания. Практически: създайте място за безопасни промени, позволете импулсите да се изразят чрез творческа дейност или кратки експерименти, но избягвайте драматични решения в огъня на момента. Грубият конфликт често намалява, когато намерите начин да канализирате енергията конструктивно.","Transit Moon to Natal Uranus: Sudden emotional shifts and a strong urge for change may arrive now. Moods can flip quickly, and you might feel restless, craving freedom or an unconventional approach to home and relationships. Unexpected events or revelations often prompt reassessment of familiar patterns. Practical guidance: allow short experiments and creative outlets to test new directions rather than making permanent decisions in the heat of the moment. Grounding practices and small rituals help integrate surprises, while clear communication prevents impulsive ruptures from becoming lasting rifts."
"TransitInterpretations","general|moon_venus","Транзитна Луна към Натална Венера: Нежност, нужда от комфорт и желание за красота стават по-осезаеми. Търсите топлина, хармония и естетическа наслада в обкръжението си. Благоприятен момент за обмяна на грижа в отношенията, малки жестове на любов и занимания, които подхранват сетивата — музика, храна, изкуство. Внимавайте да не пренебрегвате собствените си граници в стремежа да угодите; балансът между даване и получаване е важен.","Transit Moon to Natal Venus: Tenderness, a need for comfort, and a desire for beauty become more pronounced. You may seek warmth, harmony, and sensory pleasure in your surroundings. This is a favorable time for mutual care in relationships, small loving gestures, and activities that nourish the senses — music, food, or art. Be mindful not to sacrifice your boundaries in an effort to please; balancing giving and receiving matters."
"TransitInterpretations","general|neptune_chiron","Транзитен Нептун към натален Хирон може да смекчи и одухотвори централните ви рани, като внесе състрадание, сълзлива облекченост и пространство за изцеление. Може да получите прозрения, съпроводени от желание да служите или да трансформирате болката в изкуство или духовна практика. Внимавайте за духовно заобикаляне — склонността да „покривате“ раните с идеали вместо да ги преживеете. Практически подход: позволете уязвимостта, потърсете подкрепа и използвайте креативни, телесни и присъственни методи за интеграция.","Transit Neptune to natal Chiron often bathes core wounds in compassion and spiritual light, opening gentle pathways toward forgiveness, creativity, and meaning-making. You may find yourself more drawn to healing work — personal or collective — and to translating pain into art, service, or ritual. At the same time, there’s a risk of spiritual bypassing: idealizing suffering instead of fully engaging with it. Practical advice: allow vulnerability, seek supportive therapy or community, and use embodied, creative, and relational practices to integrate insights so healing is grounded and sustainable."
"TransitInterpretations","general|neptune_jupiter","Транзитен Нептун към натален Юпитер често разгръща чувство на безгранична вяра, състрадание и вдъхновение. Визионерски идеи за по-добър свят стават по-живи и привличащи, но може да се появи склонност към свръхидеализъм, нереалистични очаквания или финансово неоправдани рискове. Насочете разширението чрез конкретни практики: обучителни курсове, духовни общности, благотворителни инициативи или творчески проекти с ясни стъпки. Балансът между голямата картина и ежедневните детайли ще ви помогне да реализирате идеалите устойчиво, без да губите връзка с реалността.","Transit Neptune to natal Jupiter often enlarges faith, compassion, and visionary optimism. You may feel a strong pull toward higher ideals, spiritual study, or altruistic causes that promise meaningful expansion. The risk is overidealizing people or schemes, underestimating practical limits, or taking financial gambles based on hope rather than plan. Ground the impulse by pairing inspiration with small, testable actions: learning, joining a community, structured philanthropy, or creative projects with explicit milestones. This way your moral or spiritual growth can be constructive rather than merely romanticized."
"TransitInterpretations","general|neptune_lilith","Транзитен Нептун към Натална Лилит: Границите между сянката и духовното се размазват; вашата „тъмна“ страна може да бъде видяна в ново, по-състрадателно светло. Този транзит често насочва към интуитивно, творческо и мистично осмисляне на потиснати желания или вътрешна дивост. Внимавайте за идеализация и самоизмама — Нептун може да омекоти болката, но и да замъгли дезинформацията. Полезно е да използвате практики като сънищен анализ, артистично изразяване и духовна психотерапия, за да интегрирате и трансформирате тези аспекти по начин, който е лечебен и благоразумен.","Transit Neptune to Natal Lilith: Boundaries between shadow and spirit soften; parts of your shadow may be perceived with more compassion and poetic meaning. This transit often invites an intuitive, imaginative reframing of repressed desires and untamed impulses, making them feel sacred or archetypal. Beware of idealization, projection, or self-deception — Neptune can dissolve pain but also obscure practical facts. Productive paths include dreamwork, creative practices, compassionate inner dialogue, and gentle spiritual therapy. These approaches help integrate difficult material so it becomes a source of depth rather than escapism or confusion."
"TransitInterpretations","general|neptune_mars","Транзитен Нептун към натален Марс може да размива обичайните ви побуди и начин на действие, като едновременно открива по-меки, състрадателни изрази на волята. Енергията често се насочва към духовни практики, творчески проекти или лечебна дейност вместо към директна борба или амбициозно постигане. Възможни са объркване и нерешителност — важно е да разпознаете кога избягвате конфронтацията чрез идеализация или бягство. Практически подход: използвайте въображението и медитативни техники, доброволчество или артистични усилия, за да канализирате импулсите, но създайте ясни граници, за да не губите ориентация.","Transit Neptune to natal Mars may soften or blur your habitual drives, shifting motivation toward compassionate, artistic, or spiritual action rather than straightforward assertion. You can feel inspired to serve, heal, or create, yet also more prone to confusion, indecision, or passive-aggressive energy. Watch for tendencies to avoid conflict through idealizing people or situations, or to dissipate energy in escapism. Practical guidance: translate sensitivity into disciplined practices — prayer, meditation, compassionate volunteering, or creative routines — while keeping simple boundaries so inspiration doesn't turn into aimless drifting."
"TransitInterpretations","general|neptune_mercury","Транзитен Нептун към натален Меркурий: Умът често омеква в посока на въображението, интуицията и символичното възприятие. Идеи и прозрения може да идват чрез сънища, синхроничности или артистични експерименти, което прави период чудесен за творческо писане и мистични търсения. Въпреки това, логическата яснота и конкретните факти могат да бъдат размити — затова е важно да проверявате информация, да записвате вдъхновения и да отлагате важни договори или решения за по-ясни периоди.","Transit Neptune to natal Mercury: The mind tends to soften toward imagination, symbolic thinking, and intuitive insight. Creative, poetic, or mystical ideas may arise through dreams and synchronicities, making this an excellent window for art, storytelling, and spiritual study. At the same time, precision, logic, and factual clarity can blur — increasing the chance of misunderstandings or mistakes in practical matters. Useful practices are to capture impressions in writing, double-check details before acting, and schedule analytical tasks for when your thinking feels more grounded."
"TransitInterpretations","general|neptune_moon","Транзитен Нептун към натална Луна: Емоционалната чувствителност стига до дълбоки, често флуидни нива. Границите между вашите чувства и тези на другите може да се разтворят — това води до усилена емпатия, интуитивно приемане, но и до риск от емоционално претоварване или загуба на себеотделяне. Сънищата, въображението и психичните впечатления се увеличават. Практически съвети: установете здрави ритуали за емоционална хигиена, практикувайте заземяване, ограничавайте енергийното „поглъщане“ и потърсете терапевтична подкрепа при нужда.","Transit Neptune to natal Moon: Emotional sensitivity often deepens to a highly porous state. Boundaries between your feelings and others’ can dissolve, increasing empathy, compassion, and psychic impressions, but also risking emotional overwhelm or loss of self. Dreams and emotional imagination grow more vivid, and you may find solace in creative or spiritual practices. Helpful measures include daily grounding rituals, clear energetic boundaries, selective emotional sharing, and professional support if you begin absorbing others’ moods to the detriment of your own stability."
"TransitInterpretations","general|neptune_neptune","Транзитен Нептун към натален Нептун, особено при опозиция около 40–42 години, често бележи духовна „средна възраст“ — период на преоценка на вярата, мечтите и смисъла. Илюзиите се тестват; онова, което до момента е било утеха или бягство, може да се разкрие като непълно. Това време може да доведе до дълбоко пробуждане, повече състрадание и желание за вътрешна правда, но и до риск от меланхолия или духовно материализиране. Практически подход: отличавайте истинската интуиция от фантазията чрез рутинни практики и дискретни проверки на реалността.","Transit Neptune to natal Neptune, often occurring as an opposition in middle life, tends to trigger a spiritual reassessment of beliefs, dreams, and long-held ideals. What once provided solace or meaning may be revealed as illusion or insufficient, prompting either a deepening of genuine faith or a letting-go of sentimental fantasies. This period can foster compassion, artistic renewal, and quieter spiritual maturity, but it can also bring confusion, disillusionment, or escapist tendencies. Stay grounded with steady practices, reflective community, and simple reality checks so that spiritual growth is integrated rather than evasive."
"TransitInterpretations","general|neptune_pluto","Транзитен Нептун към натален Плутон често носи трансформации, които са едновременно дълбоки и одухотворени. Старите механизми на власт, контрол или прилагане на сила могат да се разтварят и да отстъпят място на процеси, които свързват личното и колективното в по-трансцендентен контекст. Това може да отключи многопоколенчески рани и лечебни потенциали, както и мощни интуитивни прозрения за структурата на живота ви. Работете с телесни и психични практики, граница и общностна подкрепа, за да преобразувате разрушението в смислено възраждане.","Transit Neptune to natal Pluto can accompany deeply spiritual transformations in which old power dynamics, compulsions, or control patterns gradually dissolve. This transit often makes room for collective and transpersonal processes, bringing buried material to the surface for healing and possible regeneration across generations. You may experience catalytic insights, symbolic endings, or unconscious material emerging for transmutation. Support the process with grounded healing practices, clear boundaries, trusted companions, and therapeutic or ritual work so that profound dissolution becomes a source of meaningful rebirth rather than drifting chaos."
"TransitInterpretations","general|neptune_rahu","Транзитен Нептун към натален Раху може да изпълни еволюционната ви посока с мистични, творчески и състрадателни теми. Желанията и възможностите, които се появяват, често имат символично или духовно значение и могат да ви насочат към нетрадиционни пътища на растеж. Внимавайте за объркване между истинската душевна нужда и илюзорните обещания на външния свят. Практически съвет: следвайте вътрешния импулс, но проверявайте посоката чрез опит, наставничество и стабилни ежедневни навици, които поддържат реализацията.","Transit Neptune to natal Rahu (the North Node) can infuse your evolutionary direction with mystical, creative, and compassionate themes. The opportunities and attractions you encounter may feel fated or laden with symbolic meaning, nudging you toward less conventional paths of growth. This transit often amplifies intuition and aesthetic sensibility but can also blur practical priorities or attract deceptive pitches. Follow the spiritual pull while verifying it through lived experience: test new directions in small ways, seek mentors or peer feedback, and maintain grounding routines so that soul-led choices can be embodied and sustained."
"TransitInterpretations","general|neptune_saturn","Транзитен Нептун към натален Сатурн може да разруши твърдите структури, изградени на страх, задръжки или социални очаквания, но също така да предложи шанс за по-автентично подреждане на живота. Процесът често е бавен и нееднозначен: някои ангажименти губят смисъл, докато други изискват нов духовен контекст. Възможна е тревога за материалната сигурност; затова е полезно да комбинирате духовно прозрение с прагматични мерки — оценка на дълговете, план за доходи и ясни обещания пред себе си.","Transit Neptune to natal Saturn can gently dissolve structures that were held together by fear, duty, or social pressure, while inviting a reconstruction based on deeper authenticity and meaning. This transit often exposes where commitments are hollow or where rigid habit no longer serves your growth. You may feel uncertainty about responsibilities and material security; practical anxieties can surface. Integrate the spiritual insights with concrete planning: reassess obligations, create realistic financial or work strategies, and set small, reliable commitments that honor both your integrity and practical needs."
"TransitInterpretations","general|neptune_sun","Транзитен Нептун към натално Слънце: Продължителен процес на одухотворяване и смекчаване на чувството за Аз, който може да продължи няколко години. Идентичността често се размива в полето на състраданието, въображението и духовните ценности — това носи вдъхновение, но и объркване относно целите. Рискът от илюзии или самозаблуди се увеличава, така че е полезно да поддържате практики за дискриминация и яснота: записвайте вдъхновенията, създавайте ритуали за интеграция и търсете баланса между идеалите и ежедневните отговорности.","Transit Neptune to natal Sun: A prolonged softening and spiritualizing of identity can unfold over several years. Your sense of self often becomes more compassionate, imaginative, and attuned to subtle values — a fertile time for creativity and inner work, but also one of possible confusion about direction. You may idealize people or paths, or feel a gentle dissolution of ego boundaries. Stay grounded: keep practical routines, document inspirations, test ideals in small steps, and use discernment to integrate mystical insights without losing day-to-day responsibility."
"TransitInterpretations","general|neptune_uranus","Транзитен Нептун към натален Уран може да обогати търсенето на свобода с мистично и трансцендентно значение. Желанието да се откъснете от остарели модели често придобива интуитивни прозрения и творческа визия, която предлага нови начини за общуване и социална промяна. Възможни са неочаквани проблясъци и експерименти, но и склонност към идеалистично бунтарство без практическа опора. Добра стратегия е да експериментирате с внимателно проектирани промени, колаборации и духовно-иновативни практики, които могат да направят освобождението устойчиво.","Transit Neptune to natal Uranus can infuse your urge for liberation and innovation with a mystical, visionary quality. Sudden insights and unconventional impulses may feel inspired by a sense of higher purpose, encouraging creative reforms in relationships, technology, or social circles. There’s potential for brilliant breakthroughs but also for erratic idealism or escapist rebellion that lacks follow-through. Ground visionary impulses by prototyping small experiments, seeking like-minded collaborators, and combining intuition with simple structures. This helps ensure that breakthroughs expand consciousness without dissolving responsibility or reliability."
"TransitInterpretations","general|neptune_venus","Транзитен Нептун към натална Венера: Любовта и ценностите често приемат мистичен, идеализиран или духовен тон. Може да копнеете за сливане и безусловна красота; творческите и духовните отношения могат да се задълбочат значимо. В същото време има склонност към идеализация или донаместване на границите — риск от разочарования или самопожертвование. Практически: култивирайте яснота в очакванията, запазвайте здрави граници и насочвайте вдъхновението към артистични или служебни проекти, където мистичната искра може да има конкретен израз.","Transit Neptune to natal Venus: Love and values often take on a mystical, idealized, or spiritual quality during this transit. You may yearn for soul-level union and experience heightened sensitivity to beauty, art, and compassion; creative collaborations can flourish. Yet there is also a tendency to romanticize or overlook practical issues, which can lead to disappointment or self-sacrifice. Grounding practices help: clarify expectations in relationships, maintain healthy boundaries, and channel inspiration into tangible creative or service-oriented projects so the poetic impulse finds sustainable expression."
"TransitInterpretations","general|pluto_chiron","Транзитен Плутон към Натален Хирон: Най-дълбоките рани и вече изградени защитни стратегии са активирани за дълбока лечебна трансформация. Този период често прилича на болезнен, но целенасочен хирургичен процес — старите травми и импринти, които тайно управляват решенията ви, са изведени на светло за осъзнаване и интеграция. Процесът може да провокира интензивни емоции, конфронтации или повторение на болезнени сцени, но също така да отвори възможности за истинска регенерация и нова свързаност с другите. Подходете с деликатност, професионална подкрепа и практики за заземяване и самосъстрадание.","Transit Pluto to Natal Chiron: Deep wounds and longstanding protective patterns are activated for profound healing. This transit often feels like intense surgery — hidden traumas and core hurts that have been steering your life are brought into awareness and made available for transformation. Expect emotional intensity, triggering encounters, and opportunities to rewrite repetitive pain patterns into sources of resilience and empathy. The work can be catalytic and demanding; combining therapeutic support, somatic practices, clear boundaries, and compassionate self-care makes deep integration more sustainable and reduces the risk of retraumatization."
"TransitInterpretations","general|pluto_jupiter","Транзитен Плутон към Натален Юпитер: Вяра, светоглед и стремеж към смисъл са подложени на сериозно преосмисляне. Стари идеологии и удобни убеждения може да се разпаднат, за да направят път на по-зряла, доказателствено обоснована или етично основана вяра. Има потенциал за голямо разширение, ако приемете трансформацията — нови възможности могат да дойдат чрез интегрирана мъдрост и дълбока смелост. Внимавайте за догматизъм или мисия, която се превръща в манипулация. Духовни и интелектуални практики, честно изследване и социална етика подкрепят положителната промяна.","Transit Pluto to Natal Jupiter: Beliefs, philosophy, and aspirations for growth are undergoing a profound overhaul. Comfortable or inflated convictions may be dismantled to reveal a more grounded, ethically informed, and powerful sense of meaning. This transit can expand your capacity for depth, integrity, and real influence when you trade certainty for inquiry and moral clarity. Opportunities for growth may arise through disciplined study, mentorship, or transformative experiences that reframe your worldview. Watch for ideological rigidity or zealotry; aim for an expansive, reflective faith rooted in evidence, responsibility, and service."
"TransitInterpretations","general|pluto_lilith","Транзитен Плутон към Натална Лилит: Поставят се на преден план потиснатите аспекти на тялото, желанията и сянката — онова, което е било табуизирано или отхвърлено. Този транзит може да разкриване болезнени конфликти около власт, сексуалност и автономия, но също така предлага шанс за интеграция на най-истинската ви сила и дивост. Възможни са крайности: освобождаване чрез преобразяваща честност, но и риск от проекция или разрушителни реакции. Практически: създайте безопасно пространство за изследване, търсете терапевтична помощ и работете за интеграция, а не за отмъщение.","Transit Pluto to Natal Lilith: Suppressed aspects of the body, desire, and shadow rise to the surface — the taboos and repressed autonomy that demand recognition. This transit can expose painful conflicts around power, sexuality, and self-determination, but it also offers a chance to reclaim and integrate primal authenticity. Expect extremes: cathartic liberation and fierce self-assertion, alongside risks of projection or coercive behavior. Use the energy to face shame, re-establish healthy consent and boundaries, and transform patterns of repression into creative, ethical expressions of power rather than acting out destructively."
"TransitInterpretations","general|pluto_mars","Транзитен Плутон към Натален Марс: Воля, енергия и агресивност са интензивно активирани. Появява се желанието за дълбока промяна чрез действие — амбиции могат да се превърнат в неудържим стремеж за постижение. Внимавайте за изблици на гняв, обсесивност или разрушителни конфликти; тази сила е мощна, но може и да навреди ако не се канализира. Превърнете я в концентрирана дисциплина, дълбока тренировка, смели проекти или целенасочена реформа. Контролирана, съзнателна употреба на тази енергия води до изключителни резултати и личностно овластяване.","Transit Pluto to Natal Mars: Drive, assertiveness, and physical energy are intensified and can feel unstoppable. You may experience a compulsion to act decisively, pursue ambitions with single-minded focus, or confront obstacles head-on. While this can fuel extraordinary achievement, there is also risk of anger outbursts, obsession, or destructive power struggles if the energy is misdirected. Productive outlets include disciplined training, strategic initiatives, and transformative projects that require endurance and focus. Conscious regulation, therapeutic work, and ethical aims help convert Pluto–Mars intensity into sustained empowerment rather than burnout or conflict."
"TransitInterpretations","general|pluto_mercury","Транзитен Плутон към Натален Меркурий: Мисълта и начинът, по който комуникирате, придобиват трансформативна дълбочина. Повърхностните разговори и клишетата често ви дразнят; търсите корена на нещата, причините и скритите мотиви. Това е добър период за разследване, интензивно учене, психотерапия или писане, което изважда наяве неудобните истини. Внимавайте за манипулативна логика или обсесивни мисли — ползвайте концентрацията за ясно и етично излагане на идеи, вместо за контрол. Чистите, добре аргументирани послания могат да имат изключително въздействащ ефект.","Transit Pluto to Natal Mercury: Thinking and communication deepen and become investigative. Surface-level explanations no longer satisfy; you’re driven to uncover hidden motives, patterns, and truths. This period favors research, intense study, therapeutic inquiry, and writing that exposes what’s been suppressed. Be mindful of obsessive thought loops or manipulative argumentation; Pluto’s intensity can be used constructively for disciplined analysis and persuasive, integrity-driven speech. Channel this focus into projects that require investigative rigor or truth-telling rather than into power plays or rumination."
"TransitInterpretations","general|pluto_moon","Транзитен Плутон към Натална Луна: Емоционалният свят и дълбоките привързаности могат да бъдат преоформени по начин, който изисква честност и освобождаване. Старите модели на реакция и семейни обусловености често изплуват, за да бъдат преобразени — понякога чрез интензивни усещания, конфликти или събуждане на потиснати спомени. Това е шанс за дълбоко емоционално изцеление, но и тест за границите: може да се появят силни нужди, ревност или манипулация, които трябва да бъдат разпознати и трансформирани. Поддържаща терапия, безопасни разговори и ясни граници подпомагат възстановяването на автентична емоционална автономия.","Transit Pluto to Natal Moon: Emotional life and attachment patterns undergo profound reworking. Deep-seated responses, family conditioning, or buried memories often surface for transformation, which can be intense, cathartic, and at times unsettling. This transit invites you to interrogate emotional dependencies, power imbalances in close relationships, and coping habits that no longer serve. While it can provoke tears, confrontation, or withdrawal, it also offers potent healing and emotional maturation. Supportive therapy, reflective practices, and firm boundaries help integrate the change and cultivate greater emotional sovereignty."
"TransitInterpretations","general|pluto_neptune","Транзитен Плутон към Натален Нептун: Духовните и психични измерения навлизат в по-дълбоко поле на трансформация. Вярвания, идеали и перцепции за смисъла могат да се разпаднат, за да бъдат реконструирани автентично; това може да отключи мощни интуитивни прозрения, творческо вдъхновение и състрадателна ангажираност. В същото време е възможно да възникнат илюзии, зависимости или манипулации, когато границите между реалното и идеалното се размиват. Полезно е да развивате дискриминация и практики за заземяване — медитация, терапия или творческа работа — които да интегрират трансформиращия опит в ежедневието.","Transit Pluto to Natal Neptune: Spiritual and psychic realms move into a deeper field of transformation. Beliefs, ideals, and your sense of meaning may dissolve and be rebuilt on a more authentic level, opening powerful intuitive insights, creative inspiration, and deeper compassion. At the same time, blurred boundaries can invite confusion, self-deception, or addictive tendencies. This transit asks for discernment: test spiritual experiences against practical reality and healthy boundaries. Constructive approaches include somatic practices, therapy, service work, and creative disciplines that help you integrate mystical material without losing your footing."
"TransitInterpretations","general|pluto_pluto","Транзитен Плутон към Натален Плутон (квадрат около 40 г.): Това е архетипичен период на срединно-жизнена трансформация — среща със собствената мощ, сянка и крайности. Може да бъдете призовани да преосмислите как сте упражнявали или потискали властта си, да се сблъскате с най-дълбоките си страхове и да преминете през кризи на идентичността и ценности. Процесът е интензивен, често включва окончателни завършеци и последващи възраждания. Възможна е работа с терапевт, ритуали на отчуждаване и съзнателно пренареждане на ролите ви. Целта не е доминация, а интеграция и автентично овластяване.","Transit Pluto to Natal Pluto (Pluto square around 40): This marks a classic midlife transformation — a confrontation with your own power, shadow, and deepest fears. You may need to reassess how you have wielded or denied authority, face endings that force psychological rebirth, and let go of identities that no longer serve you. The period can be intense, catalyzing profound inner work, change in relationships, and a restructuring of priorities. Practical tools include therapy, symbolic rituals of release, and disciplined shadow work aimed at transforming compulsive patterns into conscious empowerment rather than repeating old power dynamics."
"TransitInterpretations","general|pluto_rahu","Транзитен Плутон към Натален Раху: Еволюционният ви път може да бъде ускорен чрез дълбока трансформация на амбициите, желанията и новите посоки в живота. Раху често показва тема на съдбата или експанзивно търсене; когато Плутон транзитира над него, старите модели, които са блокирали растежа ви, могат да бъдат системно демонтирани. Това е време на интензивни пробиви, кармични възможности и срещи с непознатото, което ви тласка към автентичното предназначение на душата. Внимавайте за манипулации и за бързани решения — използвайте прозренията за стратегическо пренастройване и съзнателно овластяване.","Transit Pluto to Natal Rahu (North Node): Your evolutionary trajectory may accelerate as deep transformation reshapes ambitions, cravings, and unfamiliar directions. Rahu points toward karmic growth and expansion; when Pluto overlays it, entrenched patterns that have blocked development can be ruthlessly dismantled. This transit often brings catalytic opportunities, fateful meetings, and pressure to step into unfamiliar roles aligned with your soul’s aim. It can feel destabilizing but also liberating. Stay discerning about shortcuts, power plays, and obsession; channel the intensity into strategic change, skill-building, and long-term commitments that reflect deeper purpose."
"TransitInterpretations","general|pluto_saturn","Транзитен Плутон към Натален Сатурн: Дълбоките структури на живота — кариера, репутация, длъжности и лични отговорности — са подложени на трансформация. Тук може да се усеща, че „нещо старо умира“: институционални роли, ограничения или структури на властта често се разпадат, за да бъдат възстановени върху по-автентична, устойчива основа. Процесът е бавен и изисква дисциплина, но води до по-голяма вътрешна интегритетност. Възможни са изпитания, загуби или преоценки на ангажименти — работете със стратегия, търпение и яснота за това, което наистина искате да изградите занапред.","Transit Pluto to Natal Saturn: Foundations of life — career structures, authority roles, and long-term responsibilities — face deep reconfiguration. Systems or positions that rested on fear, pretense, or unsustainable control may be stripped away, prompting a rebuilding process grounded in authentic power and integrity. This transit is methodical and demanding: it tests limits, requires hard work, and may involve losses or significant restructuring. Approached with disciplined planning, ethical resolve, and patience, the outcome can be a sturdier, more truthful framework for your commitments and public life. Use this time to prune what’s unsound and fortify what endures."
"TransitInterpretations","general|pluto_sun","Транзитен Плутон към Натално Слънце: Това е един от най-интензивните периоди за лична трансформация — усещането е за „смяна на кожа“. Дълбоки пластове на идентичността, дефинирани от страх или навици, често се разпадат, за да оставят място за по-истинско Аз. Процесът може да бъде болезнен, да включва кризи, конфронтации и периоди на уязвимост, но и да доведе до голяма вътрешна сила и автономия. Работата със сянката, психологическо лечение и целенасочено приложение на волята помагат да се насочи разрушителната енергия към творческо прераждане.","Transit Pluto to Natal Sun: Expect a profound identity reshaping — like being remade at the core. Old ego structures maintained by fear, compulsion, or social role are likely to be exposed and dismantled, making room for a truer sense of self. This can feel destabilizing, with confrontations, endings, or intense inner upheaval, yet it also opens the possibility for deep empowerment, integrity, and resilience. Engaging shadow work, therapy, and intentional action helps channel Pluto’s pressure into constructive reinvention rather than repression or destructive patterns."
"TransitInterpretations","general|pluto_uranus","Транзитен Плутон към Натален Уран: Поколенческите импулси за революция и освобождение се стесняват до лично ниво и могат да предизвикат рязка промяна в живота ви. Може да изпитате непреодолимо желание за свобода, внезапно разкъсване на стари обвързаности и радикално преначертаване на идентичността или начина, по който се изразявате. Тези процеси често са едновременно освободителни и дезориентиращи — възникват изненадващи събития, пробиви в технологична или социална сфера, както и импулси за бунт срещу авторитети. Практически: канализирайте енергията в креативни и реформаторски проекти, поставяйте граници при риск от необмислени прекъсвания и търсете подкрепа при силни вътрешни сътресения.","Transit Pluto to Natal Uranus: Generational forces of revolution and liberation concentrate at a personal level and may trigger sudden, transformative change. You could feel an overwhelming urge for freedom, break long-standing attachments, or radically redefine how you express yourself. These shifts are often liberating but disorienting — expect surprises, abrupt endings or breakthroughs, and impulses to rebel against structures and authorities. Tension between control and radical autonomy can surface; use it as fuel for creative reinvention rather than impulsive destruction. Practical guidance: ground disruptive energy into projects that modernize your life, set clear boundaries, and seek support during intense upheaval."
"TransitInterpretations","general|pluto_venus","Транзитен Плутон към Натална Венера: Ценности, избори в любовта и естетическите предпочитания преминават дълбоко прераждане. Желанията ви може да станат по-интензивни, привързаностите — по-страстни; също така се изчистват зависимости и невъзможни обвързаности. Отношения, основани на повърхностни компромиси, често не устояват, докато връзки, които приемат трансформацията, придобиват по-голяма дълбочина и интимност. Финансовите въпроси и усещането за собствена стойност също могат да бъдат ревизирани. Работа върху самооценката и ясни граници помагат да излезете с възстановена, по-автентична чувственост.","Transit Pluto to Natal Venus: Values, desires, and relationship dynamics undergo a deep overhaul. Attractions may intensify, hidden attachments or jealousies can surface, and superficial partnerships often fall away. This transit tends to purify what you value — prompting release of codependent patterns and a redefinition of worth, both emotional and material. Relationships that face truth and vulnerability can transform into profound bonds; others may end to make space for more authentic connection. Addressing money matters, self-esteem work, and boundary-setting supports a healthier, more empowered approach to love and resources."
"TransitInterpretations","general|rahu_chiron","Транзитен Раху към натален Хирон: Този транзит често свързва вашите най-дълбоки рани с мисията и даровете, които сте дошли да предложите. Процесът на изцеление може да стане централна тема в еволюцията ви — уязвимостта може да се превърне в средство за свързване и преподаване. Възможно е старите болезнени модели да бъдат стимулирани, за да бъдат преработени и интегрирани; това изисква състрадателно присъствие и практики, които подкрепят устойчивото възстановяване. Полезно е да търсите пространства за безопасно споделяне, професионална подкрепа и креативни изрази, които превръщат раните в ресурс.","Transit Rahu to natal Chiron: This transit often brings your wounds into focus as gateways to purpose and unique gifts. Healing can become a central theme, and vulnerability may serve as a bridge to deeper work, teaching or mentorship. Old hurts are likely to resurface—not to punish you but to be reframed and integrated into a more empowered narrative. Approach triggers with compassion, professional support where needed, and practical healing techniques that build resilience. Sharing your experience selectively and creatively can transform pain into service, helping you reclaim wounded parts as sources of insight and contribution."
"TransitInterpretations","general|rahu_jupiter","Транзитен Раху към натален Юпитер: Този транзит често отваря вратата към значителен растеж, нови възможности и разширяване на хоризонтите — особено в области, свързани с убеждения, обучение, пътувания и контактите с чужденци или институции. Може да получите шанса да ускорите своя жизнен път, но също така съществува риск от прекалено оптимистични очаквания или илюзии за бърз успех. Практически: подбирайте възможностите селективно, тествайте обещанията, изграждайте мрежа и консултирайте се с по-опитни хора. Дългосрочен растеж изисква ангажимент и проверка на реалността, а не само ентусиазъм.","Transit Rahu to natal Jupiter: This transit often opens doors to marked expansion, learning and opportunity—especially around belief systems, higher education, travel, publishing or foreign connections. Big, destiny-feeling chances can arrive, but there’s also a tendency toward over-optimism or flashy promises that don’t hold up. Practically, be selective: verify offers, consult experienced mentors, and turn sudden openings into sustainable projects rather than chasing immediate glamour. Use the momentum to invest in skills, advisors or networks that anchor growth. When tempered by discernment, this period can accelerate a meaningful shift in life direction."
"TransitInterpretations","general|rahu_lilith","Транзитен Раху към натална Лилит: Този транзит често тласка еволюцията през тъмната, дивата и потисната част на личността. Може да се появи силен стремеж да заявите аспекти от себе си, които преди сте крили — сексуалност, бунт, неконвенционални желания или творческа суровост. Растежът изисква съзнателно съотношение към собственията сянка: интегрирайте и изразявайте тези качества по начин, който е автентичен, но и етичен спрямо другите. Полезно е да работите с граници, съгласие и творчески канали, за да избегнете разрушително поведение и да превърнете дивостта в ресурс.","Transit Rahu to natal Lilith: This transit often forces growth through contact with your shadowed, primal and rebellious self. You may feel a surge to embody desires or impulses previously suppressed—raw sexuality, defiance of norms, or untamed creative expression. The challenge is to reclaim these parts without harming others or acting out unconsciously. Work with clear boundaries, consent and ethical discernment, and channel intensity into transformative practices—art, ritual, activism or therapeutic inquiry. When integrated, this energy can liberate authenticity and power; mishandled, it risks alienation or self-sabotage, so cultivate self-honesty and restraint."
"TransitInterpretations","general|rahu_mars","Транзитен Раху към Натален Марс: Този транзит често активира смели, понякога импулсивни стремежи към нови цели. Енергията може да направи амбициите ви по-необичайни и фокусирани върху територии, които преди са ви се стрували чужди или рисковани. Това е подходящ момент за предприемачество, промени в кариерата или интензивни физически практики, но има и опасност от разпиляност, нетърпение и конфликти. Практически полезно е да канализирате енергията чрез конкретен план, физическа дисциплина, внимателно преценяване на рисковете и техники за контрол на импулсите, за да използвате дръзката енергия конструктивно.","Transit Rahu to Natal Mars: This transit often ignites bold, sometimes impulsive drives toward new ambitions. Your assertive energy may focus on unconventional or risky directions you previously avoided. It’s favorable for entrepreneurship, career pivots, activism, or intensified physical training, but can also scatter your efforts, raise impatience, or provoke power struggles. Practically, channel the surge by setting clear goals, using physical outlets, planning strategically, and practicing impulse control. That way you can harness Rahu’s daring momentum to make tangible progress without burning bridges or overextending yourself."
"TransitInterpretations","general|rahu_mercury","Транзитен Раху към Натален Меркурий: Този транзит често донася необичайни идеи, бърз ум и любопитство към непознатите области на знанието. Може да сте привлечени от чужди култури, технологии, нестандартни учебни курсове или нестандартен начин на мислене. Енергията подпомага новаторско общуване и мрежуване, но и крие риск от объркване или склонност към слухове и манипулация; проверявайте фактите и следете детайлите. Практически подход: експериментирайте с нови форми на изразяване, пишете, учете чужди езици или технологии, но задържайте критично мислене и ясни цели.","Transit Rahu to Natal Mercury: This transit often brings novel ideas, mental restlessness, and a pull toward unconventional learning. You may be drawn to foreign cultures, emerging technologies, fringe theories, or unusual communication channels. It can spark innovative thinking and networking, but also increase susceptibility to misinformation or obsessive thinking. Practical guidance: experiment with new ways to express yourself — write, study, or use platforms you haven’t tried before — while keeping a habit of fact-checking and clarifying your intentions so the influx of information becomes useful rather than distracting."
"TransitInterpretations","general|rahu_moon","Транзитен Раху към Натална Луна: Под действие на този транзит емоционалният ви свят често се придвижва към непознати територии — нови начини на обвързване, промяна в нуждата от сигурност или различни ритуали за самоуспокоение. Може да почувствате вътрешно раздразнение или емоционална нестабилност, тъй като старите комфортни модели се демонтират. Същевременно възникват възможности за по-автентични връзки и за реконструиране на вътрешния свят. Практически съвети: създайте нови ритуали на грижа, развивайте емоционална любопитност, работете с граници и търсете подкрепа, за да не бягате от несигурността чрез импулсивни решения.","Transit Rahu to Natal Moon: With this transit your emotional landscape is often pushed toward unfamiliar territory — new ways of relating, altered needs for security, or different self-soothing rituals. Old emotional comfort patterns may break down, prompting restlessness or mood swings, but also opening space for more genuine feelings and connections. You might feel pulled by novel emotional attractions or lifestyle shifts that encourage growth. Practically, cultivate new care routines, practice emotional curiosity, strengthen boundaries, and seek supportive relationships or therapy so you don’t reactively retreat into old habits."
"TransitInterpretations","general|rahu_neptune","Транзитен Раху към натален Нептун: Този транзит може да засили духовните, творческите и идеалистичните импулси в живота ви. Пътят към еволюция често включва вътрешно вдъхновение, артистични проекти, мечти или търсене на смисъл извън материалните рамки. Внимавайте за замъгляване на границите, илюзии или подвеждащи обещания — интензивната чувствителност може да направи разпознаването на реалното трудно. Ползотворно е да развивате здрави граници, да тествате интуицията в практиката и да комбинирате духовното призвание с ясни стъпки за реализиране и служене.","Transit Rahu to natal Neptune: This transit often heightens spiritual, creative and idealistic currents in your life. Your evolutionary direction may involve imaginative work, healing arts, visionary projects, or a pull toward service and transcendence. Alongside inspiration, there’s a risk of blurred boundaries, wishful thinking or deception—either from others or your own projections. Ground spiritual urges with practical checks: clarify intentions, develop reliable routines, and enlist trusted collaborators who can help translate inspiration into sustainable forms. When balanced, this phase can deepen compassion and open new channels for meaningful creative or mystical expression."
"TransitInterpretations","general|rahu_pluto","Транзитен Раху към натален Плутон: Този транзит често потапя еволюцията ви в дълбока трансформация и прераждане. Старите структури, дълбоки страхове и модели на контрол могат да се разпаднат, за да освободят място за по-автентично присъствие и силова интеграция. Процесът може да е интензивен и понякога болезнен — проявите на власт и съпротива трябва да се наблюдават с честност и етика. Полезно е да търсите подкрепа (психотерапия, ритуали, творческа трансформация) и да работите със съзнание, за да превърнете разпада в възможност за радикално обновяване.","Transit Rahu to natal Pluto: This transit often brings profound transformation, where buried patterns, power dynamics and deep fears are confronted and remade. The process can feel intense and sometimes compulsive as parts of identity are stripped away to make room for a truer expression of purpose. Power struggles or shadow projections may surface; handling them with integrity and self-awareness is essential. Practical approaches include therapeutic work, boundary-building, and conscious release practices to avoid destructive repetition. When navigated with care, this period can catalyze profound psychological rebirth and a stronger alignment with your core destiny."
"TransitInterpretations","general|rahu_rahu","Транзитен Раху към натален Раху (Ритуално завръщане ~18 г.): Това е период на основно пренасочване и обновяване на пътя на растеж. Често се появява силно усещане за начало на нова глава — интереси, идентичност и стремежи може да се изместят поради нови възможности или осъзнавания. Импулсивността и желанието за бърза промяна са характерни; полезно е обаче да балансирате експериментирането с постепенно утвърждаване на ценности и планове. Този момент може да зададе тон за следващите години, затова е разумно да търсите подкрепа, да учите активно и да предприемате стъпки, които можете да надграждате.","Transit Rahu to natal Rahu (Rahu return ~18 years): This transit often marks a fundamental reset—a time when direction, interests and identity are renewed. It can feel like the start of a new chapter, with strong impulses to explore, relocate, study or launch projects that redefine who you are. While enthusiasm and experimentation are natural, there’s value in tempering impulsiveness with considered choices: research options, seek mentors and create simple structures that allow sustainable development. Decisions made now can set patterns for years to come, so favor learning and incremental commitments over irreversible leaps."
"TransitInterpretations","general|rahu_saturn","Транзитен Раху към натален Сатурн: Този транзит насочва вниманието към структуриране и съзряване чрез практическа работа и отговорности. Растежът към съдбата често изисква дисциплина, постоянство и изграждане на реални рамки — от кариерата до финансите и личните ангажименти. Могат да се появят изпитания, които ще тестват вашата устойчивост и мотивация; избягването на лесни пътища е важно, защото резултатите ще дойдат чрез търпение и последователни усилия. Ползотворно е да формулирате ясни цели, да въведете системи и да търсите ментори, които да помогнат за трайна промяна.","Transit Rahu to natal Saturn: This transit often points you toward disciplined growth that requires structure, responsibility and long-term planning. Progress in your chosen direction tends to come through steady effort—establishing systems, timelines and realistic goals—rather than quick wins. You may encounter challenges that test boundaries, commitment and patience; these are invitations to mature rather than to retreat. Practical steps include simplifying priorities, creating routines, and seeking guidance from reliable authorities or mentors. When you meet demands with consistency, what you build during this phase can become a durable foundation for future development."
"TransitInterpretations","general|rahu_sun","Транзитен Раху към Натално Слънце: Този транзит често насочва към разширяване и промяна в начина, по който се самоизразявате и представяте пред света. Може да усещате силно привличане към нови роли, проекти или имидж, които се чувстват съдбоносни, макар да са непознати. Енергията стимулира експериментиране — приемането на рискове в кариерата, видимостта или творческата изява — но и носи риск от прекалено идентифициране, егоцентрични склонности или усещане за „не аз“. Практически полезно е да пробвате нови форми постепенно, да търсите обратна връзка, да поддържате интегритет и да наблюдавате мотивациите си, така че промяната да бъде устойчива и автентична.","Transit Rahu to Natal Sun: This transit often points to expansion and shifts in how you express yourself and show up publicly. You may feel compelled toward new roles, projects, or a revised identity that feels destined yet unfamiliar. It encourages experimentation — taking calculated risks around career, visibility, or creative persona — but can also bring over-identification, grandiosity, or imposter sensations. Practically, try new approaches incrementally, seek honest feedback, safeguard your integrity, and reflect on motives. That way you can harness Rahu’s drive toward growth without losing a grounded sense of who you are."
"TransitInterpretations","general|rahu_uranus","Транзитен Раху към натален Уран: Този транзит често отключва неочаквани пробиви, внезапни промени и възможности за повече свобода и автентичност. Пътят напред може да включва иновации, технически проекти, нетипични срещи или рязко пренасочване на личния ви курс. Вълнението и импулсивността са част от процеса — полезно е да имате заземяващи практики и план за управление на риска, за да превърнете нестабилността в творческа сила. Позволете си експериментиране, но запазете критична преценка и грижа за стабилните връзки и задължения.","Transit Rahu to natal Uranus: This transit often brings sudden breakthroughs, unexpected opportunities and a push toward greater individuality and innovation. Changes may arrive disruptively—new technologies, unconventional people or abrupt shifts in direction—but they can open pathways aligned with your evolving identity. There’s a strong urge to experiment and rebel against constraints; balance that impulse with grounding practices and basic contingency plans so risk becomes productive rather than chaotic. Use this period to try new approaches, update systems and welcome creative leaps, while protecting important commitments and relationships from unnecessary collateral disruption."
"TransitInterpretations","general|rahu_venus","Транзитен Раху към Натална Венера: Подобен транзит често разклаща ценностите и начините на обвързване. Може да изпитате силно привличане към нови хора, стилове или естетики, които усещате като съдбоносни и разширяващи. Това носи възможности за любов, творчество и материални промени, но и риск от идеализация, емоционална зависимост или бягство в екзотика. Полезно е да разглеждате новите желания като покани за изследване, да отсявате мотивациите си и да поддържате здрави граници, както и да инвестирате в творчески проекти и лична стойност извън външните признания.","Transit Rahu to Natal Venus: This transit often unsettles values and relationship patterns. You may feel intensely attracted to new people, aesthetics, or life tastes that seem fated and expansive. It can open doors to fresh love, creative collaborations, or shifts in material priorities, while also risking idealization, obsession, or an escape into novelty. Treat new attractions as invitations to explore rather than proofs of destiny: examine your motives, maintain healthy boundaries, and cultivate self-worth independently of external approval. Channel the energy into artistic projects or thoughtful reinvention of relationships."
"TransitInterpretations","general|saturn_chiron","Транзитният Сатурн към натален Хирон насочва вниманието към раната чрез структура и отговорност. Може да изникнат стари болки, които изискват дисциплиниран, постепенен подход към лечение: терапия, практики на самоограничение, ритуали и надеждни поддържащи рамки. Сатурн не „залепва“ бързо, а предлага възможност за трайна интеграция — да превърнете уязвимостта в опитност и мъдрост. В процеса може да срещнете съпротива, срама или нужда от граници; работа с доверени професионалисти и последователни малки стъпки обикновено дават най-устойчиви резултати.","Transit Saturn to natal Chiron directs attention to the wound through structure and responsibility. Old hurts may resurface, asking for a disciplined, gradual approach to healing — therapy, consistent practices, supported rituals and reliable frameworks. Saturn’s role is not quick fixing but offering the conditions for durable integration: transforming vulnerability into lived wisdom and competence. Expect resistance, shame or the need to set firmer boundaries; working with trusted professionals and committing to steady, small steps tends to produce the most lasting recovery and a sense of earned resilience."
"TransitInterpretations","general|saturn_jupiter","Транзитен Сатурн към натален Юпитер: Големите намерения срещат практическите реалности — оптимизмът е заземен от изискванията на времето и ресурса. Това е период за прецизиране на визията и превръщането на идеали в изпълними планове: намаляване на размахите, увеличаване на структурата и фокус върху устойчивите стъпки. Може да се наложи да преговаряте между риск и сигурност, да въведете дисциплина в обучението или финансирането и да изградите здрави системи. Дългосрочните проекти, подкрепени от ясно управление, имат шанс да узреят оттук нататък.","Transit Saturn to Natal Jupiter: Expansion and aspiration come up against structure and reality with this transit. Optimism and growth impulses are tempered by the need for discipline, realistic planning, and responsible management of resources. This phase favors refining ambitions into sustainable projects—cutting excess, setting clear milestones, and building systems that support steady development. You may need to balance risk and prudence, commit to long-term learning or financial planning, and accept slower but more secure progress. Properly managed, initiatives begun or disciplined now can yield durable rewards."
"TransitInterpretations","general|saturn_lilith","Транзитният Сатурн към натална Лилит кани да се срещнете със „дивото“ и сянката под формата на дисциплина и отговорност. Това не е призив за потискане, а за интеграция: да признаете импулсите, страстите и неудобните части от себе си и да им дадете структуриран, етичен израз. Може да се наложи да преосмислите въпроси на власт, сексуалност и лична автономия, като установите ясни граници и съгласие. Има риск от чувство за срам или външна репресия; конструктивният път е чрез честна сянкова работа, граница и прилагане на отговорност към собствената сила.","Transit Saturn to natal Lilith invites a mature encounter with the wild, shadowy parts of the self through responsibility and integration. This transit asks you not to suppress primal impulses but to give them an ethical, structured outlet — acknowledging desires, rebelliousness or taboo aspects and channeling them with accountability. You may need to renegotiate power, autonomy and boundaries in intimate or creative spheres. Shame or external repression can surface; a constructive approach uses disciplined shadow work, clear limits and consensual expression so that previously disowned energy becomes a source of grounded personal authority."
"TransitInterpretations","general|saturn_mars","Транзитен Сатурн към натален Марс: Действието среща граници — амбицията и импулсът често се забавят или се налага да се преформулират. Може да изпитате съпротивления, физическа умора или внезапни пречки, които изискват търпение, по-добра стратегия и постоянство вместо груба сила. Полезно е да канализирате енергията в изграждане на устойчива рутина, постепенни упражнения и планируеми усилия. Приемането на темпото и внимателното разпределяне на ресурсите могат да превърнат ограниченията в източник на устойчив напредък.","Transit Saturn to Natal Mars: Drive and initiative may be slowed by external limits or internal caution during this transit. You might face obstacles, delays, or increased responsibility that require patience, refined strategy, and steady effort rather than forceful bursts. Physical stamina and disciplined training are favored over impulsive action. Reframe setbacks as invitations to structure your goals, pace yourself, and build endurance; with consistent work and realistic timelines, challenges can solidify into reliable momentum and long-term capability."
"TransitInterpretations","general|saturn_mercury","Транзитен Сатурн към натален Меркурий: Мисленето и комуникацията придобиват сериозен, структуриран тон. Идеите и договорите се подлагат на проверка за практичност; възможни са забавяния, критични бележки или нужда от повече документация. Това е добър момент за продължителни изследвания, разработване на планове и внимателно формулиране на мнения. Избягвайте прекален песимизъм — дисциплинираният подход и систематичната работа могат да доведат до трайни умения и уважение в интелектуалната ви сфера.","Transit Saturn to Natal Mercury: Thought processes and communication tend to become more serious, structured, and detail-oriented. Ideas, contracts, and plans may be tested for feasibility, and you might face delays, stricter feedback, or the need for clearer documentation. This transit favors careful research, disciplined study, and long-term intellectual projects where precision matters. Avoid getting stuck in pessimism; steady, methodical work now can strengthen your mental skills, credibility, and the practical impact of your ideas."
"TransitInterpretations","general|saturn_moon","Транзитен Сатурн към натална Луна: Емоционалната сфера и вътрешната сигурност могат да се окажат под напрежение — често се поставят граници, които разкриват стари, нефункционални модели на чувстване. Домът, грижата и близките отношения могат да преминат през период на тестове и преструктуриране. Това е възможност да изградите по-здрава емоционална база чрез рутинни практики, ясно изразени нужди и поемане на отговорности, но също и място за грижа към себе си, ако се появи умора или тъга. Поемайте стъпки за стабилност, дори когато напредъкът е бавен.","Transit Saturn to Natal Moon: Emotions, security, and domestic life may feel constrained or pressured under this transit. Old emotional patterns often surface to be reassessed, and relationships around home or caregiving can be tested. While this can bring feelings of heaviness or withdrawal, it also offers the chance to build greater emotional resilience through routines, boundary-setting, and honest conversations about needs. Prioritize practical self-care, realistic expectations, and gradual restructuring of your domestic arrangements to create a steadier inner foundation."
"TransitInterpretations","general|saturn_neptune","Транзитният Сатурн към натален Нептун среща мечтите с реалността и може да изчисти илюзиите, които са поддържали надеждите ви. Това е подходящ период да прецените духовните и творчески стремежи чрез практичен филтър: кое има реален потенциал, кое е утешително ескапистично и кое се нуждае от ограничение или структуриране. Може да изникне желание да придадете форма на въображението — например чрез рутина, обучение или колаборации. Внимавайте за цинизъм или прекалена самокритика; целта е не да убивате визията, а да я направите жизнеспособна и устойчива.","Transit Saturn to natal Neptune brings dreams into contact with reality and often dissolves comforting illusions. This clarifying phase invites you to evaluate spiritual, creative or idealistic commitments through a pragmatic lens: what is viable, what is escapist, and what needs structure. You may be called to give form to imagination — through practice, disciplined study, or concrete collaborations — rather than abandoning idealism. Guard against becoming overly cynical or rigid; the aim is to refine and anchor your vision so it can be expressed responsibly and sustainably, supporting both meaning and practical outcomes."
"TransitInterpretations","general|saturn_pluto","Транзитният Сатурн към натален Плутон често предизвиква дълбоки, структурни промени под трайно натоварване. Старите динамики на власт, контрол и психологически блокажи може да бъдат систематично демонтирани — понякога чрез кризи или интензивни тестове. Този период изисква устойчивост, честен самоанализ и възможно реструктуриране на ресурси, отношения и лични граници. Рисковете включват прекомерно потискане или стремеж към тирания; конструктивният път е да използвате дисциплината за трансформация, която освобождава енергията и създава по-дълбока, трайна автономия и интегрирана сила.","Transit Saturn to natal Pluto often triggers deep, structural transformation under sustained pressure. Power dynamics, control patterns and psychological blockages may be methodically dismantled — sometimes through intense tests or endings. This transit calls for resilience, sober self-examination and careful restructuring of resources, commitments and boundaries. The danger is either repression or an attempt to dominate; a healthier response is to apply disciplined effort toward regeneration, using limits to catalyze empowerment rather than further repression. Over time this can produce profound, durable change in how you wield influence and steward your inner resources."
"TransitInterpretations","general|saturn_rahu","Транзитният Сатурн към натален Раху (северен възел) подсказва, че растежът по еволюционния ви път изисква дисциплина и ангажираност. Скъсяване на пътя чрез хитрости или бързи решения обикновено не работи — сега се търси упорита, структурирана работа и изграждане на умения, мрежи и ресурси в дългосрочен план. Темите могат да включват кариера, обществен статус, обучение или изпълняване на „кармични“ задачи. Наградите обикновено са реални и трайни, но се постигат чрез последователност, план и приемане на отговорността за собственото развитие.","Transit Saturn to natal Rahu (North Node) suggests that growth along your evolutionary path requires disciplined, committed effort. Shortcuts, clever fixes or avoidance are unlikely to serve you now; what matters is consistent work, skill-building and the development of structures, networks and resources over time. Themes may involve career, public roles, learning, or meeting responsibilities that feel karmic or destiny-linked. Rewards tend to be real and lasting, but they come through persistence, deliberate planning and owning your obligations rather than trying to bypass them."
"TransitInterpretations","general|saturn_saturn","Транзитният Сатурн към натален Сатурн (завръщане на Сатурн около ~29 и ~59 г.) често бележи преход към зрялост и поемане на пълната отговорност за живота. Появяват се теми като дългосрочни избори, професионални ангажименти, финансово планиране и установяване на здрави граници. Може да се усеща като изпитание или огледало на това, което не работи — старите роли и структури трябва да бъдат освободени или преосмислени. Практически подходи като системно планиране, терапия, и опростяване на задълженията подпомагат процеса. Резултатът може да бъде по-стабилна, автентична интеграция на възрастовите отговорности и дългосрочна автономия.","Transit Saturn to natal Saturn (Saturn Return at ~29 and ~59) often signals a major turning point toward maturity and responsibility. It brings themes of long-term commitments, career restructuring, financial accountability and clearer personal boundaries. This period can feel like an examination: outdated roles and structures are exposed and may need to be released or redesigned. Practical, disciplined work — planning, honest assessment of obligations, therapy or skills-building — usually helps. Tensions between obligation and desire can arise, but meeting them steadily can yield a firmer, more authentic foundation for the next life chapter and more sustainable independence."
"TransitInterpretations","general|saturn_sun","Транзитен Сатурн към натално Слънце: Това е време на сериозна реорганизация на идентичността и публичната роля. Често ще срещате изисквания и граници, които показват къде трябва да пораснете — в отговорностите, ритуалите или структурата на ежедневието. Може да се появи чувство на натиск или уединение, но чрез последователност и дисциплина постигате трайно укрепване на авторитета си. Използвайте периода за установяване на реалистични цели, за изчистване на енергията от несъществени ангажименти и за развиване на устойчиво самочувствие.","Transit Saturn to Natal Sun: Expect a phase of maturing where identity, role, and reputation are tested and refined. Responsibilities, limits, and responsibilities often come into sharper focus; you may feel pressured or more solitary as you’re asked to act with greater accountability. This transit rewards steady effort, realistic planning, and the willingness to prune what no longer serves your long-term aims. By accepting constraints and cultivating discipline, you can consolidate your sense of self and build lasting credibility and achievement."
"TransitInterpretations","general|saturn_uranus","Транзитният Сатурн към натален Уран поставя нуждата от свобода и необходимостта от структура в продуктивно напрежение. Може да почувствате желание за радикална промяна, но също и необходимост да я направите устойчива и безопасна. Това е време да преструктурирате начина, по който изразявате индивидуалността си — да внедрите иновации в ежедневието, работата или отношенията, без да жертвате опорите, които държат живота ви функционален. Опасността е в прекалената ригидност или импулсивни раздяли; балансирайте независимостта с реални планове, постепенни експерименти и практични резерви.","Transit Saturn to natal Uranus often creates a productive tension between the drive for freedom and the need for stability. You may feel compelled to break patterns, innovate or claim greater independence, while also needing structures that make such changes sustainable. This transit invites you to redesign how you express individuality — updating routines, introducing new technologies or boundaries, and making creative projects more reliable. Beware two extremes: stubborn rigidity or reckless rebellion. Aim for incremental experiments, contingency plans and disciplined follow-through so freedom can be integrated responsibly rather than fleetingly."
"TransitInterpretations","general|saturn_venus","Транзитен Сатурн към натална Венера: Любовта, ценностите и финансите могат да влязат в период на ревизия и узряване. Партньорствата се срещат с изисквания за сериозност и устойчивост; повърхностните или несподелените отношения често се разкриват като непригодни. Финансовите решения изискват планиране, дисциплина и дългосрочна перспектива. Макар да има риск от чувство на лишение или охлаждане, правилно поставените граници и поетите ангажименти могат да доведат до стабилност и по-здрава самооценка.","Transit Saturn to Natal Venus: Relationships, values, and financial matters often undergo a maturing process. Partnerships may require greater commitment and realism, and superficial connections can fall away while durable ones deepen through shared responsibility. Money matters call for careful budgeting, long-term planning, and restraint rather than impulse. This transit can feel sobering, perhaps even limiting, but it also offers the chance to build lasting relationship structures and a more grounded sense of self-worth if you apply steady, pragmatic care."
"TransitInterpretations","general|sun_chiron","Транзитно Слънце към Натален Хирон: Изплува нежност към уязвимите части на идентичността — старите рани свързани с видимост, приемане и самооценка могат да бъдат активирани. Този транзит предлага възможност за съзнателно лечение и за изследване на начина, по който представяте себе си на другите. Може да почувствате покана да изцелявате чрез споделяне на опита си или чрез създаване на безопасни рамки за ранимост. Поддържащите връзки и терапевтичните подходи са полезни; избягвайте самокритика и дайте време за постепенна интеграция.","Transit Sun to Natal Chiron: Tenderness toward vulnerable parts of your identity may surface — old wounds around visibility, acceptance and self-worth can be touched. This transit invites conscious healing and a closer look at how you present yourself to others. You might find opportunities to heal by sharing your story, creating safe spaces for vulnerability, or seeking therapeutic support. Be gentle with self-judgment and allow gradual integration rather than expecting instant fixes. Nurturing relationships and reflective practices can turn sensitivity into a source of wisdom and authenticity."
"TransitInterpretations","general|sun_jupiter","Транзитно Слънце към Натален Юпитер: Настъпва разширение на увереността и чувството за възможности — удовлетворението и оптимизмът могат да се увеличат. Това е благоприятен период за започване на нови начинания, представяне пред публика или поемане на обмислени, вдъхновени рискове. Внимавайте за склонност да преувеличавате или да подценявате детайлите; растежът е по-устойчив, когато комбинирате ентусиазъм с разумен план. Потърсете възможности за учене, менторство и социални контакти — те често отварят допълнителни врати през този транзит.","Transit Sun to Natal Jupiter: Confidence and a sense of possibility expand — you may feel luckier, more generous and inclined to take inspired risks. This transit favors new beginnings, public presentation and opportunities for learning or broadening your horizons. Be cautious of overconfidence or overlooking details; growth tends to be steadier when optimism is paired with a realistic plan. Seek mentorship, networking and educational opportunities — these often amplify the benefits of this period. Aim to balance big-picture vision with practical follow-through for the best results."
"TransitInterpretations","general|sun_lilith","Транзитно Слънце към Натална Лилит: Подтиснати, по-дивашки или табуизирани страни от вашата идентичност могат да излязат наяве и да искат признание. Може да почувствате силно желание да заявите нещо, което обикновено прикривате — да шокирате, да провокирате или просто да бъдете по-непосредствени. Поканата е да търсите интеграция и искреност, а не внимание чрез представяне. Практически: насочете енергията в творческо изразяване, писане или интимен разговор; уважавайте границите и съгласието; и разгледайте кои части от „сенчестото“ са ценни, когато бъдат включени конструктивно.","Transit Sun to Natal Lilith: Unexpressed, wilder, or taboo parts of identity may surface and seek recognition. You might feel compelled to reveal something you usually keep hidden — to provoke, to shock, or simply to be more raw. The opportunity is to integrate those facets with honesty rather than performative spectacle. Practical guidance: channel the intensity into creative work, fearless journaling, or a candid conversation; respect boundaries and consent; and reflect on which ‘shadow’ qualities can be reclaimed productively rather than acted out impulsively."
"TransitInterpretations","general|sun_mars","Транзитно Слънце към Натален Марс: Енергията и желанието за действие нарастват — може да се чувствате по-активни, целеустремени и готови да отстоявате себе си. Това е подходящо време да канализирате прилива на жизненост в конкретни проекти, физически упражнения или инициативи, които изискват смелост. Внимавайте за склонност към нетърпение, импулсивност или конфликти; ако енергията не намери конструктивен изход, тя може да предизвика раздразнение или изтощение. Практики за заземяване, ясни граници и кратки физически паузи помагат да използвате този транзит продуктивно.","Transit Sun to Natal Mars: Energy and drive intensify — you may feel more active, decisive and ready to assert yourself. This transit favors directing that vitality into concrete projects, physical activity, or initiatives that require courage. Be mindful of impatience, impulsiveness or unnecessary friction; if the energy lacks focus it can show up as irritability or burnout. Use grounding practices, short bursts of effort, and clear boundaries to channel this fire constructively. Reflect on where a focused push can make real progress rather than reacting to every provocation."
"TransitInterpretations","general|sun_mercury","Транзитното Слънце към наталния Меркурий създава подходящ момент, в който мисълта и идентичността се синхронизират — комуникацията става по-ясна и влиятелна, а думите ви носят повече увереност. Отлично време за презентации, важни разговори, писане или кратки пътувания, които раздвижват идеи. Внимавайте за склонност към монолог или преувеличаване; слушането остава важно. Практически: структурирайте ключовите си послания, запишете аргументите си, използвайте този период за убедителни изявления и за изглаждане на недоразумения.","Transit Sun to Natal Mercury creates a phase where thought and identity align — communication feels clearer and more assertive, and your words carry extra weight. It’s an excellent time for presentations, negotiations, publishing short-form work, or travel that advances ideas. Watch for tendencies toward domination of the conversation or overconfidence; active listening remains crucial. Practical steps: refine your key messages, outline talking points, use this window for persuasive exchanges, and clear up misunderstandings while your ideas receive extra attention."
"TransitInterpretations","general|sun_moon","Транзитното Слънце към наталната Луна поставя волята и емоциите в непосредствен диалог — може да получите яснота за това от какво наистина имате нужда емоционално и къде правите компромиси. Семейни или домашни въпроси и феминни фигури често изпъкват. Може да почувствате желание да грижите за другите или да поискате повече внимание. Практически: посветете време на разговори, които изясняват очакванията, практикувайте самообгрижване и приемете, че емоционалните нужди могат да се променят; нека решенията в отношенията да идват от откровен диалог.","Transit Sun to Natal Moon puts conscious will into direct conversation with your emotional needs — you may gain clearer insight into what truly nurtures you versus what you’re merely accustomed to wanting. Home, family and maternal figures often come into focus. You might feel drawn to provide care or to request more emotional support. Practical advice: have heartful conversations to clarify expectations, prioritize self-care practices, and accept that emotional needs can shift; aim for decisions in relationships that arise from honest exchange rather than reactive feeling."
"TransitInterpretations","general|sun_neptune","Транзитно Слънце към Натален Нептун: Интуитивността и чувствителността се усилват — границите между вътрешния и външния свят могат да станат по-прозрачни. Това е благоприятен период за творчески и духовни практики, състрадателни връзки и вдъхновение. В същото време има риск от объркване, идеализиране или избягване на практичните задачи. Избягвайте взимането на важни решения при неяснота; използвайте този транзит за мечтаене, въображение и вътрешно изцеление, но проверявайте реалността с конкретни факти преди ангажимент.","Transit Sun to Natal Neptune: Intuition and sensitivity deepen — the boundary between inner and outer realities may feel more porous. This transit supports creative, spiritual and compassionate work, and it can open access to imaginal resources and subtle guidance. At the same time, there is a risk of confusion, wishful thinking or avoiding practical responsibilities. Avoid making binding decisions in a fog; use this time for reflection, artistic exploration and inner healing, while grounding imaginative insights by checking facts and seeking clear advice before committing to major actions."
"TransitInterpretations","general|sun_pluto","Транзитно Слънце към Натален Плутон: Започва дълбока трансформация на самовъзприятието и личната власт — вътрешни и външни динамики на контрол и подмяна могат да излязат на повърхността. Това е мощен период за изоставяне на остарели идентичности и за възстановяване на автентична сила. Конфронтациите могат да бъдат интензивни, но и възможност за освобождение, когато ги осъзнаете и трансформирате. Работете с границите, тъмните аспекти и интеграцията на силата, за да избегнете манипулация и да излезете по-цялостни и уверени.","Transit Sun to Natal Pluto: Deep transformation of identity and personal power is underway — issues of control, hidden motives and renewal may surface. This transit can intensify confrontations and bring up material that invites profound inner work and letting go of outdated self-concepts. While experiences may feel extreme, they offer a chance to reclaim authentic authority and shed limiting patterns. Attend to boundaries, shadow aspects and integration rather than reacting with force. Thoughtful confrontation and honest inner inquiry can convert intensity into durable empowerment and greater psychological resilience."
"TransitInterpretations","general|sun_rahu","Транзитно Слънце към Натален Раху: Появяват се възможности, които отразяват посоката на растеж и съдържание в живота ви — усещането за съдбовна подкана може да се засили. Вселената може да ви насочи към преживявания, които са едновременно вълнуващи и непознати; това е момент да изследвате нови пътища и да приемете елемент на риск в служба на по-голямото развитие. Внимавайте за склонност към обсебване от външна признателност или прекалено бързи решения. Балансирайте стремежа към растеж с разсъдителен анализ и избори, които отразяват вашите ценности.","Transit Sun to Natal Rahu: Opportunities aligned with the direction of your soul’s growth may arrive — you may feel a sense of fated momentum toward unfamiliar territory. This transit often points to experiences that expand your horizons and challenge you to embrace novelty as a catalyst for development. While excitement can be energizing, guard against fixation on external validation or impulsive moves. Balance a willingness to explore with thoughtful discernment: try new paths that resonate with your deeper values, remain curious, and build practical steps to integrate unfamiliar opportunities into your longer-term journey."
"TransitInterpretations","general|sun_saturn","Транзитно Слънце към Натален Сатурн: Реалността среща амбицията — идва период, който насочва към отговорност, дисциплина и дългосрочно мислене. Възможно е да усетите необходимост да прегледате ангажиментите си, да наложите граници и да положите устойчив труд за постигане на целите. Този транзит често възнаграждава постоянството, но може да донесе и усещане за тежест или забавяне. Използвайте времето за структуриран план, изчистване на приоритетите и изграждане на здрави навици. Приемането на ограниченията като рамка за растеж помага да превърнете предизвикателствата в резултати.","Transit Sun to Natal Saturn: Reality meets ambition — you may be called to step into greater responsibility, discipline and long-term planning. This transit often highlights where structures, limits or sustained effort are needed to achieve meaningful goals. Expect a tendency toward seriousness or delays; progress may come through steady, incremental work rather than quick wins. Use this time to clarify priorities, set firm boundaries and establish practical routines. Treat limits as tools for focus and build reliable systems that support your ambitions; the effort invested now can yield durable rewards."
"TransitInterpretations","general|sun_sun","Транзитното Слънце към наталното Слънце често функционира като ваш личен новогодишен импулс — носи прилив на енергия, самоувереност и ясност на намеренията. Това е кратък, но мощен период за поставяне на цели за следващата година, стартиране на проекти и ревизия на личните приоритети. Внимавайте за претоварване на егото и за прибързани обещания. Практически: формулирайте 3–5 конкретни намерения, започнете ритуал или план, който да поддържа фокуса ви през следващите месеци, и използвайте това време за видим старт, а не за крайни решения.","Transit Sun to Natal Sun often functions as a personal new-year impulse — bringing a boost of vitality, confidence and clarity about intentions. It’s a short but potent window for setting goals for the year ahead, launching initiatives and realigning priorities. Be mindful of ego-driven excess or making hasty promises. Practical steps: identify three to five realistic intentions, begin a ritual or plan to sustain momentum, and treat this phase as an auspicious starting point rather than a moment for irrevocable commitments."
"TransitInterpretations","general|sun_uranus","Транзитно Слънце към Натален Уран: Възниква внезапно желание за свобода и по-автентично себеизразяване — рутината може да ви дразни и да търсите нови начини да се освободите. Промените по време на този транзит често са неочаквани и могат да доведат до пробиви, прозрения или непредвидени възможности. Внимавайте за склонност към импулсивни решения или излишна бунтарска позиция; най-плодотворни са промените, които комбинират иновация с осъзнатост. Оставете пространство за експерименти, но планирайте и резервни варианти при внезапни обрати.","Transit Sun to Natal Uranus: A sudden urge for freedom and authentic self-expression may surface — routine can feel stifling and you may seek new ways to break out. Changes under this transit are often unexpected and can spark breakthroughs, insights or surprising opportunities. Watch for impulsivity or contrarian reactions; the most productive shifts pair innovation with awareness. Allow room for experimentation while keeping contingency plans for rapid reversals. Embrace fresh approaches that expand your sense of possibility without discarding practical considerations."
"TransitInterpretations","general|sun_venus","Транзитното Слънце към наталната Венера осветява темите на любовта, красотата и социалните връзки — самочувствието ви блести през взаимоотношенията и творческата изява. Това е благоприятен момент за изразяване на признателност, за романтични жестове, творчески проекти и за подобряване на естетиката в заобикалящото ви пространство. Внимавайте за изкушението да търсите външно потвърждение или да изглеждате прекалено прилепчиви. Практически: планирайте среща, посвещавайте време на изкуство или красота, и използвайте чарa си умишлено, за да укрепите важни връзки.","Transit Sun to Natal Venus highlights love, beauty and social harmony — your sense of self often shines through relationships and creative expression. It’s a favorable period for giving thanks, romantic gestures, aesthetic improvements and launching artful projects. Be mindful of seeking too much external validation or slipping into people-pleasing. Practical steps: arrange quality time with important others, invest in creative or beautifying activities, and use your increased charm intentionally to deepen connections rather than to avoid conflict."
"TransitInterpretations","general|uranus_chiron","Транзитен Уран към натален Хирон: Раната, която носите, може да бъде изненадващо нарушена и разбудена с цел освобождение и прераждане. Старите начини за справяне често се оказват неработещи; на тяхно място идват неочаквани прозрения, експериментални методи за лечение и шокови, но освобождаващи срещи. Този транзит може да отвори пространство за нова, по-автентична интеграция на болката, но и да доведе до колебания или рецидиви. Полезно е да имате практика за заземяване, подкрепяща общност и търпение към процеса на пробив и възстановяване.","Transit Uranus to natal Chiron: Your wound may be jolted awake in service of liberation and new forms of healing. Old coping strategies often break down, making room for sudden insights, unconventional therapies, and disruptive encounters that invite repair in unexpected ways. This transit can catalyze breakthroughs but may also bring instability or resurfacing pain before integration. Helpful approaches include grounding practices, supportive relationships, and gentle experimentation with alternative modalities — treat surprises as invitations to reshape how you hold and heal your vulnerability."
"TransitInterpretations","general|uranus_jupiter","Транзитен Уран към натален Юпитер: Възможности за внезапно разширение и освобождаващи шансове често се появяват неочаквано. Това може да включва нови пътища за учене, пътуване, бизнес пробиви или промяна на философията и вярата ви. Има склонност към оптимизъм и риск, така че може да се почувствате вдъхновени да поемете големи начинания — понякога прекалено бързо. Практически подход: бъдете любопитни и отворени, но проверявайте детайлите; разделяйте ентусиазма на управляеми стъпки и се опитвайте да интегрирате новите възможности в по-широката си житейска стратегия.","Transit Uranus to Natal Jupiter: Expect sudden opportunities for growth, freedom, and expanding horizons. New learning paths, travel, business breakthroughs, or shifts in belief systems can arrive unexpectedly. This is a time of optimistic risk-taking and widened vision, but it can also foster overconfidence or scattering of resources. Practical advice: welcome experimentation and take chances selectively; verify details before committing, break big ventures into manageable steps, and integrate newfound freedom into a longer-term plan so sudden gains can be sustained rather than fleeting."
"TransitInterpretations","general|uranus_lilith","Транзитен Уран към натална Лилит: Дивото, неукротимо Аз може да бъде освободено и значително усилено. Потиснати желания, инстинкти и бунтарски импулси често изплуват на повърхността, настоявайки за автентично изразяване. Този транзит насочва към прекъсване на социални и вътрешни ограничения, но може да доведе и до конфликтни ситуации в отношенията, ако свободата застрашава граници на другите. Полезен подход е да канализирате интензитета чрез творчество, ритуали и ясни граници — така можете да изследвате своята сила, без да саботирате важни връзки.","Transit Uranus to natal Lilith: The wild, untamed self can be powerfully liberated and amplified. Repressed desires, instincts, and rebellious impulses often surface and demand authentic expression. This transit points to breaking social and self-imposed restraints, reclaiming autonomy and erotic or creative power. It can, however, destabilize relationships if expressed without awareness of others’ limits. Constructive options include channelling intensity into art, activism, or embodied practices, setting clear boundaries, and reflecting on ethical ways to assert freedom while preserving meaningful connections."
"TransitInterpretations","general|uranus_mars","Транзитен Уран към натален Марс: Един електризиращ и понякога рисков период за волята и инициативата. Импулсът към действие често е внезапен, решителен и нетрадиционен; това може да донесе пробиви, но и конфликти или неочаквани инциденти, ако не се внимава. Насочете енергията в добре планирани експерименти, спорт, иновационни проекти или групова активност. Практически съвет: проверявайте безопасността, избягвайте прибързани конфронтации, използвайте физическа активност за изчистване и помислете преди да предприемете драстични ходове.","Transit Uranus to Natal Mars: This transit brings electrified, sudden drives to act—bold, innovative, and sometimes reckless. You may feel a surge of courage and impatience to break habits, start new projects, or confront obstacles, but there's also a higher risk of accidents, abrupt conflicts, or impulsive choices. Constructive channels include physical exercise, cutting-edge projects, or strategic risk-taking with safeguards. Practical guidance: pause to plan before acting, use movement to discharge excess tension, and aim impulses at creative problem solving rather than reactive confrontation."
"TransitInterpretations","general|uranus_mercury","Транзитен Уран към натален Меркурий: Умът получава внезапни прозрения, необичайни идеи и желанието да говорите или да пишете по нов начин. Интелектуалната енергия е бърза, неконвенционална и понякога разпилена; може да се чувствате блестящо интуитивни, но и по-импулсивни в комуникацията. Практически съвети: записвайте идеи веднага, но отлагайте важни решаващи съобщения докато ги проверите. Насочете менталното напрежение в проекти за иновация, технологии или мозъчна разгрявка и използвайте структурирани паузи, за да избегнете объркване или недоразумения.","Transit Uranus to Natal Mercury: Your mind may receive sudden flashes of insight, unconventional ideas, and a drive to communicate differently. Mental energy tends to be quick, inventive, and occasionally scattered; you can feel brilliant and restless at once. Practical guidance: capture spontaneous thoughts but pause before sending important messages or making commitments. Channel this electricity into brainstorming, experimental writing, tech projects, or learning something that stretches your thinking. Grounding rituals, short walks, or focused breathing can help you translate rapid inspiration into useful outcomes rather than impulsive missteps."
"TransitInterpretations","general|uranus_moon","Транзитен Уран към натална Луна: Период на внезапни промени в емоционалния живот, в дома или в ежедневните семейни порядки. Старите емоционални навици и модели често се разклащат, за да освободят място за повече автентичност и емоционална свобода. Може да усещате едновременно вълнение и несигурност — настроенията да се променят бързо и интимните връзки да изискват нови граници. Практически приложения: поддържайте гъвкавост, намерете заземяване чрез рутинни практики, записвайте вътрешните си реакции и експериментирайте с нови начини да изразявате привързаност, вместо да взимате рязки решения в изблик на емоция.","Transit Uranus to Natal Moon: A time of sudden shifts in your emotional life, home, or domestic routines. Old emotional patterns often get disrupted to make room for greater authenticity and emotional freedom. You may feel both exhilarated and unsettled as moods change quickly and close relationships ask for different boundaries. Practical themes include learning to tolerate unpredictability, experimenting with new ways of caring, and avoiding impulsive breakups or moves. Grounding practices, journaling feelings, and channeling restlessness into creative or community projects can help you integrate the urge for independence without severing what truly matters."
"TransitInterpretations","general|uranus_neptune","Транзитен Уран към натален Нептун: Духовните и вътрешните ви възприятия могат да претърпят внезапно разширение или разрушаване на остарели идоли и илюзии. Може да изпитате внезапни мистични прозрения, силно въображение или да се отворите към нови форми на състрадание и творчество; има и риск от объркване, идеализация или заблуда. Практически насоки: практикувайте разпознаване на реалността — проверявайте факти, поддържайте заземяване чрез рутина и творчески израз, и бъдете внимателни към обещания за лесно духовно „освобождение“.","Transit Uranus to Natal Neptune: Expect liberating disruptions in spiritual perceptions, imagination, and ideals. Old spiritual frameworks that feel limiting may dissolve, opening access to sudden mystical insights, artistic inspiration, or shifts in compassion. However, boundaries can blur and confusion or idealization is possible. Practical advice: stay discerning—verify claims and maintain grounding practices, use creative or healing work to integrate visionary experiences, and avoid rash spiritual commitments. This transit can expand your sensitivity to the numinous while urging careful integration of insight into everyday life."
"TransitInterpretations","general|uranus_pluto","Транзитен Уран към натален Плутон: Поколенчески енергии на революция и трансформация се активират в личния ви живот. Може да преживеете внезапни размествания на властови структури — външни или вътрешни — които разкриват остарели модели и предизвикват радикална промяна. Този период често носи мощни пробиви, но и напрежение; конфликтите могат да служат като катализатор за освобождаване от контролиращи ситуации. Практически: разгледайте къде държите властта си, планирайте постепенни преобразувания и потърсете подкрепа, за да канализирате енергията конструктивно и да избегнете импулсивни разрушения.","Transit Uranus to natal Pluto: Generational forces of revolution and deep transformation stir in your personal life. Sudden upsets to power dynamics — external or internal — can expose outdated patterns and push you toward radical change. This transit often brings intense breakthroughs alongside friction; tensions may act as catalysts for releasing control and reclaiming autonomy. Practical guidance: notice where power is concentrated, prioritize structural change rather than impulsive demolition, and enlist support so upheaval becomes purposeful transformation rather than chaotic rupture."
"TransitInterpretations","general|uranus_rahu","Транзитен Уран към натален Раху: Еволюционният ви път може да се ускори драстично и неочаквано. Това, което беше постепенен наклон към съдбата, често се превръща в рязък скок — възможности и обрати идват внезапно и изискват адаптация. Може да се отвори шанс за радикална промяна на посоката, нови начинания или срещи, които изглеждат съдбовни. Внимавайте за импулсивни решения и заскачания в рисковани сценарии; полезно е да преценявате внимателно възможностите, да експериментирате стратегически и да задържите вътрешна ясност относно истинските ви стремежи.","Transit Uranus to natal Rahu: Your evolutionary path may accelerate dramatically and unexpectedly. What felt like a slow pull toward destiny can turn into an electric leap — sudden opportunities, detours, and fated encounters may push you to change direction quickly. This transit often favors experimentation, bold moves, and breaking repetitive patterns, but it can also prompt impulsive choices that lead off-course. Pause before committing to major shifts, test new avenues thoughtfully, and keep sight of long-term growth so sudden momentum serves your deeper trajectory rather than a reactive escape."
"TransitInterpretations","general|uranus_saturn","Транзитен Уран към натален Сатурн: Конфликт между нуждата от свобода и съществуващите структури може да доведе до радикални преструктурирания. Установените правила, задължения или институционални рамки често се разклащат — понякога чрез криза, друг път чрез ясно прозрение. Това е момент да прецените кои отговорности са истински ваши и кои сте поели по инерция. Практически насоки: запазете финансова и правна осведоменост, планирайте преходите на стъпки, и изградете нови, по-гъвкави структури, които съчетават отговорност с нуждата от иновация.","Transit Uranus to Natal Saturn: This transit shakes established structures and tests whether your obligations and limits still serve you. Longstanding duties, institutions, or plans may be disrupted so you can rebuild on more authentic foundations. Tension between responsibility and the urge for freedom can be intense; some constraints will be renegotiated, others dismantled. Practical guidance: stay attentive to legal and financial realities, avoid rash abandonment of long-term commitments, and redesign systems incrementally so they allow innovation while preserving essential stability."
"TransitInterpretations","general|uranus_sun","Транзитният Уран към натално Слънце често носи внезапно пробуждане на идентичността и призив за по-автентичен израз. Може да се случи внезапна промяна в посоката, ролите или начина, по който се представяте пред света; старите самонагласи може да се разпаднат, за да направят място на по-непосредствено и оригинално Аз. Този процес може да бъде освобождаващ, но и дезориентиращ — важно е да запазите опорите, които ви подкрепят (социална мрежа, практики, финанси), докато експериментирате. Приемете непредсказуемостта като възможност за креативна реинвенция, но със здрав разум и внимание към последствията.","Transit Uranus to natal Sun often brings sudden awakenings of identity and a call to more authentic self-expression. You may experience abrupt changes in direction, roles or how you present yourself, as old self-concepts break down to allow a more immediate, original you to emerge. This can be liberating and disorienting — keep supportive anchors (community, routines, finances) while experimenting. Embrace unpredictability as an opportunity for creative reinvention, but balance spontaneity with care for practical consequences and relationships so that innovation becomes sustainable rather than chaotic."
"TransitInterpretations","general|uranus_uranus","Транзитен Уран към натален Уран: Голяма покана за лично обновление — често свързвана с опозиция около 40-годишна възраст или завръщане около 84 години. Това време може да предизвика силно желание за освобождаване от вътрешни и външни окови и да доведе до внезапни преоценки на идентичността и житейската посока. Преживяванията са катализатор за автентичност, но също така могат да бъдат смущаващи или драматични. Практически подход: обмисляйте важните промени, тествайте нови решения в малък мащаб, потърсете подкрепа в общности и използвайте творческата енергия, за да изграждате живот, по-верен на истинските ви стремежи.","Transit Uranus to Natal Uranus: A major invitation to live more authentically—often linked to the midlife Uranus opposition (~40) or a late return (~84). You may experience a powerful urge to break free from old roles, reveal suppressed aspects of identity, or make radical life changes. These shifts can be exhilarating and destabilizing, prompting reinvention. Practical guidance: honor the impulse for change while testing options gradually, seek community support, and channel rebellious energy into creative rebuilding rather than impulsive destruction. This transit encourages a more truthful, self-directed life."
"TransitInterpretations","general|uranus_venus","Транзитен Уран към натална Венера: Период на радикални промени в любовта, вкусовете и финансовите предпочитания. Взаимоотношенията могат да изискват повече свобода, да се трансформират или да приключат, за да се отвори място за по-автентични връзки. Нестандартни привличания и нови естетически вкусове често се появяват, както и неочаквани промени в приходите или харчовете. Практически подход: проучвайте какво ви привлича и защо, поставяйте граници около импулсивни разходи и експериментирайте с творчество и нови социални кръгове вместо да правите драстични промени от реакция.","Transit Uranus to Natal Venus: Love, values, aesthetics, and finances can undergo sudden change. Relationships may call for more freedom, shift form, or end to make space for connections that feel more honest. Unexpected attractions, new tastes, and financial surprises are common. Practical themes include reassessing what you truly value, resisting impulsive purchases or breakups, and experimenting with fresh creative or social expressions. Use curiosity to explore new relationship models and set clear boundaries so you can allow innovation in love without sacrificing essential needs or stability."
"TransitInterpretations","general|venus_chiron","Транзитна Венера към Натален Хирон: Старите рани по въпросите на обичта, достойнството и собствената стойност получават допир и възможност за лечение. Може да се появят ситуации или хора, които нежно подтикват към самосъстрадание и повторно самооценяване. Творческите практики, терапията и подкрепящите връзки често подпомагат процеса. Внимавайте за реактивни модели; поставянето на ясни, но меки граници ще ви помогне да изградите по-здравословни начини на даване и получаване.","Transit Venus to Natal Chiron: Wounds around love, self-worth, and dignity are gently activated with opportunities for healing. Situations or people may surface that invite self-compassion and a revised sense of your own value. Creative expression, therapeutic work, and supportive relationships can be especially helpful now. Be mindful of reactive patterns that replay old hurts; practicing gentle boundaries and self-care allows you to receive care without reenacting pain. This transit can catalyze meaningful repair and a more integrated capacity to love and be loved."
"TransitInterpretations","general|venus_jupiter","Транзитна Венера към Натален Юпитер: Период на разширение в любовта, креативността и финансите. Чувствате се по-щедри, социално привлекателни и склонни да търсите удоволствие и хармония. Това е благоприятно време за романтични срещи, важни социални събития и преговори по материални въпроси — възможни са неочаквани възможности и подкрепа от другите. Внимавайте с прекомерния оптимизъм и разточителството: късметът може да насочи, но практичната преценка все още е нужна.","Transit Venus to Natal Jupiter: A time of expansion in love, creativity, and material prospects. You may feel more generous, attractive in social settings, and inclined to seek pleasure and harmony. This transit often opens doors for romantic meetings, celebrations, and favorable financial negotiations — unexpected support or opportunities can arrive. It encourages optimism and broadening your relationships, but watch for overindulgence and unrealistic expectations. Let the sense of abundance inspire generous choices while keeping practical judgment about money and long-term commitments."
"TransitInterpretations","general|venus_lilith","Транзитна Венера към Натална Лилит: Появява се силно желание за истинска, нецензурирана привързаност и естетика, която приема както светлите, така и тъмните страни. Може да бъдете привлечени от мощни, необичайни или табуизирани хора и форми на изразяване. Този период насърчава интеграцията на личната ви сянка и автентичното привличане, но може да създаде конфликти с по-конвенционалните очаквания. Практикувайте откровеност и уважение към границите, за да не наранявате себе си или другите.","Transit Venus to Natal Lilith: A strong pull toward raw, uncensored attraction and aesthetics that embrace both light and shadow emerges. You may be drawn to powerful, unconventional, or taboo-tinged people and forms of self-expression. This transit encourages integrating your shadow side and honoring authentic desire, yet it can clash with prevailing social expectations or provoke polarized reactions. Aim for candidness combined with respect for boundaries so that exploration of deeper impulses becomes transformative rather than self-sabotaging. Recognize when intensity needs containment and when it can be safely expressed."
"TransitInterpretations","general|venus_mars","Транзитна Венера към Натален Марс: Танц на желание и внимание — романтичната и творческа страст могат да се засилят, а връзките да придобият повече енергия и физическа привлекателност. Появява се по-голяма инициатива в любовта и съвместните проекти; това е добър момент за творческа колаборация или за оживяване на интимността. Възможни са и напрежения между това, което желаете, и това, което оценявате; работете с уважение и ясни съгласия, за да избегнете импулсивни действия или конфликти около ресурсите и вниманието.","Transit Venus to Natal Mars: The dance of desire and attraction intensifies—romantic passion and creative drive often surge, making relationships feel more charged and exciting. You may take bolder initiatives in love, launch energetic collaborations, or bring a sensual edge to artistic work. Tension can arise between impulse and value—what you want versus what you truly cherish—so prioritize consent, clear communication, and mutual respect. Channel the heightened energy into sport, art, or shared projects to transform lustful impulse into constructive forward motion rather than impulsive spending or hurried decisions."
"TransitInterpretations","general|venus_mercury","Транзитна Венера към Натален Меркурий: Любовта и комуникацията се смесват в деликатен и убедителен тон. Изразявате себе си с повече чар и дипломатичност — идеално за романтични съобщения, творческо писане и преговори, където благоразположението тежи. Стихията благоприятства маркетинг, мрежуване и създаване на текстове, които докосват аудиторията. Следете за склонност към ласкателство или повърхностност: искреността и внимателното слушане засилват въздействието и поддържат връзките устойчиви.","Transit Venus to Natal Mercury: Love and communication blend into a persuasive, graceful tone. You speak and write with more charm and diplomacy—well suited for romantic notes, heartfelt copy, negotiations, and social outreach where warmth matters. This transit favors marketing, networking, and any messaging that aims to please or attract. Watch for flattery or superficial polish; genuine listening and sincerity make your words more effective and help build lasting rapport rather than momentary approval."
"TransitInterpretations","general|venus_moon","Транзитна Венера към Натална Луна: Емоционалната топлота и нуждата от комфорт и нежност изпъкват. Домашният живот и близките връзки често се усещат по-уютни и хармонични; грижа за себе си и сетивни удоволствия подхранват емоционалното благополучие. Може да се изкушите към по-голяма зависимост или угаждане, затова е полезно да съчетавате нежността с ясни граници. Практики като готвене, създаване на красиво пространство или споделени моменти с любимите хора подкрепят стабилността на настроението.","Transit Venus to Natal Moon: Emotional warmth, comfort, and a craving for nurturing connection come into focus. Home life and close relationships often feel cosier and more attuned; self-care and sensory pleasures nourish your mood and sense of security. There can be a tendency toward dependency or overindulgence, so balance tenderness with healthy boundaries. Activities like cooking, beautifying your living space, or intentional quality time with loved ones support emotional stability and help you savor gentle pleasures without losing autonomy."
"TransitInterpretations","general|venus_neptune","Транзитна Венера към Натален Нептун: Романтика, състрадание и артистична чувствителност се усилват. Може да виждате хората и връзките през идеализираща призма, да търсите духовна или естетическа близост. Това е плодотворен момент за изкуство, мечти и емпатия, но има риск от заблуди, проекции или финансови неясноти. Практически проверки, ясни граници и внимание към фактите помагат да съхраните здрав разум, докато развивате по-нежна и вдъхновена връзка със себе си и другите.","Transit Venus to Natal Neptune: Romantic sensitivity, compassion, and artistic imagination heighten. You may view others through a rose-colored filter, yearning for spiritual or aesthetic intimacy. This transit is excellent for creative work, dreamwork, and compassionate connection, yet it can blur boundaries and invite projection or confusion in relationships and finances. Grounding practices, clear communication, and pragmatic checks help keep you from overlooking practical realities. Use the heightened empathy to deepen emotional nuance, while staying attentive to facts and your own limits."
"TransitInterpretations","general|venus_pluto","Транзитна Венера към Натален Плутон: Връзките и ценностите навлизат в трансформираща, често интензивна фаза. Теми като власт, ревност и контрол могат да изплуват, но и възможности за дълбоко изцеление, освобождаване и автентична близост. Желанието за истинска връзка и интимност се усилва; това може да доведе до радикална преработка на отношенията или на собствения ви емоционален живот. Подходете с честност, граници и готовност да посрещнете собствените сенки, за да излезете по-свободни.","Transit Venus to Natal Pluto: Relationships and values enter a transformative, often intense phase. Power dynamics, jealousy, and control issues may surface, but so can opportunities for deep healing, release, and more authentic intimacy. Your desire for truth and emotional depth tends to intensify, prompting major changes in how you relate or what you value. This transit supports confronting shadow material and renegotiating boundaries; when handled with honesty and self-awareness it can purge outdated patterns and lead to profound, lasting integrity in love and resources."
"TransitInterpretations","general|venus_rahu","Транзитна Венера към Натален Раху: Момент на нови, често необичайни или съдбовни запознанства и възможности в любовта, кариерата или творчеството. Желанията може да се насочат към неочаквани или чужди за вас области, а привличането към „новото“ е силно. Това позволява разширение и пробване на нетрадиционни пътища, но може и да доведе до илюзия за лесен успех. Добре е да изследвате новото с любопитство, но и да оценявате дългосрочните последствия.","Transit Venus to Natal Rahu: A time of fresh, often unconventional or fated encounters and opportunities in love, career, or creative projects. Your desires may pivot toward unfamiliar or foreign territories, and the appeal of novelty can be strong. This transit can expand horizons and invite experimentation with untried paths, collaborations, or aesthetics. Yet Rahu’s influence can also encourage chasing novelty for its own sake, so balance enthusiasm with discernment and consider longer-term implications before committing to something that feels exciting but untested."
"TransitInterpretations","general|venus_saturn","Транзитна Венера към Натален Сатурн: Любовта и ценностите срещат структура и отговорност. Връзките може да се изправят пред изпитания, които откриват зрелостта и устойчивостта им; това е добър момент за изясняване на очаквания, фиксиране на граници и планиране на бъдещи ангажименти. Финансовите решения също се взимат с по-голяма дисциплина. Процесът може да носи дистанция или тъга, но също така и възможност за стабилна, дълбока връзка, ако се работи с търпение и честност.","Transit Venus to Natal Saturn: Love and values encounter structure and responsibility. Relationships may be tested for their maturity and staying power; this transit favors clarifying expectations, setting healthy boundaries, and taking practical steps toward commitment. Financial matters tend to be handled with greater caution and long-term thinking. While this phase can feel sober or distancing, it also offers the chance to build lasting bonds through patience, clear communication, and reliability. Use it to negotiate realistic terms, repair trust, and strengthen what endures rather than chasing immediate gratification."
"TransitInterpretations","general|venus_sun","Транзитна Венера към Натално Слънце: Чувството за Аз се озарява с мекота и привлекателност — ценностите, самоуважението и начините, по които се представяте, получават приятна поддръжка. Социалните ситуации и срещите често вървят по-леко; харизмата ви може да привлече възможности в любовта, творчеството и публичния живот. Това е добро време да инвестирате в външния вид, в творчески проекти и в отношения, които отразяват същността ви. Внимавайте да не разчитате единствено на външно одобрение—използвайте транзита, за да укрепите вътрешната стойност.","Transit Venus to Natal Sun: Your sense of self is bathed in warmth and attractiveness; values, self-regard, and personal presentation receive a pleasant boost. Social encounters and creative opportunities often flow more easily, and your charm can draw attention in love, art, or public roles. It’s a favorable time to invest in appearance, creative projects, or relationships that reflect who you are. Be mindful not to rely solely on external approval—use this period to align outer expression with inner worth and to cultivate genuine confidence rather than fleeting admiration."
"TransitInterpretations","general|venus_uranus","Транзитна Венера към Натален Уран: Любовта и естетиката стават електрични и неочаквани. Желаете свобода, новаторство и автентичност; може да привлечете хора или проекти, които разчупват старите модели. Съществуващите връзки могат да получат прилив на свежест чрез експеримименти и честни разговори, но и да бъдат изправени пред внезапни промени или нужда от пространство. Бъдете отворени към изненадите, но не бързайте с решения, които могат да нарушат стабилни договорености без размисъл.","Transit Venus to Natal Uranus: Love and aesthetics become electric and unpredictable. You may crave freedom, novelty, and authenticity, attracting people or creative opportunities that break old patterns. Existing relationships can be revitalized by experimentation and honest dialogue, yet abrupt shifts or a sudden need for independence are also possible. This transit supports innovation in partnerships and collaborations, but cautions against impulsive choices that destabilize important commitments. Embrace surprises and follow what expands you, while giving yourself time to assess whether change serves long-term wellbeing."
"TransitInterpretations","general|venus_venus","Транзитна Венера към Натална Венера (Венерино завръщане): Това е естествено време за обновяване на ценностите, естетиката и способността да обичате и да се наслаждавате. Чувствате се по-привлекателни и по-ясни относно това, което ви носи радост. Подходящ период за поставяне на намерения по теми любов, финанси и творческо изразяване — както и за стартиране на проекти, които отразяват новия ви вкус. Практичното измерение включва бюджетиране за удоволствия, планиране на занимания, които ви радват, и ревизия на взаимоотношенията в светлината на обновените приоритети.","Transit Venus to Natal Venus (Venus Return): Values, aesthetics, and your capacity for pleasure and love feel renewed. You may feel more attractive and clearer about what brings you joy. It’s an ideal time to set intentions around relationships, finances, and creative self-expression, and to launch projects that reflect emerging tastes. Tangible actions include budgeting for beauty or leisure, scheduling creative practice, and reassessing partnerships in light of updated priorities. Treat this transit as a yearly recalibration of what you truly value and how you want to experience enjoyment."
