"planet","house","sign","bg","en"
"sun","1","aries","Влизате в стая, преди да сте решил как. Първата ви дума е по-бърза от преценката и обикновено сте прав, но не винаги. Дайте си два удара пауза.","You enter a room before you have decided how. Your first word is faster than your judgement and usually right, though not always. Give yourself two beats of pause."
"sun","1","taurus","Присъствието ви е плътно и спокойно, и хората се отпускат до вас. Не се движите, докато не сте решил. Само не чакайте прекалено дълго.","Your presence is solid and calm, and people relax beside you. You do not move until you have decided. Just do not wait too long."
"sun","1","gemini","Показвате различно лице на различни хора и всичките са истински. Отвън изглежда като непостоянство. Кажете това веднъж и се разбира.","You show a different face to different people and all of them are real. From outside it looks like inconsistency. Say that once and it makes sense."
"sun","1","cancer","Хората усещат по вас как сте, преди да сте казал. Носите настроението си на лицето. Не се извинявайте за това.","People read how you are before you speak. You carry your mood on your face. Do not apologise for it."
"sun","1","leo","Забелязват ви и когато не искате да ви забележат. Заемате повече място, отколкото смятате. Използвайте го, вместо да го криете.","You are noticed even when you would rather not be. You take up more room than you reckon. Use that rather than hiding it."
"sun","1","virgo","Оглеждате се, преди да влезете, и забелязвате какво не е наред. Изглеждате по-критичен, отколкото сте. Кажете и едно добро нещо на глас.","You look things over before you go in, and you notice what is off. You seem more critical than you are. Say one good thing out loud as well."
"sun","1","libra","Съобразявате се с човека срещу вас още от първата секунда. Затова ви е трудно да кажете какво искате вие. Кажете го първо.","You adjust to the person in front of you from the first second. That is why saying what you want is hard. Say yours first."
"sun","1","scorpio","Никой не разбира какво мислите от лицето ви и това ви пази. Отваряте се на малко хора и докрай. Само не проверявайте всеки по три пъти.","Nobody reads your thinking off your face, and that protects you. You open to few people and completely. Just do not test everybody three times over."
"sun","1","sagittarius","Влизате с широк жест и обещавате повече, отколкото ще стигне денят. Хората ви обичат точно за това. Мерете обещанията, не размаха.","You come in with a wide gesture and promise more than the day will hold. People love you for exactly that. Measure the promises, not the sweep."
"sun","1","capricorn","Държите се по-сериозно от възрастта си и винаги е било така. Хората ви дават отговорност веднага. Кажете, когато не я искате.","You carry yourself older than your age and always have. People hand you responsibility at once. Say when you do not want it."
"sun","1","aquarius","Правите нещата по свой начин и обяснението идва после, ако идва. Не се вписвате и не искате. Само не се отделяйте от всички.","You do things your own way and the explanation comes later, if at all. You do not fit in and you do not want to. Just do not stand apart from everybody."
"sun","1","pisces","Настройвате се по стаята и после не знаете кое е било ваше. Границата ви е мека. Казвайте по едно свое нещо на всяка среща.","You tune to the room and afterwards do not know which part was yours. Your edge is soft. Say one thing of your own at every meeting."
"sun","2","aries","Изкарвате бързо и харчите също толкова бързо. Първата сума идва от действие, не от план. Оставяйте по малко, преди да е тръгнало.","You earn fast and spend just as fast. The first money comes from acting rather than planning. Put a little aside before it leaves."
"sun","2","taurus","Държите на своето и не го пускате. Сигурността ви е нещо, което може да се пипне. Само проверявайте дали още го ползвате.","You hold on to what is yours and do not let go. Your security is something you can touch. Just check whether you still use it."
"sun","2","gemini","Имате два прихода и никога само един. Умеете да намерите откъде. Записвайте ги, за да не се губят.","You have two incomes and never only one. You know how to find where from. Write them down, so they do not get lost."
"sun","2","cancer","Спокойни сте, когато има запас в къщата. Празният шкаф ви тревожи повече от празната сметка. Пълнете и двете.","You are calm when the house has a reserve. An empty cupboard worries you more than an empty account. Fill both."
"sun","2","leo","Купувате хубавото, а не изгодното, и не съжалявате. Парите ви са за живот, не за трупане. Дръжте един лимит.","You buy the good thing rather than the cheap one, and you do not regret it. Your money is for living rather than piling up. Keep one limit."
"sun","2","virgo","Знаете точно колко имате и къде е всяка стотинка. Дребният разход ви дразни повече от голямата грешка. Оставете едно нещо непроверено.","You know exactly how much you have and where every coin is. A small expense annoys you more than a big mistake. Leave one thing unchecked."
"sun","2","libra","Парите ви идват през хора и през договор. Сам ви е по-трудно. Пишете условията, докато е приятно.","Your money comes through people and through terms. Alone it is harder. Put the terms in writing while things are pleasant."
"sun","2","scorpio","Не казвате колко имате и това е обмислено. Работите добре с чужди пари. Дръжте документите наред.","You do not say how much you have, and that is deliberate. You work well with other people's money. Keep the papers in order."
"sun","2","sagittarius","Мислите на едро и дребните суми ви убягват. Печелите, когато рискувате. Оставяйте резерв за слабия месец.","You think big and small sums slip past you. You earn when you take a risk. Leave a reserve for the flat month."
"sun","2","capricorn","Строите бавно и всяка година има повече. Не вярвате на бърза печалба. Правилно е — само не си отказвайте всичко.","You build slowly and every year holds more. You do not believe in fast gains. That is right — just do not refuse yourself everything."
"sun","2","aquarius","Изкарвате от нещо, което другите още не правят. Обичайният път ви е тесен. Само дръжте един сигурен приход.","You earn from something others are not doing yet. The usual road is narrow for you. Just keep one steady income."
"sun","2","pisces","Парите ви влизат и излизат, без да ги проследите. Числата ви се размиват. Гледайте сметката на един и същи ден всяка седмица.","Money comes in and goes out without your tracking it. Numbers blur for you. Look at the account on the same day each week."
"sun","3","aries","Казвате го, докато другите се готвят. Отговорът ви е бърз и понякога остър. Изчакайте едно дишане.","You say it while the others are still preparing. Your answer is fast and sometimes sharp. Wait one breath."
"sun","3","taurus","Говорите малко и хората ви вярват точно затова. Не сменяте мнение под натиск. Само кажете нещо и без да ви питат.","You speak little and people believe you exactly because of that. You do not change your mind under pressure. Just say something without being asked."
"sun","3","gemini","Умът ви върви на скокове и стигате до края по три пътя. Хората изостават. Довършете едната мисъл.","Your mind moves in jumps and you reach the end by three roads. People fall behind. Finish the one thought."
"sun","3","cancer","Помните какво е било казано и в кой тон. Разговорът остава у вас с дни. Кажете, когато ви е заболяло.","You remember what was said and in what tone. A conversation stays with you for days. Say when it hurt."
"sun","3","leo","Разказвате така, че стаята слуша. Правите го без усилие и обичате да го правите. Само оставяйте и на другите ред.","You tell it so the room listens. You do it without effort and you like doing it. Just leave the others a turn."
"sun","3","virgo","Обяснявате точно и подробно, и хората разбират от първия път. Понякога подробността е повече от нужното. Спрете на третото изречение.","You explain exactly and in detail, and people get it first time. Sometimes the detail is more than needed. Stop at the third sentence."
"sun","3","libra","Говорите така, че никой да не се засегне, и понякога никой не разбира. Учтивостта размива смисъла. Кажете едното нещо направо.","You speak so nobody takes offence, and sometimes nobody understands. The politeness blurs the meaning. Say the one thing directly."
"sun","3","scorpio","Питате, докато не стигнете под повърхността. Учтивият отговор не ви върши работа. Кажете защо питате и се отваря по-лесно.","You ask until you get under the surface. A polite answer is no use to you. Say why you are asking and it opens more easily."
"sun","3","sagittarius","Говорите за голямото и подробностите ви убягват. Обещавате в разговор и после трябва да го изпълните. Записвайте какво сте обещал.","You talk about the large thing and the details escape you. You promise mid-conversation and then have to deliver. Write down what you promised."
"sun","3","capricorn","Казвате малко и всяка дума ви обвързва. Хората чакат отговора ви и го приемат сериозно. Кажете едно нещо повече от нужното.","You say little and every word binds you. People wait for your answer and take it seriously. Say one thing more than necessary."
"sun","3","aquarius","Мислите различно от стаята и го казвате направо. Понякога изпреварвате с години. Обяснявайте по-бавно.","You think differently from the room and say so outright. Sometimes you are years ahead. Explain more slowly."
"sun","3","pisces","Знаете какво иска да каже човекът, преди да го е казал, и отговаряте на това. Понякога сте се заблудил. Проверявайте с въпрос.","You know what somebody means before they say it, and you answer that. Sometimes you have it wrong. Check with a question."
"sun","4","aries","Вкъщи вие давате хода и всичко тръгва от вашето решение. Мълчанието ви е по-шумно от думите. Кажете какво искате, вместо да го наложите.","At home you set the move and everything starts from your decision. Your silence is louder than your words. Say what you want rather than imposing it."
"sun","4","taurus","Домът ви е за дълго и не го местите лесно. Мебелите, миризмите и редът значат нещо. Само пускайте хора вътре.","Your home is for the long term and you do not move it easily. The furniture, the smells and the order mean something. Just let people in."
"sun","4","gemini","Живели сте на повече от едно място и това ви е нормалното. Домът ви е там, където има разговор. Само оставете нещо да остане на едно място.","You have lived in more than one place and that is normal to you. Home is where the conversation is. Just let something stay put."
"sun","4","cancer","Домът е основата ви и всичко останало идва след него. Усещате къщата с тялото си. Пазете една стая тиха.","The home is your base and everything else comes after it. You feel the house in your body. Keep one room quiet."
"sun","4","leo","Домът ви е отворен и хубав, и вие се радвате, когато е пълен. Гостите ви подхранват. Оставяйте и вечер за никого.","Your home is open and handsome, and you are glad when it is full. Guests feed you. Leave an evening for nobody as well."
"sun","4","virgo","Оправяте къщата и никога не е готова докрай. Виждате всяко петно преди всички. Оставете едно нещо неоправено.","You put the house right and it is never quite finished. You see every mark before anybody. Leave one thing unfixed."
"sun","4","libra","Домът се решава заедно и вие държите на това. Спорът за подредба е спор за равенство. Разделете кой избира какво.","The home is decided together and you hold to that. An argument about arrangement is an argument about equality. Divide who chooses what."
"sun","4","scorpio","Домът ви е крепост и вие решавате кой минава прага. Знаете какво е скрито в стените на рода. Наречете го веднъж.","Your home is a fortress and you decide who crosses the threshold. You know what is hidden in the family's walls. Name it once."
"sun","4","sagittarius","Домът ви е широк или на две места, и тясното ви задушава. Идвате си отдалеч и пак тръгвате. Оставете си адрес.","Your home is wide, or in two places, and the narrow suffocates you. You come back from far away and set off again. Keep an address."
"sun","4","capricorn","Носили сте къщата рано и оттогава не сте спрял. Отговорността ви е стара. Поискайте помощ, преди да сте свършил.","You carried the house early and have not stopped since. Your responsibility is old. Ask for help before you are spent."
"sun","4","aquarius","Домът ви не изглежда като другите домове и това е нарочно. Правилата вътре са ваши. Само обяснете ги на живеещите.","Your home does not look like other homes, and that is deliberate. The rules inside are yours. Just explain them to whoever lives there."
"sun","4","pisces","Домът ви е убежище и там изчезвате за часове. Стените поемат настроението. Отваряйте вратата понякога.","Your home is a refuge and you disappear there for hours. The walls take on the mood. Open the door sometimes."
"sun","5","aries","Започвате нещо и то тръгва от нула за ден. Довършването е другата работа. Дайте едно нещо докрай.","You start something and it moves from nothing in a day. Finishing is the other job. Take one thing all the way."
"sun","5","taurus","Правите с ръце и то остава. Не бързате и не преправяте. Само покажете го, преди да е станало на десет години.","You make things by hand and they last. You do not hurry and you do not redo. Just show it before it turns ten years old."
"sun","5","gemini","Имате три започнати неща и всичките са интересни. Изборът ви е трудното. Изберете едно за месец.","You have three things started and all of them are interesting. Choosing is the hard part. Choose one for a month."
"sun","5","cancer","Създавате от настроение и децата ви усещат това. Радостта ви е домашна и тиха. Не я мерете с чуждата.","You create out of mood, and children feel it. Your gladness is domestic and quiet. Do not measure it against somebody else's."
"sun","5","leo","Правите го, за да го видят, и това не е суета, а гориво. Сцената ви подхожда. Само оставяйте и на другите място.","You do it to be seen, and that is fuel rather than vanity. The stage suits you. Just leave the others room as well."
"sun","5","virgo","Правите точно и до последния детайл, и затова се бавите. Никой друг не забелязва разликата. Пуснете го при девет от десет.","You work exactly and down to the last detail, which is why you are slow. Nobody else notices the difference. Release it at nine out of ten."
"sun","5","libra","Създавате най-добре с още един човек. Сам ви е тихо. Търсете партньор, не публика.","You create best with one other person. Alone is too quiet for you. Look for a partner rather than an audience."
"sun","5","scorpio","Правите нещо силно и не го показвате никому. Страстта ви е скрита и цяла. Покажете едно нещо.","You make something strong and show it to nobody. Your passion is hidden and whole. Show one thing."
"sun","5","sagittarius","Мислите го голямо и започвате от края. Обещавате повече, отколкото ще стигне времето. Свалете го наполовина и го направете.","You think it big and start from the end. You promise more than the time will hold. Halve it and do it."
"sun","5","capricorn","Създавате бавно и трайно, и след години още стои. Не търсите бърз резултат. Само не отлагайте началото.","You create slowly and lastingly, and years later it still stands. You do not look for a fast result. Just do not postpone the start."
"sun","5","aquarius","Правите нещо, което не е правено така. Обичайният начин ви е неинтересен. Само довеждайте го до край.","You make something that has not been made that way. The usual way does not interest you. Just carry it to the end."
"sun","5","pisces","Създавате от въображение и не знаете откъде идва. Работи, когато не мислите. Записвайте го веднага.","You create from imagination and do not know where it comes from. It works when you are not thinking. Write it down at once."
"sun","6","aries","Хващате се веднага и работите бързо. Чакането ви изморява повече от задачата. Спрете, преди да сте се пресилил.","You get straight on with it and work fast. Waiting tires you more than the task. Stop before you overdo it."
"sun","6","taurus","Работите с ръце и с темпо, което издържа цял ден. Не сменяте начина, щом работи. Само проверявайте дали още е най-добрият.","You work with your hands and at a pace that lasts all day. You do not change the method while it works. Just check that it is still the best one."
"sun","6","gemini","Правите две неща наведнъж и се справяте. Едното еднообразно занимание ви приспива. Дръжте задачите различни.","You do two things at once and manage. One repetitive job puts you to sleep. Keep the tasks varied."
"sun","6","cancer","Работата ви трябва да е близо до хора, за които се грижите. Иначе се изтощавате бързо. Изберете мястото по това.","Your work has to be near people you look after. Otherwise you drain fast. Choose the place by that."
"sun","6","leo","Работите по-добре, когато има кой да види. Празната стая ви забавя. Кажете какво сте свършил.","You work better when somebody can see. An empty room slows you. Say what you finished."
"sun","6","virgo","Оправяте това, което другите оставят наполовина. Виждате грешката веднага. Само не поправяйте всичко.","You put right what others leave half done. You see the mistake at once. Just do not fix everything."
"sun","6","libra","Работите добре, когато отношенията са спокойни. Лош тон ви спира за целия ден. Кажете го рано.","You work well when relations are calm. A bad tone stops you for the whole day. Say so early."
"sun","6","scorpio","Влизате в работата, която никой не иска, и я довеждате докрай. Тежкото не ви плаши. Взимайте за него.","You go into the job nobody wants and see it through. The heavy part does not frighten you. Charge for it."
"sun","6","sagittarius","Работата ви иска простор и движение. Едно бюро ви е тясно. Търсете задача с път.","Your work wants space and movement. One desk is tight for you. Look for a job with a road in it."
"sun","6","capricorn","Носите товара и не се оплаквате, и точно затова ви товарят още. Издържате дълго. Кажете спирачката веднъж.","You carry the load without complaining, and that is exactly why more is added. You last a long time. Say the word stop once."
"sun","6","aquarius","Правите работата иначе и излиза по-бързо. Правилата ви дразнят, когато са без причина. Обяснявайте новия начин.","You do the job differently and it comes out faster. Rules irritate you when they have no reason. Explain the new way."
"sun","6","pisces","Работата ви трябва смисъл, иначе тялото отказва. Празната задача ви разболява. Изберете смисъл, не заплата.","Your work needs meaning, otherwise your body refuses. An empty task makes you unwell. Choose meaning rather than salary."
"sun","7","aries","Избирате бързо и после свиквате с избора. Не издържате дълго обмисляне на двама. Дайте на другия време да догони.","You choose fast and then get used to the choice. Long deliberation between two people is more than you can bear. Give the other time to catch up."
"sun","7","taurus","Обвързвате се за дълго и не мислите за изход. Веднъж избран, човекът е ваш човек. Само проверявайте дали още ви е добре.","You bond for the long term and give no thought to an exit. Once chosen, the person is your person. Just check that it is still good for you."
"sun","7","gemini","Трябва ви човек, с когото има за какво да се говори. Мълчаливата вечеря ви изнервя. Кажете го направо.","You need somebody there is something to talk about with. A silent dinner puts you on edge. Say so directly."
"sun","7","cancer","Искате човек, с когото да си направите дом. Близостта за вас е ежедневие, не събитие. Кажете какво значи това.","You want somebody to make a home with. Closeness for you is everyday life rather than an event. Say what that means."
"sun","7","leo","Искате да сте горд с човека до вас и той с вас. Дребното ви разваля повече от голямото. Хвалете го на глас.","You want to be proud of the person beside you, and them of you. Small things spoil it for you more than large ones. Praise them out loud."
"sun","7","virgo","Забелязвате какво може да се оправи в другия и го казвате. Правите го от грижа и не звучи така. Кажете какво харесвате първо.","You notice what could be improved in the other and you say it. You do it out of care and it does not sound that way. Say what you like first."
"sun","7","libra","Тук всичко е на място: двама сте по-цял, отколкото сам. Съобразявате се и очаквате същото. Само кажете какво искате вие.","Here everything sits in place: two makes you more whole than one. You accommodate and expect the same. Just say what you want."
"sun","7","scorpio","Обвързвате се дълбоко или никак. Проверявате човека дълго, преди да го пуснете. Само не проверявайте безкрайно.","You bond deeply or not at all. You test somebody for a long time before letting them in. Just do not test forever."
"sun","7","sagittarius","Трябва ви човек, с когото да гледате нанякъде. Затвореният живот ви убива. Кажете това още в началото.","You need somebody to look somewhere with. A closed-in life kills you. Say that at the beginning."
"sun","7","capricorn","Обвързвате се сериозно и по-скоро късно, отколкото рано. Думата ви е договор. Кажете и мекото понякога.","You bond seriously and later rather than early. Your word is a contract. Say the soft thing sometimes."
"sun","7","aquarius","Искате човек, който ви оставя свободен, и вие правите същото. Задушаването ви прогонва веднага. Кажете границите ясно.","You want somebody who leaves you free, and you do the same. Being crowded drives you off at once. State the limits clearly."
"sun","7","pisces","Влизате в човека до вас и после не знаете кое е ваше. Границата се размива бързо. Пазете едно свое занимание.","You go into the person beside you and afterwards do not know which part is yours. The edge blurs fast. Keep one pursuit of your own."
"sun","8","aries","Влизате в тежкото първи и без да мислите. Кризата ви събужда. Само не влизайте всеки път.","You go into the hard thing first and without thinking. A crisis wakes you. Just do not go in every time."
"sun","8","taurus","Пазите чуждото по-добре от собственика. Доверяват ви пари и вещи. Дръжте всичко на хартия.","You guard what belongs to others better than the owner does. Money and belongings get entrusted to you. Keep everything on paper."
"sun","8","gemini","Разбирате как работят дългове, дялове и застраховки. Питате, докато не се изясни. Обяснете го и на близките.","You understand how debts, shares and insurance work. You ask until it is clear. Explain it to the people close to you as well."
"sun","8","cancer","Усещате края, преди да е дошъл, и се стягате. Загубата остава у вас дълго. Кажете я на глас на един човек.","You sense the ending before it comes and brace. A loss stays with you a long time. Say it out loud to one person."
"sun","8","leo","Минали сте през нещо, което ви е сменило, и не го криете. Хората ви питат за това. Разказвайте, когато вие решите.","You went through something that changed you, and you do not hide it. People ask you about it. Tell it when you decide to."
"sun","8","virgo","Оправяте чужди сметки и книжа, защото никой друг не сяда. Работата ви е тиха и точна. Взимайте за нея.","You settle other people's accounts and papers because nobody else sits down to it. Your work is quiet and precise. Charge for it."
"sun","8","libra","Общото имущество се решава на маса, с двама. Спорът за пари е спор за доверие. Пишете си всичко.","Shared property gets settled at a table, by two. An argument about money is an argument about trust. Put everything in writing."
"sun","8","scorpio","Тук всичко е на място: дълбокото и приключването са вашето. Издържате там, където другите се пречупват. Само не влизайте сам.","Here everything sits in place: the deep and the finishing belong to you. You last where others break. Just do not go in alone."
"sun","8","sagittarius","След загуба ви се отваря нещо по-широко. Виждали сте го достатъчно пъти. Не наричайте това план.","After a loss something wider opens for you. You have seen it happen enough times. Do not call that a plan."
"sun","8","capricorn","Носите тежкото по график и никой не пита как. Изплащате всичко до последното. Дайте си срок за края.","You carry the heavy thing on a schedule and nobody asks how. You settle everything to the last. Give yourself a date for the end."
"sun","8","aquarius","Гледате на края без страх и това стряска хората. За вас това е механика, не мистика. Обяснявайте го спокойно.","You look at endings without fear, and that startles people. To you it is mechanics rather than mystery. Explain it calmly."
"sun","8","pisces","Усещате чуждата болка, преди да е казана, и я поемате. Границата липсва. Оставяйте я на прага.","You feel other people's pain before it is spoken and take it on. The boundary is missing. Leave it at the door."
"sun","9","aries","Тръгвате, преди да сте проверил разписанието. Ученето ви е през правене. Само вземайте обратен билет.","You set off before checking the timetable. You learn by doing. Just buy a return ticket."
"sun","9","taurus","Убежденията ви не се менят лесно и това ви държи. Учите бавно и трайно. Оставяйте място за нещо ново.","Your convictions do not shift easily, and that holds you. You learn slowly and lastingly. Leave room for something new."
"sun","9","gemini","Знаете по малко от много неща и това ви върши работа. Едно поле ви е тясно. Задълбочете едно от тях.","You know a little of many things and it serves you. One field is narrow for you. Go deep in one of them."
"sun","9","cancer","Учите чрез хора и истории, не от учебник. Далечното ви привлича и ви домъчнява. Носете нещо от дома със себе си.","You learn through people and stories rather than textbooks. The far-away draws you and makes you homesick. Take something from home with you."
"sun","9","leo","Убеден сте и се вижда, и това увлича хора. Точно затова проверявайте фактите. Признавайте, когато сте сгрешил.","You are convinced and it shows, and that carries people. That is exactly why you should check the facts. Admit it when you are wrong."
"sun","9","virgo","Проверявате източника, преди да повярвате. Голямото твърдение ви дразни. Само не спирайте да учите от съмнение.","You check the source before believing. A grand claim irritates you. Just do not let doubt stop you learning."
"sun","9","libra","Стигате до истината през разговор с още един. Сам мислите на кръг. Търсете събеседник, не публика.","You reach the truth through conversation with one other. Alone you think in circles. Look for an interlocutor rather than an audience."
"sun","9","scorpio","Вярвате в малко неща и докрай, и сте стигнал до тях трудно. Не спорите за тях. Кажете ги, когато питат.","You believe in few things and completely, and you reached them the hard way. You do not argue about them. Say them when asked."
"sun","9","sagittarius","Тук всичко е на място: широкото и далечното са вашето. Учите, обяснявате, пътувате. Само не обещавайте повече, отколкото ще стигне.","Here everything sits in place: the wide and the far belong to you. You study, you explain, you travel. Just do not promise more than will stretch."
"sun","9","capricorn","Учили сте се сам и по трудния път. Дипломата дойде след опита. Кажете го на един по-млад.","You learned alone and the hard way. The certificate came after the experience. Say that to somebody younger."
"sun","9","aquarius","Мислите различно от всички наоколо и не се предавате. Изпреварвате мнозина. Обяснявайте по-търпеливо.","You think differently from everybody around and you do not give in. You are ahead of many. Explain more patiently."
"sun","9","pisces","Вярата ви е усещане, не система. Не можете да я докажете и не ви трябва. Пазете я.","Your faith is a feeling rather than a system. You cannot prove it and you do not need to. Keep it."
"sun","10","aries","Пробивате отпред и хората ви следват. Не чакате ред. Само гледайте да има какво да покажете.","You push through at the front and people follow. You do not wait your turn. Just make sure there is something to show."
"sun","10","taurus","Издигате се бавно и мястото остава ваше. Не сменяте посоката. Само не чакайте да ви открият.","You rise slowly and the position stays yours. You do not change direction. Just do not wait to be discovered."
"sun","10","gemini","Правите две неща и се разпознавате по едно от тях. Хората не знаят кое е основното. Изберете лицето.","You do two things and are known for one of them. People do not know which is the main one. Choose the face."
"sun","10","cancer","Работата ви е свързана с грижа за хора и това се вижда. Помнят ви по отношението. Не се извинявайте, че е така.","Your work involves looking after people and it shows. You are remembered for how you treat them. Do not apologise for that."
"sun","10","leo","Тук всичко е на място: името и мястото са вашето. Виждат ви и това ви подхранва. Само не работете само за поглед.","Here everything sits in place: the name and the position belong to you. You are seen and it feeds you. Just do not work only for the looking."
"sun","10","virgo","Признават ви по свършеното, не по приказките. Работите точно и това е репутацията ви. Кажете и какво сте направил.","You are recognised for what is finished rather than what is said. You work precisely and that is your reputation. Say what you did as well."
"sun","10","libra","Мястото ви идва през хора и през договор. Умеете да се разбирате. Пишете условията, преди да е започнало.","Your position comes through people and through terms. You know how to come to an agreement. Put the terms in writing before it starts."
"sun","10","scorpio","Мястото ви е там, където се решава нещо тежко. Хората ви дават власт, без да питат. Проверете сам себе си.","Your position is where something heavy gets decided. People hand you authority without asking. Test yourself."
"sun","10","sagittarius","Името ви расте навън по-бързо, отколкото тук. Далечното ви признава по-лесно. Гледайте натам.","Your name grows away faster than here. The far-away recognises you more easily. Look that way."
"sun","10","capricorn","Стигате нагоре по стъпки и без прескачане. Отговорността ви е дадена рано. Носете я, но не сам.","You go up in steps and skip none. Responsibility was assigned to you early. Carry it, but not alone."
"sun","10","aquarius","Мястото ви е там, където правят нещо ново. В стария ред се задушавате. Търсете точно това.","Your position is where something new is being made. In the old order you suffocate. Look for exactly that."
"sun","10","pisces","Работата ви е свързана с грижа, изкуство или вяра. Числата не ви движат. Кажете си цената все пак.","Your work involves care, art or faith. Numbers do not move you. Say your price all the same."
"sun","11","aries","Влизате в група и тя тръгва. Не чакате да ви поканят. Само оставяйте и на другите ход.","You come into a group and it starts moving. You do not wait to be invited. Just leave the others a move too."
"sun","11","taurus","Приятелите ви са малцина и от двайсет години. Нови се допускат бавно. Оставете вратата отворена.","Your friends are few and twenty years old. New ones are admitted slowly. Leave the door open."
"sun","11","gemini","Познавате всички и всеки ви познава от различно място. Кръгът ви е широк и плосък. Задълбочете две приятелства.","You know everybody, and everybody knows you from somewhere different. Your circle is wide and flat. Deepen two friendships."
"sun","11","cancer","Приятелите ви са като семейство и границата липсва. Грижите се за тях като за свои. Кажете, когато сте свършил.","Your friends are like family and the boundary is missing. You look after them as your own. Say when you are spent."
"sun","11","leo","В компанията вие сте центърът и това ви е естествено. Хората чакат вашия тон. Питайте и другите какво искат.","In company you are the centre and it comes naturally. People wait for your tone. Ask the others what they want too."
"sun","11","virgo","Помагате практично и после нямате сила за себе си. В групата вършите работата. Оставете една задача на друг.","You help practically and then have no strength for yourself. In the group you do the work. Leave one task to somebody else."
"sun","11","libra","Свързвате хора и оттам идват вашите възможности. Правите го без сметка. Поискайте нещо и вие.","You connect people, and your own opportunities come from there. You do it without an accounting. Ask for something too."
"sun","11","scorpio","В кръга влизате дълбоко или стоите отстрани. Повърхностното приятелство ви е загуба на време. Изберете трима.","In a circle you go deep or you stand aside. A shallow friendship is a waste of your time. Choose three."
"sun","11","sagittarius","Приятелите ви са пръснати по други държави и точно това ви държи буден. Тук малцина ви разбират. Обадете се на един от далечните.","Your friends are spread across other countries, and that is exactly what keeps you awake. Here few understand you. Call one of the distant ones."
"sun","11","capricorn","В група вие сте човекът, на когото разчитат. Ролята е дадена отдавна. Кажете, когато не я поемате.","In a group you are the one relied on. The role was assigned long ago. Say when you are not taking it."
"sun","11","aquarius","Тук всичко е на място: групата и общото са вашето. Между свои по дух сте най-себе си. Само пазете и своя посока.","Here everything sits in place: the group and the shared thing belong to you. Among people of your own spirit you are most yourself. Just keep a direction of your own."
"sun","11","pisces","В голяма компания се разтваряте и после сте празен. Групата ви пълни и източва. Излизайте по-рано.","In a large company you dissolve and afterwards you are empty. The group fills you and drains you. Leave earlier."
"sun","12","aries","Правите най-доброто, когато никой не гледа. Излизате рязко и после изчезвате. Кажете предварително, че изчезвате.","You do your best when nobody is watching. You come out sharply and then disappear. Say in advance that you are disappearing."
"sun","12","taurus","Пазите нещо настрана и не го обявявате. Тихото ви е сигурност. Кажете на един човек къде е.","You keep something aside and do not announce it. The quiet is security to you. Tell one person where it is."
"sun","12","gemini","Мислите ясно нощем и до сутринта се е разтворило. Пишете си по едно изречение. Иначе се губи.","You think clearly at night and by morning it has dissolved. Write yourself one sentence. Otherwise it is lost."
"sun","12","cancer","Възстановявате се сам и на тихо, и това не е тъга. Тишината ви е храна. Взимайте я, преди да сте я поискал с кавга.","You recover alone and in quiet, and that is not sadness. Silence is food to you. Take it before you have to demand it with a row."
"sun","12","leo","Правите нещо голямо и никой не знае, че сте вие. Не ви е нужно признание и все пак ви липсва. Кажете едно нещо.","You do something large and nobody knows it is you. You need no recognition and still you miss it. Say one thing."
"sun","12","virgo","Работите зад кулисите и всичко държи заради вас. Никой не отчита това. Опишете го веднъж, дори за себе си.","You work behind the scenes and everything holds because of you. Nobody records it. Describe it once, even for yourself."
"sun","12","libra","Грижите се за хора, които няма да разберат, че сте ги избрал. Правите го тихо. Поискайте една услуга за себе си.","You look after people who will never realise you chose them. You do it quietly. Ask one favour for yourself."
"sun","12","scorpio","Носите нещо тежко и не го назовавате пред никого. Отвън изглеждате спокоен. Кажете една част на един човек.","You carry something heavy and name it to nobody. From outside you look calm. Say one part of it to one person."
"sun","12","sagittarius","Вярата ви е тиха и без обявяване. Не търсите потвърждение. Споделете нещо с един човек.","Your faith is quiet and unannounced. You look for no confirmation. Share something with one person."
"sun","12","capricorn","Работите сам и по график, за който няма отчет. Никой не знае колко е. Дайте си край на деня.","You work alone and to a schedule no report covers. Nobody knows how much it is. Give yourself an end to the day."
"sun","12","aquarius","Стоите отстрани нарочно и виждате повече оттам. Групата ви изморява бързо. Влизайте за час, не за вечер.","You stand aside deliberately and see more from there. A group tires you fast. Go in for an hour rather than an evening."
"sun","12","pisces","Тук всичко е на място: скритото е вашето място. Изчезвате и се връщате цял. Само казвайте кога ще се върнете.","Here everything sits in place: the hidden is your place. You disappear and come back whole. Just say when you will be back."
"moon","1","aries","Реагирате, преди да сте обмислил, и после ви минава бързо. Избухването ви е кратко и без злоба. Кажете, че е минало.","You react before thinking and afterwards it passes fast. Your flare-up is short and holds no malice. Say when it has passed."
"moon","1","taurus","Настроението ви се обръща бавно и трудно се бута. Веднъж успокоен, оставате спокоен. Само не се вкопчвайте от инат.","Your mood turns slowly and is hard to push. Once settled, you stay settled. Just do not dig in out of stubbornness."
"moon","1","gemini","Настроението ви се сменя с разговора и после не помните защо. Говорите го, за да ви олекне. Само внимавайте на кого.","Your mood changes with the conversation and afterwards you cannot recall why. You talk it out to feel lighter. Just watch whom you talk to."
"moon","1","cancer","Всичко минава през усещането ви и никой не го вижда толкова силно. Стените и хората влизат в вас. Измивайте деня преди сън.","Everything passes through your feeling and nobody sees it as strongly. Walls and people get inside you. Wash the day off before sleep."
"moon","1","leo","Искате да ви видят и когато сте зле. Тъгата ви е видима, радостта — още повече. Не се срамувайте и от двете.","You want to be seen even when you are low. Your sadness shows, and your gladness shows more. Be ashamed of neither."
"moon","1","virgo","Спокойни сте, когато нещата са подредени. Дребният безпорядък ви разваля деня. Оправете едно и оставете второто.","You are calm when things are in order. Small disorder ruins your day. Tidy one thing and leave the second."
"moon","1","libra","Настройвате се към човека срещу вас и после сте уморен. Мирът ви е по-важен от правотата. Кажете и вашето понякога.","You tune to the person in front of you and afterwards you are tired. Peace matters to you more than being right. Say your own thing sometimes."
"moon","1","scorpio","Не показвате как сте и хората ви смятат за студен. Вътре е дълбоко и подвижно. Кажете една дума на един човек.","You do not show how you are and people take you for cold. Inside it is deep and moving. Say one word to one person."
"moon","1","sagittarius","Оправяте настроението си, като смените мястото. Стените ви натежават бързо. Излизайте, преди да сте се затворил.","You mend your mood by changing place. Walls close in on you fast. Go out before you shut down."
"moon","1","capricorn","Свивате настроението си, за да не пречи, и после ви тежи. Мислите, че не е важно. Важно е — кажете го.","You fold your mood away so it will not get in the way, and afterwards it weighs. You think it does not matter. It does — say it."
"moon","1","aquarius","Гледате чувствата си отстрани и после се чудите защо не ви олеква. Обяснението не е изживяване. Кажете го на глас.","You look at your feelings from the side and then wonder why nothing eases. Explaining is not living it. Say it out loud."
"moon","1","pisces","Поемате настроението на стаята за секунди. Не знаете кое е ваше и кое влязло. Питайте се това всеки път.","You take on the room's mood in seconds. You do not know which is yours and which came in. Ask yourself that every time."
"moon","2","aries","Харчите, когато ви е зле, и после ви е двойно зле. Купуването ви успокоява за час. Изчакайте до утре.","You spend when you feel bad and afterwards feel twice as bad. Buying calms you for an hour. Wait until tomorrow."
"moon","2","taurus","Спокойни сте само когато има запас и той расте. Числото не е важно, усещането е. Кажете си колко е достатъчно.","You are calm only when there is a reserve and it is growing. The figure is not the point, the feeling is. Decide how much is enough."
"moon","2","gemini","Парите ви идват от две места и това ви е удобно. Едно ви е тясно. Само следете и двете.","Your money comes from two places and that suits you. One is tight for you. Just keep an eye on both."
"moon","2","cancer","Сигурността ви е дом и хладилник, а не сметка. Празната къща ви тревожи. Пълнете я, но и сметката.","Your security is a home and a full fridge rather than an account. An empty house worries you. Fill it, and the account too."
"moon","2","leo","Обичате да имате хубави неща и да ги давате. Щедростта ви е настроение. Определете сума за подаръци.","You like having good things and giving them away. Your generosity runs on mood. Set a sum for presents."
"moon","2","virgo","Проверявате сметките, когато сте нервен, и това ви успокоява. Дребните пари ви занимават повече от нужното. Гледайте ги веднъж седмично.","You check the accounts when you are anxious and it calms you. Small money occupies you more than it should. Look at it once a week."
"moon","2","libra","Не искате да говорите за пари, за да няма напрежение. Мълчанието струва повече. Кажете числото спокойно.","You do not want to talk money, so there will be no tension. The silence costs more. Say the number calmly."
"moon","2","scorpio","Пазите запаса скрито и никой не знае колко има. Страхът от липса е стар. Кажете на един човек къде е.","You keep the reserve out of sight and nobody knows how much. The fear of not having is old. Tell one person where it is."
"moon","2","sagittarius","Вярвате, че ще дойде отнякъде, и обикновено идва. Планът не ви е силата. Оставяйте едно перо настрана.","You believe it will come from somewhere, and usually it does. Planning is not your strength. Set one line aside."
"moon","2","capricorn","Пестите, дори когато има, защото помните кога нямаше. Страхът е по-стар от сметката. Похарчете нещо малко.","You are thrifty even when there is enough, because you remember when there was not. The fear is older than the ledger. Spend something small."
"moon","2","aquarius","Парите ви идват от нещо необичайно и на пресекулки. Редовната заплата ви задушава. Дръжте един сигурен приход.","Your money comes from something unusual and in fits. A regular salary suffocates you. Keep one steady income."
"moon","2","pisces","Не помните какво сте похарчил и това не е нехайство. Числата се размиват. Ползвайте една карта, не три.","You do not remember what you spent, and that is not carelessness. Numbers blur. Use one card rather than three."
"moon","3","aries","Изговаряте го веднага и после ви минава. Написаното в яд не се връща. Изчакайте един час.","You say it at once and then it passes. What is written in anger does not come back. Wait an hour."
"moon","3","taurus","Говорите бавно и хората ви вярват. Не повтаряте излишно. Само не отлагайте важния разговор.","You speak slowly and people believe you. You do not repeat yourself needlessly. Just do not postpone the conversation that matters."
"moon","3","gemini","Трябва ви с кого да го изговорите, иначе се върти в главата ви. Разговорът ви е лекарство. Изберете кого да звъните.","You need somebody to talk it through with, otherwise it circles in your head. Conversation is medicine to you. Choose whom you call."
"moon","3","cancer","Помните разговори от преди десет години в подробности. Тонът остава по-дълго от думите. Кажете кое още стои у вас.","You remember conversations from ten years ago in detail. The tone stays longer than the words. Say what still sits with you."
"moon","3","leo","Разказвате хубаво, когато сте в настроение, и не можете, когато не сте. Разликата се вижда. Не се насилвайте.","You tell it well when you are in the mood, and cannot when you are not. The difference shows. Do not force it."
"moon","3","virgo","Обяснявате всичко подробно, за да няма недоразумение. Понякога подробността тревожи повече. Спрете по-рано.","You explain everything in detail so there will be no misunderstanding. Sometimes the detail worries people more. Stop earlier."
"moon","3","libra","Мерите всяка дума, за да не засегнете. После ви е тежко от премълчаното. Кажете едното нещо.","You weigh every word so as not to wound. Afterwards what you swallowed weighs on you. Say the one thing."
"moon","3","scorpio","Не казвате какво чувствате и после се чудите, че никой не е разбрал. Мълчанието ви изглежда като съгласие. Кажете едно изречение.","You do not say what you feel and then wonder that nobody understood. Your silence looks like agreement. Say one sentence."
"moon","3","sagittarius","Говорите с размах, когато сте добре, и обещавате пътувания. Настроението говори вместо вас. Проверявайте на другия ден.","You talk expansively when you are well and promise journeys. The mood speaks for you. Check the next day."
"moon","3","capricorn","Отговаряте кратко и после ви се струва, че сте бил груб. Не сте — просто сте пестелив. Добавете едно топло изречение.","You answer briefly and afterwards it seems to you that you were curt. You were not — you are sparing. Add one warm sentence."
"moon","3","aquarius","Обяснявате чувствата си като механика и хората се дразнят. Точността не е студенина. Кажете и просто как сте.","You explain your feelings as mechanics and people find it grating. Precision is not coldness. Say plainly how you are too."
"moon","3","pisces","Разбирате какво не се казва в стаята и мълчите за него. Знаете повече, отколкото е удобно. Дайте едно наблюдение на един човек.","You understand what is not being said in the room and stay quiet about it. You know more than is comfortable. Give one observation to one person."
"moon","4","aries","Вкъщи реагирате бързо и после съжалявате. Прагът ви е нисък след дълъг ден. Влизайте и мълчете десет минути.","At home you react fast and regret it afterwards. Your threshold is low after a long day. Come in and stay quiet for ten minutes."
"moon","4","taurus","Домът ви е за дълго и не го местите. Едно и също място ви успокоява. Само правете по нещо ново в него.","Your home is for the long term and you do not move it. The same place calms you. Just change something in it now and then."
"moon","4","gemini","Домът ви е шумен и там винаги се говори. Тишината ви е неуютна. Оставете и един тих час.","Your home is noisy and there is always talk in it. Silence feels unhomely to you. Leave one quiet hour as well."
"moon","4","cancer","Тук всичко е на място: домът е самата ви нужда. Възстановявате се в своите стени за час. Отваряйте вратата понякога.","Here everything sits in place: the home is your need itself. You recover in your own walls within an hour. Open the door sometimes."
"moon","4","leo","Домът ви е хубав и вие го показвате с радост. Гостите ви подхранват. Оставяйте и вечер без хора.","Your home is handsome and you show it gladly. Guests feed you. Leave an evening without people too."
"moon","4","virgo","Успокоявате се, като оправяте. Безпорядъкът в къщи ви влиза под кожата. Оправете едно и седнете.","You calm yourself by tidying. Disorder at home gets under your skin. Tidy one thing and sit down."
"moon","4","libra","Домът трябва да е мирен, иначе не ви е дом. Скандалът ви разболява. Кажете рано какво не ви харесва.","The home has to be peaceful, otherwise it is no home to you. A row makes you unwell. Say early what you dislike."
"moon","4","scorpio","Домът ви е затворен за външни и това е ваш избор. Пазите го от чужди очи. Пуснете един човек.","Your home is closed to outsiders, and that is your choice. You guard it from strangers' eyes. Let one person in."
"moon","4","sagittarius","Домът ви е там, където сте в момента, и това ви устройва. Куфарът е нормално. Само пазете едно място за връщане.","Home for you is wherever you are, and that suits you. A suitcase is normal. Just keep one place to come back to."
"moon","4","capricorn","Домът е задължение, преди да е удоволствие. Носили сте го рано. Позволете си един ден, в който не оправяте нищо.","The home is an obligation before it is a pleasure. You carried it early. Allow yourself one day when you fix nothing."
"moon","4","aquarius","Домът ви не изглежда като другите и вие се чувствате добре в него. Правилата вътре са ваши. Обяснете ги на живеещите.","Your home does not look like the others and you feel well in it. The rules inside are yours. Explain them to whoever lives there."
"moon","4","pisces","Домът ви поема настроението и вие го усещате при влизане. Стените помнят кавгата. Отваряйте прозорците.","Your home takes on the mood and you feel it as you come in. The walls remember the row. Open the windows."
"moon","5","aries","Влюбвате се бързо и охладнявате също бързо. Началото ви е най-хубавото. Дайте на едно нещо три месеца.","You fall for somebody fast and cool just as fast. The beginning is your best part. Give one thing three months."
"moon","5","taurus","Обичате трайно и не сменяте. Удоволствието ви е познато и просто. Само пробвайте по едно ново нещо.","You love lastingly and do not change. Your pleasure is familiar and simple. Just try one new thing."
"moon","5","gemini","Имате три увлечения и всичките ви радват. Не искате да избирате. Довършете едно.","You have three enthusiasms and all of them gladden you. You do not want to choose. Finish one."
"moon","5","cancer","С деца ви е леко и естествено. Грижата ви е удоволствие, не задача. Оставяйте и час за себе си.","With children you are easy and natural. Care is a pleasure to you rather than a task. Leave an hour for yourself as well."
"moon","5","leo","Радвате се шумно и това е заразно. Искате празника да е забелязан. Организирайте го.","You are glad out loud and it is catching. You want the celebration noticed. Organise it."
"moon","5","virgo","Правите красиво и после виждате само грешките. Никой друг не ги вижда. Покажете го така.","You make something lovely and then see only the faults. Nobody else sees them. Show it as it is."
"moon","5","libra","Удоволствието ви е за двама. Сам не ви е забавно. Кажете го, вместо да чакате покана.","Your pleasure is for two. Alone is not fun for you. Say so rather than waiting for an invitation."
"moon","5","scorpio","Обичате дълбоко и ревнувате тихо. Играта не ви е игра. Кажете какво ви боли, преди да е порасло.","You love deeply and are quietly jealous. The game is no game to you. Say what hurts before it grows."
"moon","5","sagittarius","Радвате се на далечното и на новото. Едно и също място ви убива интереса. Планирайте нещо.","You are gladdened by the far-away and the new. The same place kills your interest. Plan something."
"moon","5","capricorn","Не си позволявате удоволствие, докато не сте свършил всичко. Никога не е свършено. Спрете по-рано веднъж.","You allow yourself no pleasure until everything is done. It is never done. Stop earlier once."
"moon","5","aquarius","Радва ви нещо, което другите не разбират. Не се обяснявайте. Намерете двама, които го обичат.","You are gladdened by something others do not understand. Do not explain. Find two people who love it too."
"moon","5","pisces","Живеете в измисленото и там ви е хубаво. Понякога е по-хубаво от станалото. Направете едно от тях истинско.","You live in what you imagined and it is good there. Sometimes it is better than what happened. Make one of them real."
"moon","6","aries","Работите на изблици и после нямате сила. Не издържате равномерно темпо. Разделете деня на две.","You work in bursts and then have no strength. You cannot hold an even pace. Split the day in two."
"moon","6","taurus","Работите бавно и без прекъсване и свършвате повече от всички. Смяната на плана ви дразни. Само не отказвайте всяка промяна.","You work slowly and without a break and finish more than anybody. A change of plan irritates you. Just do not refuse every change."
"moon","6","gemini","Правите две задачи наведнъж и това ви държи бодър. Едното нещо ви приспива. Дръжте ги две.","You do two tasks at once and it keeps you awake. One thing puts you to sleep. Keep it at two."
"moon","6","cancer","Работата ви трябва да е като дом, иначе не оставате. Хората в екипа ви решават всичко. Изберете екипа.","Your work has to feel like a home, otherwise you do not stay. The people in the team decide everything for you. Choose the team."
"moon","6","leo","Работите по-добре, когато ви похвалят. Мълчанието на шефа ви разколебава. Кажете какво сте свършил.","You work better when praised. A silent manager unsettles you. Say what you finished."
"moon","6","virgo","Тревожите се за дребното в работата и това ви изморява. Виждате всяка грешка. Оставете една.","You worry about small things at work and it tires you. You see every mistake. Leave one alone."
"moon","6","libra","Работите добре при спокойни отношения. Един лош тон ви спира за ден. Кажете го веднага.","You work well when relations are calm. One bad tone stops you for a day. Say so at once."
"moon","6","scorpio","Носите чуждото на работа и после ви трябва тишина. Смяната не свършва на изхода. Оставяйте я на прага.","You carry other people's weight at work and afterwards need silence. The shift does not end at the door. Leave it at the door."
"moon","6","sagittarius","Работата ви иска движение и различни места. Едно бюро ви задушава. Търсете такава задача.","Your work wants movement and different places. One desk suffocates you. Look for that kind of job."
"moon","6","capricorn","Работите по график и не пропускате, дори когато сте зле. Тялото си иска после. Пуснете един ден.","You work to a schedule and never miss, even when you feel bad. Your body collects later. Let one day go."
"moon","6","aquarius","Работите иначе и излиза по-бързо. Правилото без причина ви дразни. Обяснявайте новия начин.","You work differently and it comes out faster. A rule with no reason irritates you. Explain the new way."
"moon","6","pisces","Тялото ви казва, преди умът, че задачата не е за вас. Слушайте го рано. После е по-скъпо.","Your body says before your mind that the task is not for you. Listen to it early. Later it costs more."
"moon","7","aries","Свързвате се бързо и после разбирате с кого. Началото ви е стремглаво. Дайте си два месеца, преди да решите.","You bond fast and only afterwards work out with whom. Your beginnings are headlong. Give yourself two months before deciding."
"moon","7","taurus","Веднъж свързан, оставате, и то дълго след като е трябвало. Постоянството ви е сила и капан. Проверете кое от двете е сега.","Once bonded, you stay, and long after you should have. Your constancy is a strength and a trap. Check which of the two this is."
"moon","7","gemini","Трябва ви човек, с когото да си говорите всяка вечер. Мълчаливата къща ви натъжава. Кажете го направо.","You need somebody to talk to every evening. A silent house saddens you. Say so directly."
"moon","7","cancer","Търсите човек, с когото да сте в безопасност. Близостта ви е дом, не приключение. Кажете какво значи това за вас.","You look for somebody to be safe with. Closeness is a home to you rather than an adventure. Say what that means to you."
"moon","7","leo","Искате да сте гледан с обич и да го виждате. Хладният тон ви наранява бързо. Поискайте топлата дума.","You want to be looked at with affection, and to see it. A cool tone wounds you quickly. Ask for the warm word."
"moon","7","virgo","Грижите се за човека до вас в дребните неща. Забелязвате всичко, което му липсва. Поискайте и вие нещо.","You look after the person beside you in small things. You notice everything they lack. Ask for something too."
"moon","7","libra","Мирът в двойката ви е по-важен от правотата. Отстъпвате и после ви тежи. Кажете едно свое условие.","Peace in the pair matters to you more than being right. You give way and afterwards it weighs. State one condition of your own."
"moon","7","scorpio","Привързвате се дълбоко и се страхувате да го покажете. Проверявате човека дълго. Кажете една истина рано.","You attach deeply and are afraid to show it. You test somebody for a long time. Say one true thing early."
"moon","7","sagittarius","Искате човек, с когото животът е широк. Затвореният ден ви задушава. Кажете това още в началото.","You want somebody with whom life is wide. A closed-in day suffocates you. Say that at the beginning."
"moon","7","capricorn","Държите отношението с дълг и работа, а не с думи. Другият чака думите. Кажете едно нещо на глас.","You hold the bond with duty and work rather than words. The other is waiting for the words. Say one thing out loud."
"moon","7","aquarius","Трябва ви близост, която не задушава. Прекаленото лепене ви прогонва. Кажете границата рано.","You need a closeness that does not smother. Too much clinging drives you off. State the limit early."
"moon","7","pisces","Влизате в човека и после не знаете кое е ваше. Границата се размива за дни. Пазете едно свое занимание.","You go into the person and afterwards do not know which part is yours. The edge blurs within days. Keep one pursuit of your own."
"moon","8","aries","Реагирате остро на загуба и после ви минава по-бързо от другите. Не се задържате в тъмното. Само не бързайте да сте наред.","You react sharply to loss and then it passes faster for you than for others. You do not linger in the dark. Just do not hurry to be fine."
"moon","8","taurus","Държите здраво това, което е останало. Пускането ви е трудното. Дайте едно нещо доброволно.","You hold hard to what is left. Letting go is the hard part. Give one thing up willingly."
"moon","8","gemini","Разпитвате за края, защото искате да го разберете. Обяснението ви успокоява. Само не разпитвайте всеки.","You ask about the ending because you want to understand it. Explanation calms you. Just do not question everybody."
"moon","8","cancer","Усещате края, преди да е дошъл, и вече сте започнал да го носите. Тялото го знае първо. Кажете го на един човек.","You sense the ending before it comes and have already begun carrying it. Your body knows first. Say it to one person."
"moon","8","leo","Скърбите открито и не се извинявате за това. Тъгата ви иска свидетел. Изберете кого да пуснете.","You grieve openly and do not apologise. Your sadness wants a witness. Choose whom to let in."
"moon","8","virgo","Оправяте книжата след загуба, защото никой друг не може. Работата ви държи цял. Спрете, щом свърши.","You settle the paperwork after a loss because nobody else can. The work holds you together. Stop when it is done."
"moon","8","libra","Общите пари ви държат в напрежение, което не показвате. Искате да е справедливо. Кажете сметката на глас.","The shared money keeps you tense and you do not show it. You want it to be fair. Say the reckoning out loud."
"moon","8","scorpio","Пазите загубата у себе си с години и никой не знае. Тежестта е без свидетел. Кажете едно изречение.","You keep a loss inside for years and nobody knows. The weight has no witness. Say one sentence."
"moon","8","sagittarius","Тръгвате някъде след тежко и това ви лекува. Разстоянието затваря нещо. Идете, ако можете.","You go somewhere after something heavy and it heals you. The distance closes something. Go, if you can."
"moon","8","capricorn","Носите загубата по график и не пропускате нищо. Отвън изглеждате твърд. Позволете си един ден.","You carry the loss on a schedule and miss nothing. From outside you look hard. Allow yourself one day."
"moon","8","aquarius","Гледате тежкото отстрани и после се чудите защо не ви олеква. Обяснението не е изживяване. Кажете го на глас.","You watch the heavy thing from the side and then wonder why nothing eases. Explaining is not living it. Say it out loud."
"moon","8","pisces","Поемате чуждата загуба, като че е ваша. Границата липсва напълно. Оставяйте я на прага.","You take on somebody else's loss as if it were yours. The boundary is entirely missing. Leave it at the door."
"moon","9","aries","Тръгвате внезапно и се връщате по-лек. Пътят ви оправя настроението. Само казвайте, че тръгвате.","You set off suddenly and come back lighter. The road mends your mood. Just say that you are going."
"moon","9","taurus","Държите на едно убеждение и то ви успокоява. Новото учение ви е неуютно. Прочетете едно все пак.","You hold to one conviction and it calms you. A new teaching feels unhomely. Read one all the same."
"moon","9","gemini","Учите по малко от много места и това ви радва. Едно поле ви е тясно. Задълбочете едно.","You learn a little from many places and it gladdens you. One field is narrow for you. Go deep in one."
"moon","9","cancer","Домъчнява ви за далечното и за дома наведнъж. Пътувате и се връщате. Пазете си адрес.","You long for the far-away and for home at once. You travel and you return. Keep an address."
"moon","9","leo","Разказвате за пътуванията си и стаята слуша. Далечното ви е сцена. Разкажете и трудното от него.","You tell your travels and the room listens. The far-away is your stage. Tell the hard part of it too."
"moon","9","virgo","Проверявате всичко, преди да повярвате, и после още веднъж. Съмнението ви успокоява. Оставете едно нещо непроверено.","You check everything before believing and then once more. Doubt calms you. Leave one thing unchecked."
"moon","9","libra","Стигате до смисъл в разговор с още един. Сам мислите на кръг. Търсете събеседник.","You reach meaning in conversation with one other. Alone you think in circles. Look for an interlocutor."
"moon","9","scorpio","Вярвате в малко неща и не ги обсъждате. Стигнал сте до тях през тежко. Пазете ги.","You believe in few things and do not discuss them. You reached them through hardship. Keep them."
"moon","9","sagittarius","Тук всичко е на място: широкото ви успокоява. Далечното ви е дом. Само не отлагайте тръгването.","Here everything sits in place: the wide calms you. The far-away is home to you. Just do not postpone setting off."
"moon","9","capricorn","Учите бавно и не пропускате стъпка. Кратък път не търсите. Само не се бавете от страх.","You learn slowly and skip no step. You look for no shortcut. Just do not stall out of fear."
"moon","9","aquarius","Вярвате различно от рода си и не спорите за това. Мислите по-нашироко от стаята. Кажете го веднъж.","You believe differently from your family and do not argue about it. You think wider than the room. Say so once."
"moon","9","pisces","Вярата ви е усещане и се сменя с настроението. Не се притеснявайте от това. Пазете едно неизменно нещо.","Your faith is a feeling and shifts with your mood. Do not be troubled by that. Keep one thing unchanging."
"moon","10","aries","Хората ви познават по бързата реакция. Виждат ви как сте, преди да сте казал. Само не решавайте пред всички.","People know you by your fast reaction. They see how you are before you speak. Just do not decide in front of everybody."
"moon","10","taurus","Мястото ви е стабилно и вие не го местите. Признават ви бавно и трайно. Само кажете какво искате.","Your position is steady and you do not move it. You are recognised slowly and lastingly. Just say what you want."
"moon","10","gemini","Работите две неща и се разпознавате по едното. Хората не знаят кое е основното. Изберете лицето.","You work two things and are known for one. People do not know which is the main one. Choose the face."
"moon","10","cancer","Тук всичко е на място: помнят ви по това как се грижите. Работата ви е близост с хора. Само не носете всички.","Here everything sits in place: you are remembered for how you look after people. Your work is closeness with them. Just do not carry everybody."
"moon","10","leo","Искате да ви видят и това не е суета. Похвалата ви е гориво. Кажете, когато не сте получил своето.","You want to be seen, and that is not vanity. Praise is fuel to you. Say when you did not get your due."
"moon","10","virgo","Признават ви за точността и за грижата в дребното. Никой не отчита колко е. Кажете го веднъж.","You are recognised for precision and for care in the small things. Nobody records how much it is. Say it once."
"moon","10","libra","Мястото ви идва през хора и разговор. Умеете да сближавате. Пишете условията все пак.","Your position comes through people and conversation. You know how to bring people together. Put the terms in writing all the same."
"moon","10","scorpio","Мястото ви е там, където се решава тежко, и вие мълчите за това. Хората не знаят какво носите. Кажете една част.","Your position is where heavy things get decided, and you keep quiet about it. People do not know what you carry. Say one part."
"moon","10","sagittarius","Признават ви по-лесно навън, отколкото тук. Далечното ви приема. Гледайте натам.","You are recognised more easily away than here. The far-away accepts you. Look that way."
"moon","10","capricorn","Носили сте отговорност рано и оттогава не сте спрял. Мястото ви е спечелено с години. Поискайте помощ.","You carried responsibility early and have not stopped since. Your position was earned over years. Ask for help."
"moon","10","aquarius","Работата ви е там, където се прави нещо ново. Старият ред ви задушава. Търсете точно това.","Your work is where something new is being made. The old order suffocates you. Look for exactly that."
"moon","10","pisces","Работата ви е грижа, изкуство или вяра. Числата не ви движат. Кажете си цената все пак.","Your work is care, art or faith. Numbers do not move you. Say your price all the same."
"moon","11","aries","Влизате в група и вдигате настроението за минути. После се изтощавате. Излизайте по-рано.","You come into a group and lift the mood within minutes. Afterwards you are drained. Leave earlier."
"moon","11","taurus","Приятелите ви са от години и не сменяте кръга. Новите ви идват трудно. Оставете вратата отворена.","Your friends are years old and you do not change the circle. New ones come hard to you. Leave the door open."
"moon","11","gemini","Говорите с много хора и с всеки за различно. Кръгът ви е широк и плосък. Задълбочете две приятелства.","You talk to many people and about something different with each. Your circle is wide and flat. Deepen two friendships."
"moon","11","cancer","Приятелите ви са семейство и вие ги гощавате. Границата липсва. Кажете, когато сте свършил.","Your friends are family and you feed them. The boundary is missing. Say when you are spent."
"moon","11","leo","В компанията искате да ви видят добре. Дребното пренебрегване ви наранява. Кажете го спокойно.","In company you want to be seen well. A small slight wounds you. Say so calmly."
"moon","11","virgo","Помагате практично и после нямате сила. В групата вие вършите работата. Оставете една задача на друг.","You help practically and then have no strength. In the group you do the work. Leave one task to somebody else."
"moon","11","libra","Държите мира в кръга и това ви изморява. Отстъпвате, за да няма сцена. Кажете едно свое нещо.","You keep the peace in the circle and it tires you. You give way so there will be no scene. Say one thing of your own."
"moon","11","scorpio","Пускате в кръга малцина и докрай. Повърхностното ви е загуба на време. Изберете трима.","You let few into the circle, and all the way. The shallow is a waste of your time. Choose three."
"moon","11","sagittarius","Приятелите ви са далече и вие им пишете нощем. Разстоянието ви домъчнява. Обадете се на един.","Your friends are far away and you write to them at night. The distance makes you long for them. Call one."
"moon","11","capricorn","В кръга вие сте човекът, който помни рождените дни и урежда срещата. Никой не е питал искате ли. Прехвърлете това на друг този път.","In the circle you are the one who remembers birthdays and arranges the meeting. Nobody asked whether you wanted to. Hand it to somebody else this time."
"moon","11","aquarius","Държите се на разстояние от групата и се чувствате добре така. Свои по дух намирате трудно. Търсете ги нарочно.","You keep your distance from the group and feel well that way. People of your own spirit are hard to find. Look for them deliberately."
"moon","11","pisces","Сред хора се разтваряте и после сте празен. Групата ви пълни и източва. Излизайте, преди да сте изчерпан.","Among people you dissolve and afterwards you are empty. The group fills you and drains you. Leave before you are used up."
"moon","12","aries","Изчезвате внезапно и после се връщате наред. Никой не разбира защо. Кажете, че ви трябва час.","You disappear suddenly and then come back fine. Nobody sees why. Say that you need an hour."
"moon","12","taurus","Успокоявате се сам и с познати неща. Едно и също ви лекува. Само не се затваряйте за дни.","You calm yourself alone and with familiar things. The same thing heals you. Just do not shut yourself away for days."
"moon","12","gemini","Мислите нощем и там ви е ясно. До сутринта се е разтворило. Записвайте по едно изречение.","You think at night and it is clear there. By morning it has dissolved. Write one sentence down."
"moon","12","cancer","Тук всичко е на място: тишината е самата ви нужда. Възстановявате се, като изчезнете за часове. Само казвайте, че ще изчезнете.","Here everything sits in place: silence is your need itself. You recover by disappearing for hours. Just say that you are going to disappear."
"moon","12","leo","Тъгувате скрито и после излизате сияен. Никой не знае кое е било. Кажете една част на един човек.","You grieve out of sight and then come out radiant. Nobody knows what it was. Say one part to one person."
"moon","12","virgo","Тревожите се за дребното нощем и то расте. На светло е половината. Записвайте го и лягайте.","You worry about small things at night and they grow. In daylight they are half the size. Write them down and go to bed."
"moon","12","libra","Не казвате как сте, за да не тежите на никого. После ви е двойно. Кажете на един човек.","You do not say how you are, so as not to burden anybody. Afterwards it is twice as heavy. Tell one person."
"moon","12","scorpio","Носите нещо старо и не го назовавате. Отвън изглеждате спокоен. Наречете го веднъж на глас.","You carry something old and never name it. From outside you look calm. Name it out loud once."
"moon","12","sagittarius","Утеха намирате в четене и в мисъл за далечно. Мечтата ви държи. Направете едно от нея истинско.","You find comfort in reading and in the thought of somewhere far. The dream holds you. Make one part of it real."
"moon","12","capricorn","Носите тежкото сам и по график. Никой не знае колко е. Дайте си край на деня.","You carry the heavy thing alone and on a schedule. Nobody knows how much it is. Give yourself an end to the day."
"moon","12","aquarius","Оттегляте се, за да мислите, и после се връщате с решение. Групата ви пречи да мислите. Пазете си самотния час.","You withdraw in order to think and come back with a decision. A group gets in the way of your thinking. Guard your solitary hour."
"moon","12","pisces","Поемате настроението на всички и после не знаете кое е ваше. Границата липсва напълно. Питайте се това всеки път.","You take on everybody's mood and afterwards do not know which is yours. The boundary is entirely missing. Ask yourself that every time."
"mercury","1","aries","Мислите на глас и решавате, докато говорите. Първата версия ви е обикновено добра. Само не я обявявайте за последна.","You think out loud and decide while speaking. Your first version is usually good. Just do not announce it as the final one."
"mercury","1","taurus","Мислите бавно и после не се отмествате. Смяната на мнение ви струва усилие. Само слушайте до края.","You think slowly and then do not budge. Changing your mind costs you effort. Just listen to the end."
"mercury","1","gemini","Умът ви е бърз и хората не ви догонват. Започвате три изречения наведнъж. Довършете едното.","Your mind is quick and people do not keep up. You begin three sentences at once. Finish the one."
"mercury","1","cancer","Помните всичко, което ви е било казано, и с какво чувство. Мислите с памет, не с логика. Проверявайте фактите.","You remember everything said to you, and with what feeling. You think with memory rather than logic. Check the facts."
"mercury","1","leo","Говорите така, че се запомня, и знаете го. Думите ви са част от лицето. Само не украсявайте.","You speak in a way that is remembered, and you know it. Words are part of your face. Just do not embellish."
"mercury","1","virgo","Забелязвате грешката, преди да сте влязъл в стаята. Казвате я твърде рано. Дайте един комплимент първо.","You spot the mistake before you are in the room. You say it too early. Give one compliment first."
"mercury","1","libra","Мислите наглас с още един и стигате по-далеч. Сам се въртите. Питайте някого.","You think aloud with one other and get further. Alone you circle. Ask somebody."
"mercury","1","scorpio","Не казвате всичко, което сте разбрал, и това ви пази. Мълчанието ви е избор. Само не оставяйте хората да гадаят.","You do not say everything you worked out, and that protects you. Your silence is a choice. Just do not leave people guessing."
"mercury","1","sagittarius","Мислите на едро и подробностите ви убягват. Хващате посоката преди всички. Проверявайте числата.","You think in broad strokes and details escape you. You catch the direction before anybody. Check the numbers."
"mercury","1","capricorn","Казвате малко и всяко изречение е обмислено. Хората чакат отговора ви. Кажете и нещо неподготвено.","You say little and every sentence is considered. People wait for your answer. Say something unprepared as well."
"mercury","1","aquarius","Мислите различно и то се чува веднага. Обичайният ред ви е тесен. Обяснявайте по-бавно.","You think differently and it is heard at once. The usual order is narrow for you. Explain more slowly."
"mercury","1","pisces","Разбирате, преди да сте формулирал, и после ви е трудно да го кажете. Знанието ви е без думи. Записвайте го веднага.","You understand before you have formulated, and then find it hard to say. Your knowing has no words. Write it down at once."
"mercury","2","aries","Смятате бързо наум и решавате на място. Сметката ви е точна, докато не бързате. Пресметнете два пъти при голямото.","You count fast in your head and decide on the spot. Your arithmetic is right until you rush. Count twice on the big one."
"mercury","2","taurus","Знаете какво имате и не го обсъждате. Числата ви са солидни. Само погледнете дали не пестите излишно.","You know what you have and do not discuss it. Your numbers are solid. Just check that you are not saving needlessly."
"mercury","2","gemini","Изкарвате от думи и от знание, и от две места. Едното перо не ви храни. Дръжте и двете живи.","You earn from words and knowledge, and from two places. One line does not feed you. Keep both alive."
"mercury","2","cancer","Помните всяка цена и всеки дълг. Числата ви носят чувство. Правете сметките сутрин.","You remember every price and every debt. Numbers carry feeling for you. Do the accounts in the morning."
"mercury","2","leo","Продавате, като разкажете, и това ви е дарбата. Хората купуват начина. Само дръжте обещаното.","You sell by telling, and that is your gift. People buy the manner. Just keep what you promise."
"mercury","2","virgo","Следите всяка стотинка и знаете къде изтича. Дребното ви занимава повече от нужното. Гледайте го веднъж седмично.","You track every coin and know where it leaks. The small stuff occupies you more than it should. Look at it once a week."
"mercury","2","libra","Парите ви се решават в разговор и на масата. Договорът е приходът. Не подписвайте от учтивост.","Your money gets decided in conversation, at a table. The contract is the income. Never sign out of politeness."
"mercury","2","scorpio","Разбирате от чужди пари и хора ви питат. Знанието ви е стока. Взимайте за съвета.","You understand other people's money and people ask you. Your knowledge is goods. Charge for the advice."
"mercury","2","sagittarius","Мислите за големите суми и пропускате малките. Печелите на замах. Оставяйте резерв.","You think about the large sums and miss the small ones. You earn in one sweep. Leave a reserve."
"mercury","2","capricorn","Планирате на години и се получава. Бързата печалба не ви привлича. Само не отлагайте живота.","You plan in years and it works. A quick gain does not attract you. Just do not postpone living."
"mercury","2","aquarius","Изкарвате от нещо, което другите още не разбират. Обичайният занаят ви е тесен. Дръжте един сигурен приход.","You earn from something others do not yet understand. The usual trade is narrow for you. Keep one steady income."
"mercury","2","pisces","Числата ви се размиват и после се изненадвате. Не е нехайство, а начин на мислене. Ползвайте един сметка и една карта.","Numbers blur for you and then you are surprised. It is not carelessness but a way of thinking. Use one account and one card."
"mercury","3","aries","Отговаряте първи и после мислите дали е било нужно. Езикът ви е бърз. Изчакайте едно дишане.","You answer first and then wonder whether it was needed. Your tongue is fast. Wait one breath."
"mercury","3","taurus","Говорите малко и точно, и това ви носи доверие. Не повтаряте. Само кажете и без покана.","You speak sparingly and precisely, and it earns you trust. You do not repeat. Just say it without being invited."
"mercury","3","gemini","Тук всичко е на място: думите са самата ви работа. Пишете, обяснявате, свързвате. Само довършвайте темата.","Here everything sits in place: words are the work itself. You write, you explain, you connect. Just finish the subject."
"mercury","3","cancer","Разговорът с брат или сестра тече от детството. Помните всеки тон. Отворете стария въпрос.","The conversation with a brother or sister has run since childhood. You remember every tone. Open the old question."
"mercury","3","leo","Разказвате така, че стаята млъква. Обичате да го правите и се вижда. Оставяйте и на другите ред.","You tell it so the room falls silent. You enjoy it and it shows. Leave the others a turn as well."
"mercury","3","virgo","Обяснявате подробно и правилно, и хората понякога се губят. Свалете го до три изречения. Ще ви чуят по-добре.","You explain in detail and correctly, and people sometimes get lost. Cut it to three sentences. They will hear you better."
"mercury","3","libra","Говорите, за да не се засегне никой, и смисълът се размива. Учтивостта ви струва. Кажете едното нещо направо.","You speak so nobody takes offence, and the meaning blurs. Your politeness costs you. Say the one thing directly."
"mercury","3","scorpio","Питате, докато не се отвори, и хората усещат това. Не спирате при удобния отговор. Кажете защо питате.","You ask until it opens, and people feel it. You do not stop at the convenient answer. Say why you are asking."
"mercury","3","sagittarius","Говорите за голямото и обещавате в движение. Подробността ви убягва. Записвайте обещаното.","You talk about the large thing and promise as you go. The detail escapes you. Write the promises down."
"mercury","3","capricorn","Отговаряте кратко и хората ви смятат за строг. Пестеливостта не е студенина. Добавете едно топло изречение.","You answer briefly and people take you for severe. Being sparing is not coldness. Add one warm sentence."
"mercury","3","aquarius","Казвате го, преди стаята да е готова да го чуе. Изпреварвате с години. Обяснявайте по-търпеливо.","You say it before the room is ready to hear it. You are years ahead. Explain more patiently."
"mercury","3","pisces","Знаете какво иска да каже човекът и отговаряте на това. Понякога сте се заблудил. Проверявайте с въпрос.","You know what somebody means and answer that. Sometimes you have it wrong. Check with a question."
"mercury","4","aries","Вкъщи спорите бързо и после ви минава. Тонът ви е по-остър, отколкото мислите. Започвайте по-тихо.","At home you argue fast and then it passes. Your tone is sharper than you think. Begin more quietly."
"mercury","4","taurus","Уреждате книжата за къщата бавно и веднъж. После стоят наред години. Само не отлагайте началото.","You sort the house papers slowly and once. Afterwards they stay in order for years. Just do not postpone the start."
"mercury","4","gemini","Вкъщи винаги се говори и вие го поддържате. Тишината ви е неуютна. Оставете и един тих час.","There is always talk at home and you keep it going. Silence feels unhomely to you. Leave one quiet hour."
"mercury","4","cancer","Помните дома от детството в подробности. Разказвате го, за да не се загуби. Запишете го веднъж.","You remember your childhood home in detail. You tell it so it will not be lost. Write it down once."
"mercury","4","leo","Вкъщи вашата дума е разказът, който всички помнят. Правите от вечерята събитие. Оставяйте и делнични дни.","At home your word is the story everybody remembers. You turn dinner into an event. Leave ordinary days too."
"mercury","4","virgo","Оправяте и подреждате, и никога не е готово. Виждате всяка дребна нередност. Оставете едно нещо.","You fix and arrange, and it is never finished. You see every small thing out of place. Leave one alone."
"mercury","4","libra","Домашните решения се вземат заедно и вие държите на това. Спорът за подредба е спор за равенство. Разделете кой избира.","Household decisions get made together and you hold to that. An argument about arrangement is an argument about equality. Divide who chooses."
"mercury","4","scorpio","Знаете тайните на къщата и мълчите за тях. Информацията тежи. Решете кому да я предадете.","You know the house's secrets and stay silent about them. Information weighs. Decide whom to pass it to."
"mercury","4","sagittarius","Домът ви е пълен с книги и карти. Мислите за друго място. Идете и се върнете.","Your home is full of books and maps. You think about another place. Go and come back."
"mercury","4","capricorn","Домашните въпроси решавате по списък и по график. Работи и е сухо. Добавете един разговор.","You settle household questions by list and schedule. It works and it is dry. Add one conversation."
"mercury","4","aquarius","Подреждате дома по своя логика, а не по общоприетата. Кухнята ви изглежда странно и работи. Обяснете реда на живеещите.","You arrange the home by your own logic rather than the accepted one. Your kitchen looks odd and it works. Explain the order to whoever lives there."
"mercury","4","pisces","Усещате какво липсва в къщата, преди да го е казал някой. Решенията ви идват на тъмно, между два съня. Кажете едно от тях на сутринта.","You sense what the house is missing before anybody says it. Your answers come in the dark, between two sleeps. Say one of them in the morning."
"mercury","5","aries","Измисляте и започвате същия ден. Идеята ви е по-бърза от плана. Довършете едно нещо.","You think of it and start the same day. Your idea is faster than the plan. Finish one thing."
"mercury","5","taurus","Правите нещо с ръце и то излиза трайно. Не бързате и не преправяте. Покажете го по-рано.","You make something by hand and it comes out lasting. You do not hurry and you do not redo. Show it earlier."
"mercury","5","gemini","Тук всичко е на място: измислянето е играта ви. Три започнати неща ви е нормалното. Довършете едно.","Here everything sits in place: inventing is your game. Three things started is normal for you. Finish one."
"mercury","5","cancer","Разказвате на децата истории, които сами измисляте. Правите го без усилие. Записвайте по една.","You tell children stories you invent yourself. You do it without effort. Write one down."
"mercury","5","leo","Показвате направеното и обичате да го обяснявате. Сцената ви подхожда. Само подготвяйте се малко.","You show what you made and enjoy explaining it. The stage suits you. Just prepare a little."
"mercury","5","virgo","Изпипвате детайла и затова се бавите. Разликата вижда само вие. Пуснете го при девет от десет.","You perfect the detail and that is why you are slow. Only you see the difference. Release it at nine out of ten."
"mercury","5","libra","Създавате най-добре с още един, с когото си говорите. Сам ви е тихо. Търсете съавтор.","You create best with one other to talk with. Alone is too quiet. Look for a co-author."
"mercury","5","scorpio","Пишете за неудобни неща и хората четат до края. Стигате близо до нерв. Не се спирайте от критика.","You write about uncomfortable things and people read to the end. You get close to a nerve. Do not stop for criticism."
"mercury","5","sagittarius","Замисляте го голямо и започвате от края. Обещавате повече, отколкото ще стигне. Свалете го наполовина.","You conceive it big and start from the end. You promise more than will stretch. Halve it."
"mercury","5","capricorn","Правите бавно и трайно, и след години още стои. Бърз резултат не търсите. Само не отлагайте.","You work slowly and lastingly, and years later it stands. You look for no fast result. Just do not postpone."
"mercury","5","aquarius","Измисляте нещо, което не е правено така. Обичайното ви е неинтересно. Довеждайте го до край.","You invent something not made that way before. The usual does not interest you. Carry it to the end."
"mercury","5","pisces","Идеите ви идват в полусън и до сутринта ги няма. Не разчитайте на паметта. Записвайте с една дума.","Your ideas come half asleep and by morning they are gone. Do not rely on memory. Write one word."
"mercury","6","aries","Хващате се веднага и вършите бързо. Чакането ви дразни повече от задачата. Спрете половин час по-рано.","You get on with it at once and work fast. Waiting irritates you more than the task. Stop half an hour earlier."
"mercury","6","taurus","Работите по един и същи начин и той работи. Смяната на метода ви бави. Само проверявайте дали още е най-добрият.","You work the same way and it works. Changing the method slows you. Just check it is still the best."
"mercury","6","gemini","Правите две задачи наведнъж и това ви държи. Едната ви приспива. Дръжте ги две.","You do two tasks at once and it keeps you going. One puts you to sleep. Keep it at two."
"mercury","6","cancer","Помните кой какво е свършил и как. Работата ви е свързана с хора. Не носете чуждото.","You remember who finished what and how. Your work is bound up with people. Do not carry theirs."
"mercury","6","leo","Работите по-добре, когато се вижда какво сте направил. Мълчанието ви разколебава. Кажете го сам.","You work better when what you did is visible. Silence unsettles you. Say it yourself."
"mercury","6","virgo","Тук всичко е на място: подробността е самата ви работа. Забелязвате пропуснатото. Само не проверявайте пет пъти.","Here everything sits in place: the detail is the work itself. You notice what was skipped. Just do not check five times."
"mercury","6","libra","Работите добре, когато тонът е спокоен. Уреждате споровете в екипа. Кажете и вашето условие.","You work well when the tone is calm. You settle the team's arguments. State your own condition too."
"mercury","6","scorpio","Влизате в документи, които никой не иска да чете. Намирате грешката. Взимайте за това.","You go into papers nobody wants to read. You find the mistake. Charge for it."
"mercury","6","sagittarius","Работата ви иска път и различни места. Едно бюро ви е тясно. Търсете такава задача.","Your work wants a road and different places. One desk is tight for you. Look for that kind of job."
"mercury","6","capricorn","Работите по график и не пропускате. Товарят ви, защото не се оплаквате. Кажете спирачката.","You work to a schedule and never miss. More is loaded on because you do not complain. Say the word stop."
"mercury","6","aquarius","Правите работата иначе и излиза по-бързо. Правилото без причина ви дразни. Обяснявайте новия начин.","You do the job differently and it comes out faster. A rule with no reason irritates you. Explain the new way."
"mercury","6","pisces","Работата ви трябва смисъл, иначе се разсейвате. Празната задача ви уморява. Изберете смисъл.","Your work needs meaning, otherwise you drift. An empty task tires you. Choose meaning."
"mercury","7","aries","Казвате го направо на човека до вас и после гладите. Спорът ви е кратък. Само не започвайте всеки път.","You say it straight to the person beside you and then smooth it over. Your argument is short. Just do not begin it every time."
"mercury","7","taurus","Обсъждате едно и също, докато не се реши. Не сменяте позиция под натиск. Само слушайте до края.","You discuss the same thing until it is settled. You do not shift position under pressure. Just listen to the end."
"mercury","7","gemini","Разбирате се с човека до вас чрез приказка и шега. Един ден без разговор ви се струва като седмица. Кажете това, вместо да го чакате.","You get on with the person beside you through talk and joking. A day without conversation feels like a week to you. Say that rather than waiting for it."
"mercury","7","cancer","Помните всяка кавга и с какви думи. Тонът остава у вас. Кажете кое още стои.","You remember every row and in what words. The tone stays with you. Say what still sits there."
"mercury","7","leo","Обичате да ви слушат и да ви отговарят. Дребното пренебрегване ви наранява. Поискайте вниманието.","You like being listened to and answered. A small slight wounds you. Ask for the attention."
"mercury","7","virgo","Забелязвате какво може да се оправи в другия и го казвате. Правите го от грижа. Кажете доброто първо.","You notice what could be improved in the other and say it. You do it out of care. Say the good thing first."
"mercury","7","libra","Тук всичко е на място: разговорът е самата връзка. Договаряте се лесно. Само не обещавайте, за да е приятно.","Here everything sits in place: the conversation is the bond itself. You come to terms easily. Just do not promise to keep it pleasant."
"mercury","7","scorpio","Стигате до корена и после и двамата сте изтощени. Не всяка тема иска това. Оставете една.","You get to the root and afterwards you are both drained. Not every subject asks for that. Leave one alone."
"mercury","7","sagittarius","Говорите за големите неща и това ви държи заедно. Дребното ви разваля деня. Върнете се към голямото.","You talk about the large things and that holds you together. The small spoils your day. Return to the large."
"mercury","7","capricorn","Договаряте се по правила, а не по чувство. Работи и е сухо. Добавете едно топло изречение.","You come to terms by rules rather than feeling. It works and it is dry. Add one warm sentence."
"mercury","7","aquarius","Трябва ви човек, който мисли различно от вас. Пълното съгласие ви е безинтересно. Само не спорете за спорта.","You need somebody who thinks differently from you. Complete agreement holds no interest for you. Just do not argue for sport."
"mercury","7","pisces","Разбирате другия, преди да е казал, и отговаряте на предположение. Понякога грешите. Питайте.","You understand the other before they speak and answer a guess. Sometimes you are wrong. Ask."
"mercury","8","aries","Питате за неудобното направо и хората се дърпат. Не заобикаляте. Кажете защо ви трябва.","You ask the uncomfortable question outright and people pull back. You do not go around. Say why you need it."
"mercury","8","taurus","Държите документите наред и знаете къде е всичко. Никой не може да ви заблуди. Само не проверявайте всеки.","You keep the papers in order and know where everything is. Nobody can mislead you. Just do not check everybody."
"mercury","8","gemini","Разбирате как работят дългове и дялове по-добре от повечето. Обяснявате го просто. Взимайте за това.","You understand how debts and shares work better than most. You explain it plainly. Charge for that."
"mercury","8","cancer","Помните всяка стара сметка и кой какво дължи. Списъкът живее у вас. Закрийте го.","You remember every old account and who owes what. The list lives inside you. Close it."
"mercury","8","leo","Говорите за тежкото открито и хората ви слушат. Не разкрасявате. Кажете го и на себе си.","You speak of heavy things openly and people listen. You do not prettify. Say it to yourself as well."
"mercury","8","virgo","Проверявате дребния текст в договора и намирате капана. Никой друг не сяда на това. Взимайте за него.","You check the small print and find the trap. Nobody else sits down to it. Charge for it."
"mercury","8","libra","Общите пари се решават на масата, с двама. Спорът е за доверие, не за сума. Пишете всичко.","Shared money gets settled at a table, by two. The argument is about trust rather than the sum. Put everything in writing."
"mercury","8","scorpio","Тук всичко е на място: разследването е самата ви работа. Стигате до дъното. Само не разследвайте близките.","Here everything sits in place: investigation is the work itself. You reach the bottom. Just do not investigate the people close to you."
"mercury","8","sagittarius","Интересува ви как свършват нещата и какво остава. Другите го наричат мрачно. Обяснявайте го спокойно.","You are interested in how things end and what remains. Others call it dark. Explain it calmly."
"mercury","8","capricorn","Приключвате чужди сметки точно и без коментар. Носите тежкото по график. Кажете какво ви взима.","You close other people's accounts precisely and without comment. You carry the heavy part on a schedule. Say what it takes from you."
"mercury","8","aquarius","Гледате на края като на механика. Хората се стряскат от това. Кажете го по-мека.","You look at endings as mechanics. People are startled by it. Say it more gently."
"mercury","8","pisces","Усещате какво не се казва и мълчите за него. Знаете повече, отколкото е удобно. Дайте едно наблюдение.","You sense what is not being said and stay quiet about it. You know more than is comfortable. Give one observation."
"mercury","9","aries","Учите с правене и тръгвате, преди да сте прочел. Проверката идва после. Само вземайте обратен билет.","You learn by doing and set off before reading. The checking comes later. Just buy a return ticket."
"mercury","9","taurus","Учите бавно и не пропускате стъпка. Веднъж наученото остава. Оставяйте място за ново.","You learn slowly and skip no step. What is learned stays. Leave room for something new."
"mercury","9","gemini","Тук всичко е на място: ученето е самото ви удоволствие. Знаете по малко от много. Задълбочете едно.","Here everything sits in place: studying is your pleasure itself. You know a little of much. Go deep in one."
"mercury","9","cancer","Учите чрез хора и истории. Далечното ви привлича и домъчнява. Носете нещо от дома.","You learn through people and stories. The far-away draws you and makes you homesick. Take something from home."
"mercury","9","leo","Обяснявате широко и хората ви вярват. Убедеността ви е видима. Проверявайте фактите.","You explain expansively and people believe you. Your conviction shows. Check the facts."
"mercury","9","virgo","Проверявате източника, преди да повярвате. Голямото твърдение ви дразни. Само не спирайте от съмнение.","You check the source before believing. A grand claim irritates you. Just do not let doubt stop you."
"mercury","9","libra","Стигате до истината в разговор с още един. Сам мислите на кръг. Търсете събеседник.","You reach the truth in conversation with one other. Alone you think in circles. Look for an interlocutor."
"mercury","9","scorpio","Учите нещо, което малцина учат, и стигате дълбоко. Повърхностното ви дразни. Направете го публично.","You study something few study and go deep. The shallow irritates you. Make it public."
"mercury","9","sagittarius","Учите за далечни места и езици. Едно поле ви е тясно. Тръгвайте, а не само четете.","You study far places and languages. One field is narrow for you. Set off rather than only reading."
"mercury","9","capricorn","Учите с години и без кратък път. Дипломата дойде след опита. Кажете го на един по-млад.","You study for years and take no shortcut. The certificate came after the experience. Say that to somebody younger."
"mercury","9","aquarius","Мислите различно от учебника и обикновено сте прав. Изпреварвате мнозина. Обяснявайте търпеливо.","You think differently from the textbook and are usually right. You are ahead of many. Explain patiently."
"mercury","9","pisces","Разбирате смисъла, преди да сте прочел довода. Знанието ви идва без думи. Записвайте го веднага.","You catch the meaning before reading the argument. Your knowing arrives without words. Write it down at once."
"mercury","10","aries","Отговаряте бързо пред хора и това ви носи име. Понякога твърде бързо. Изчакайте едно дишане.","You answer fast in public and it makes your name. Sometimes too fast. Wait one breath."
"mercury","10","taurus","Признават ви за думата, която държите. Не обещавате леко. Само кажете и повече.","You are recognised for the word you keep. You do not promise lightly. Just say a little more as well."
"mercury","10","gemini","Тук всичко е на място: това, което казвате пред хора, е работата ви. Обяснявате и свързвате. Мерете един ред.","Here everything sits in place: what you say in public is your work. You explain and you connect. Measure one line."
"mercury","10","cancer","Помнят ви по това, как говорите с хората. Тонът ви е репутацията. Пазете го и в лош ден.","You are remembered for how you speak to people. Your tone is your reputation. Keep it on a bad day too."
"mercury","10","leo","Говорите пред хора и това ви е сцената. Обичате го и се вижда. Само подготвяйте се.","You speak in public and that is your stage. You enjoy it and it shows. Just prepare."
"mercury","10","virgo","Признават ви за точността в дребното. Работата ви е чиста. Кажете какво сте свършил.","You are recognised for precision in small things. Your work is clean. Say what you finished."
"mercury","10","libra","Мястото ви идва през разговор и договор. Умеете да се разбирате. Пишете условията предварително.","Your position comes through conversation and terms. You know how to reach an agreement. Put the terms in writing in advance."
"mercury","10","scorpio","Знаете неудобното за системата, в която работите. Информацията е тежест. Пазете си гърба.","You know the uncomfortable things about the system you work in. The information is a weight. Cover yourself."
"mercury","10","sagittarius","Името ви расте през чужд език и друг пазар. Тук ви ползват тясно. Пратете едно писмо навън.","Your name grows through another language and market. Here you are used narrowly. Send one letter out."
"mercury","10","capricorn","Плащат ви за преценка и вие я давате бавно. Точно затова ви вярват. Дръжте линията.","You are paid for judgement and you give it slowly. That is exactly why you are believed. Hold the line."
"mercury","10","aquarius","Говорите неудобното пред хора и това ви прави и име, и врагове. Изпреварвате стаята. Пресмятайте цената.","You say the uncomfortable thing in public, which makes you both a name and enemies. You are ahead of the room. Reckon the cost."
"mercury","10","pisces","Обясненията ви са образни и хората ги помнят. Точността идва после. Проверявайте числата.","Your explanations are vivid and people remember them. Precision comes second. Check the numbers."
"mercury","11","aries","В компанията вие подхвърляте идеята и всичко тръгва. Не чакате ред. Оставяйте и на другите ход.","In company you toss out the idea and it all starts. You do not wait your turn. Leave the others a move."
"mercury","11","taurus","В кръга ви ценят за здравия разум. Не се увличате. Само кажете и нещо смело.","In the circle you are valued for good sense. You do not get carried away. Just say something bold too."
"mercury","11","gemini","Тук всичко е на място: свързването на хора е вашето. Знаете кой с кого. Само не пренасяйте всичко.","Here everything sits in place: connecting people is yours. You know who goes with whom. Just do not carry every message."
"mercury","11","cancer","Приятелите ви пишат нощем и вие отговаряте. Помните всичко за всеки. Оставяйте и час за себе си.","Friends write to you at night and you answer. You remember everything about everybody. Leave an hour for yourself."
"mercury","11","leo","В групата вие сте гласът, който разказва. Обичате публиката. Питайте и другите какво мислят.","In the group you are the voice that tells the story. You enjoy the audience. Ask the others what they think."
"mercury","11","virgo","В екипа проверявате вместо всички. Работата е безплатна досега. Кажете кога спирате.","In the team you do the checking for everybody. The work has been free so far. Say when you stop."
"mercury","11","libra","Уреждате разговорите в кръга и всички са спокойни. Никой не отчита това. Поискайте нещо и вие.","You smooth the conversations in the circle and everybody is calm. Nobody records it. Ask for something too."
"mercury","11","scorpio","Знаете за групата повече, отколкото е удобно. Мълчите за половината. Дайте едно наблюдение на един човек.","You know more about the group than is comfortable. You keep quiet about half. Give one observation to one person."
"mercury","11","sagittarius","Кръгът ви е на други места и говорите на два езика. Тук малцина ви разбират. Пишете на далечните.","Your circle is elsewhere and you speak two languages. Here few understand you. Write to the distant ones."
"mercury","11","capricorn","В групата казвате какво няма да стане и сте прав. Не сте търсен за това. Кажете и какво може.","In the group you say what will not work, and you are right. You are not sought out for it. Say what could too."
"mercury","11","aquarius","В кръга мислите различно от всички и го казвате. Точно за това ви търсят. Обяснявайте по-бавно.","In the circle you think differently from everybody and you say so. That is exactly why they come to you. Explain more slowly."
"mercury","11","pisces","Усещате какво не се казва в компанията. Знаете, преди да е обявено. Проверявайте с въпрос.","You sense what is not being said in company. You know before it is announced. Check with a question."
"mercury","12","aries","Мислите ясно, когато сте сам, и решавате наведнъж. Пред хора се обърквате. Пишете, вместо да казвате.","You think clearly alone and decide all at once. In front of people you get muddled. Write rather than say."
"mercury","12","taurus","Обмисляте дълго на тихо и после не се отмествате. Времето ви е нужно. Само кажете, че ви трябва.","You consider it slowly in quiet and then do not budge. You need the time. Just say that you need it."
"mercury","12","gemini","Умът ви работи най-добре при затворена врата. Мислите са ясни, докато не ги произнесете. Записвайте ги.","Your mind works best with the door shut. The thoughts are clear until you speak them. Write them down."
"mercury","12","cancer","Помните нещата, за които никой не говори. Мълчите, за да не наранявате. Кажете едно нещо внимателно.","You remember the things nobody talks about. You stay silent so as not to wound. Say one thing carefully."
"mercury","12","leo","Правите нещо, което никой не знае, че е ваше. Не искате името си отгоре. Оставете един подпис.","You do something nobody knows is yours. You do not want your name on it. Leave one signature."
"mercury","12","virgo","Проверявате тихо и никой не вижда труда. Резултатът изглежда лесен. Опишете процеса веднъж.","You check quietly and nobody sees the labour. The result looks easy. Describe the process once."
"mercury","12","libra","Мислите за хората и мълчите за изводите. Не искате да развалите мира. Кажете едно нещо на един.","You think about people and keep the conclusions to yourself. You do not want to spoil the peace. Say one thing to one person."
"mercury","12","scorpio","Разбирате чужди мотиви и не го казвате никому. Знанието стои неизползвано. Извадете една част.","You understand people's motives and tell nobody. The knowledge sits unused. Bring one part out."
"mercury","12","sagittarius","Учите нещо тайно и не го обявявате. Няма кой да го потвърди. Напишете десет страници.","You study something in secret and do not announce it. There is nobody to certify it. Write ten pages."
"mercury","12","capricorn","Мислите нощем и по график, за който няма отчет. Никой не знае колко е. Дайте си край на деня.","You think at night and to a schedule no report covers. Nobody knows how much it is. Give yourself an end to the day."
"mercury","12","aquarius","Мислите неща, които не се казват на глас в тази стая. Изпреварвате всички. Изберете кому да ги кажете.","You think things not said out loud in this room. You are ahead of everybody. Choose whom to say them to."
"mercury","12","pisces","Тук всичко е на място: знаете, без да можете да обясните откъде. Умът ви работи на изображения. Записвайте ги веднага.","Here everything sits in place: you know without being able to explain how. Your mind works in images. Write them down at once."
"venus","1","aries","Харесвате се на хора още преди да сте казал нещо, и бързате нататък. Флиртът ви е весел и без план. Само не оставяйте недоразумения зад себе си.","People like you before you have said anything, and you are already moving on. Your flirting is cheerful and unplanned. Just do not leave misunderstandings behind you."
"venus","1","taurus","Присъствието ви е приятно и хората стоят близо. Не бързате да се харесате. Точно това работи.","Your presence is pleasant and people stand close. You are in no hurry to be liked. That is exactly what works."
"venus","1","gemini","Привличате с думи и с лекота. Разговорът ви е ухажване. Само дръжте това, което сте казал.","You attract with words and with lightness. Your conversation is courtship. Just keep to what you said."
"venus","1","cancer","Хората ви усещат като топло и се доверяват бързо. Меките ви очи говорят преди вас. Пазете границата.","People feel warmth in you and trust you quickly. Your soft eyes speak before you do. Guard the boundary."
"venus","1","leo","Влизате и стаята поглежда. Обичате го и не го криете. Само оставяйте и на другите светлината.","You come in and the room looks. You like it and you do not hide it. Just leave the light to the others sometimes."
"venus","1","virgo","Изглеждате изрядно и това е част от вас. Дребният детайл ви занимава. Оставете едно нещо небрежно.","You look immaculate and it is part of you. A small detail occupies you. Leave one thing careless."
"venus","1","libra","Съобразявате се с всеки и това ви прави харесван и уморен. Хармонията ви е навик. Кажете едно свое желание.","You accommodate everybody, which makes you liked and tired. Harmony is a habit for you. Say one wish of your own."
"venus","1","scorpio","Привличате, без да правите нищо, и това понякога ви тежи. Не показвате колко усещате. Изберете кого пускате.","You attract without doing anything, and sometimes it weighs on you. You do not show how much you feel. Choose whom you let in."
"venus","1","sagittarius","Смеете се лесно и хората идват заради това. Обещавате настроение. Само не обещавайте повече.","You laugh easily and people come for it. You promise a mood. Just do not promise more."
"venus","1","capricorn","Държите се сдържано и хората ви смятат за студен. Топлината ви идва по-късно. Дайте един знак рано.","You carry yourself reservedly and people take you for cool. Your warmth comes later. Give one sign early."
"venus","1","aquarius","Харесвате се на хора, които не се харесват на всички. Обичайното ви е неинтересно. Не се обяснявайте.","You appeal to people who do not appeal to everybody. The usual does not interest you. Do not explain."
"venus","1","pisces","Хората виждат във вас това, което им трябва. Границата ви е мека и се възползват. Кажете едно ясно не.","People see in you what they need. Your edge is soft and it gets used. Say one clear no."
"venus","2","aries","Купувате веднага, щом ви хване. Пазаренето не ви е интересно. Изчакайте един ден.","You buy the moment it catches you. Haggling does not interest you. Wait one day."
"venus","2","taurus","Тук всичко е на място: хубавото, което се пипа, е вашето. Държите на качеството и на своето. Само не трупайте.","Here everything sits in place: the good thing you can touch is yours. You hold to quality and to what is yours. Just do not hoard."
"venus","2","gemini","Купувате две вместо едно и после не ползвате нито едно. Интересът ви е бърз. Изберете едното.","You buy two instead of one and then use neither. Your interest is quick. Choose the one."
"venus","2","cancer","Купувате за дома и за хората в него. Хубавото ви е споделено. Оставяйте и за себе си.","You buy for the home and the people in it. What is beautiful is shared for you. Leave something for yourself too."
"venus","2","leo","Купувате хубавото и не питате колко. Показното ви радва. Определете сума.","You buy the fine thing and do not ask the price. Display gladdens you. Set a sum."
"venus","2","virgo","Купувате точно това, което ви трябва, и то трае. Дребната сметка ви занимава. Позволете си едно излишно.","You buy exactly what you need and it lasts. The small bill occupies you. Allow yourself one unnecessary thing."
"venus","2","libra","Парите ви идват през хора и приятни договорки. Умеете да поискате. Кажете цената без извинение.","Your money comes through people and pleasant arrangements. You know how to ask. Say the price without apology."
"venus","2","scorpio","Държите на своето и не го давате назаем. Знаете кой колко ви дължи. Само не броите вечно.","You hold to what is yours and do not lend it. You know who owes you what. Just do not count forever."
"venus","2","sagittarius","Харчите за пътуване и за учене, без да мислите. Тези пари не съжалявате. Оставяйте перо за тях.","You spend on travel and learning without thinking. You do not regret that money. Set a line aside for it."
"venus","2","capricorn","Купувате рядко и трайно, и то остава с години. Не се увличате. Позволете си едно удоволствие.","You buy rarely and lastingly, and it stays for years. You do not get carried away. Allow yourself one pleasure."
"venus","2","aquarius","Харчите за странни неща и ги обичате. Обичайното не ви привлича. Само дръжте лимит.","You spend on odd things and you love them. The usual does not attract you. Just keep a limit."
"venus","2","pisces","Купувате, за да ви олекне, и после не помните какво. Числата се размиват. Ползвайте пари в брой една седмица.","You buy to feel lighter and afterwards cannot recall what. Numbers blur. Use cash for one week."
"venus","3","aries","Казвате милото веднага и после ви е неудобно. Комплиментът ви е искрен и бърз. Кажете го пак трезво.","You say the kind thing at once and then feel awkward. Your compliment is sincere and fast. Say it again, soberly."
"venus","3","taurus","Говорите топло и бавно, и това успокоява. Не пилеете думи. Кажете и без покана.","You speak warmly and slowly, and it settles people. You do not waste words. Say it without being invited."
"venus","3","gemini","Разговорът ви е удоволствие и се вижда. Умеете да сближите двама с една дума. Само не носете чуждото.","Conversation is a pleasure for you and it shows. You can bring two people together with a word. Just do not carry their business."
"venus","3","cancer","Пишете топли съобщения и ги пазите години. Думите ви са спомен. Пратете едно днес.","You write warm messages and keep them for years. Your words are a keepsake. Send one today."
"venus","3","leo","Разказвате хубаво и хората ви слушат до края. Обичате да радвате със реч. Само оставяйте и на другите ред.","You tell it well and people hear you out. You like to gladden with speech. Just leave the others a turn."
"venus","3","virgo","Казвате го внимателно и точно, за да не заболи. Подбирате всяка дума. Понякога кажете направо.","You say it carefully and precisely so it will not hurt. You choose every word. Sometimes say it plainly."
"venus","3","libra","Тук всичко е на място: добрата дума е самата ви сила. Уреждате с разговор. Само кажете и неудобното.","Here everything sits in place: the kind word is your strength itself. You settle things by talking. Just say the awkward thing too."
"venus","3","scorpio","Казвате малко и то остава у човека години. Знаете къде да пипнете. Пипайте на добро.","You say little and it stays in a person for years. You know where to touch. Touch for the good."
"venus","3","sagittarius","Говорите за далечни места и хората ви завиждат. Обещавате пътувания. Направете едно от тях.","You talk of far places and people envy you. You promise journeys. Make one of them happen."
"venus","3","capricorn","Говорите пестеливо и топлината идва в делата. Другият чака дума. Кажете една на глас.","You speak sparingly and the warmth comes in what you do. The other is waiting for a word. Say one out loud."
"venus","3","aquarius","Говорите иначе и това привлича. Обичайният комплимент не ви е по вкуса. Само бъдете разбираем.","You speak differently and it draws people. The usual compliment is not to your taste. Just stay understandable."
"venus","3","pisces","Казвате го с образ, а не с довод, и се помни. Точността идва после. Проверявайте какво сте обещал.","You say it with an image rather than an argument, and it is remembered. Precision comes second. Check what you promised."
"venus","4","aries","Правите дома си бързо и после го преправяте. Първият вариант ви омръзва. Оставете едно нещо да остане.","You make your home fast and then remake it. The first version wears out for you. Let one thing stay."
"venus","4","taurus","Тук всичко е на място: домът ви е хубав и трае. Пипате бавно и веднъж. Само пускайте хора да го видят.","Here everything sits in place: your home is handsome and it lasts. You work slowly and once. Just let people see it."
"venus","4","gemini","Домът ви се сменя често и това ви подхожда. Едно и също ви омръзва. Само оставете нещо на място.","Your home changes often and that suits you. The same thing wears out for you. Just let something stay put."
"venus","4","cancer","Домът ви е топъл и хората не искат да си тръгват. Красивото за вас е уют. Пазете една стая за себе си.","Your home is warm and people do not want to leave. Beauty for you is comfort. Keep one room for yourself."
"venus","4","leo","Домът ви е хубав и вие го показвате. Гостите ви радват. Оставяйте и вечер без никого.","Your home is handsome and you show it. Guests gladden you. Leave an evening with nobody as well."
"venus","4","virgo","Домът ви е изряден и виждате всяка дребна нередност. Никой друг не я вижда. Оставете едно нещо.","Your home is immaculate and you see every small thing out of place. Nobody else sees it. Leave one alone."
"venus","4","libra","Домът се прави заедно и вие държите на това. Спорът за цвят е спор за глас. Разделете кой избира.","The home is made together and you hold to that. An argument about colour is an argument about having a say. Divide who chooses."
"venus","4","scorpio","Домът ви е затворен и вътре е дълбоко. Пускате малцина. Пуснете един нов.","Your home is closed and inside it runs deep. You let few in. Let one new person in."
"venus","4","sagittarius","Домът ви е пълен с неща отдалеч. Красивото ви идва отвън. Правете го както искате.","Your home is full of things from far away. Beauty reaches you from outside. Make it as you want."
"venus","4","capricorn","Домът ви е скъп и обмислен, и е дошъл след години работа. Не сте го получил даром. Радвайте му се на глас.","Your home is costly and considered, and it came after years of work. Nobody gave it to you. Take pleasure in it out loud."
"venus","4","aquarius","Домът ви не е като другите и точно това го прави ваш. Обичайният уют ви е тесен. Обяснете реда на живеещите.","Your home is not like the others, and that is exactly what makes it yours. The usual comfort is tight for you. Explain the order to whoever lives there."
"venus","4","pisces","Домът ви е мек и малко разпилян, и там ви е добре. Редът не ви е важен. Само пазете едно чисто ъгълче.","Your home is soft and a little scattered, and you are well there. Order does not matter to you. Just keep one clean corner."
"venus","5","aries","Влюбвате се за ден и после решавате. Началото ви е най-хубавото. Дайте на едно нещо три месеца.","You fall in love in a day and decide afterwards. The beginning is your best part. Give one thing three months."
"venus","5","taurus","Обичате трайно и без сцени. Удоволствието ви е познато и телесно. Пробвайте едно ново нещо.","You love lastingly and without scenes. Your pleasure is familiar and bodily. Try one new thing."
"venus","5","gemini","Флиртувате с думи и ви е забавно. Няколко неща наведнъж е нормално за вас. Кажете го честно.","You flirt with words and enjoy it. Several things at once is normal for you. Say so honestly."
"venus","5","cancer","Обичате с грижа и това е вашият език. С деца ви е леко. Кажете и на глас какво чувствате.","You love with care and that is your language. With children you are easy. Say out loud what you feel as well."
"venus","5","leo","Тук всичко е на място: удоволствието и показването са едно. Обичате открито и щедро. Само не работете за аплауз.","Here everything sits in place: the pleasure and the showing are one. You love openly and generously. Just do not work for applause."
"venus","5","virgo","Правите красиво и виждате само пропуските. Никой друг не ги вижда. Покажете го така.","You make something lovely and see only the flaws. Nobody else sees them. Show it as it is."
"venus","5","libra","Удоволствието ви е за двама и сам не ви е забавно. Търсите партньор, не публика. Кажете го.","Your pleasure is for two and alone is no fun. You look for a partner rather than an audience. Say so."
"venus","5","scorpio","Влюбвате се докрай и не пускате, а на глас казвате малко. Другият усеща силата и се плаши от нея. Кажете едно нещо направо, преди да е порасло.","You fall in love completely and do not let go, while saying little out loud. The other feels the force and takes fright at it. Say one thing plainly before it grows."
"venus","5","sagittarius","Радвате се на новото и на далечното. Едно и също място ви убива интереса. Планирайте нещо.","You are gladdened by the new and the far. The same place kills your interest. Plan something."
"venus","5","capricorn","Не си позволявате радост, докато не сте свършил. Никога не е свършено. Спрете по-рано веднъж.","You allow yourself no gladness until you are done. It is never done. Stop earlier once."
"venus","5","aquarius","Обичате нещо, което другите не разбират, и това ви подхожда. Не се обяснявайте. Намерете двама като вас.","You love something others do not understand, and it suits you. Do not explain. Find two people like you."
"venus","5","pisces","Влюбвате се в представата и после виждате човека. Двете рядко съвпадат. Питайте нещо конкретно рано.","You fall in love with the picture and then see the person. The two rarely match. Ask something concrete early."
"venus","6","aries","Работите с удоволствие, докато е ново. После ви омръзва. Сменяйте задачата, не работата.","You work with pleasure while it is new. Then it wears out. Change the task rather than the job."
"venus","6","taurus","Работите с ръце и хубаво, и не бързате. Качеството ви е подпис. Взимайте за него.","You work by hand and well, and you do not hurry. Quality is your signature. Charge for it."
"venus","6","gemini","Работата ви трябва да е приятна и разнообразна. Едното нещо ви приспива. Дръжте две.","Your work has to be pleasant and varied. One thing puts you to sleep. Keep two."
"venus","6","cancer","Работата ви е грижа за хора и това ви подхожда. Топлотата ви е умение. Не я давайте безплатно.","Your work is looking after people and it suits you. Your warmth is a skill. Do not give it for free."
"venus","6","leo","Работите по-добре, когато мястото е хубаво. Мрачната стая ви спира. Направете си ъгъл.","You work better when the place is handsome. A gloomy room stops you. Make yourself a corner."
"venus","6","virgo","Тук всичко е на място: грижата и вкусът са самата работа. Правите го изпипано. Само не за всички преди себе си.","Here everything sits in place: care and taste are the work itself. You do it neatly. Just not for everybody before yourself."
"venus","6","libra","Работата ви върви, когато отношенията са спокойни. Лош тон ви спира за ден. Кажете го рано.","Your work goes when relations are calm. A bad tone stops you for a day. Say so early."
"venus","6","scorpio","Вършите точно тази част от работата, която никой не иска да пипне. Не се хвалите и никой не пита. Кажете една от тези задачи на глас.","You do exactly the part of the job nobody wants to touch. You do not boast and nobody asks. Name one of those tasks out loud."
"venus","6","sagittarius","Работата ви иска простор и хора отдалеч. Тясното ви задушава. Гледайте навън.","Your work wants space and people from far away. The narrow suffocates you. Look outwards."
"venus","6","capricorn","Работите добросъвестно и мълчаливо, и ви товарят още. Не се оплаквате. Кажете спирачката.","You work conscientiously and silently, and more gets loaded on. You do not complain. Say the word stop."
"venus","6","aquarius","Работата ви е хубава, когато е различна. Правилото без причина ви дразни. Обяснявайте новия начин.","Your work is good when it is different. A rule with no reason irritates you. Explain the new way."
"venus","6","pisces","Работата ви трябва смисъл и красиво наведнъж. Празната задача ви изсушава. Изберете мястото по това.","Your work needs meaning and beauty at once. An empty task dries you out. Choose the place by that."
"venus","7","aries","Избирате бързо и после свиквате. Ухажването ви е кратко. Дайте на другия време.","You choose fast and then get used to it. Your courtship is short. Give the other time."
"venus","7","taurus","Веднъж избран, човекът е за дълго. Не търсите промяна. Само проверявайте дали още сте добре.","Once chosen, the person is for the long term. You do not look for change. Just check you are still well."
"venus","7","gemini","Трябва ви лекота и разговор в двойката. Тежкото мълчание ви прогонва. Кажете го направо.","You need lightness and talk in the pair. Heavy silence drives you off. Say so directly."
"venus","7","cancer","Търсите човек, с когото да сте на топло. Близостта е ежедневие, не събитие. Кажете какво значи.","You look for somebody to be warm with. Closeness is everyday life rather than an event. Say what that means."
"venus","7","leo","Искате да сте горд с човека до вас. Дребната грубост ви наранява. Хвалете го на глас.","You want to be proud of the person beside you. A small rudeness wounds you. Praise them out loud."
"venus","7","virgo","Забелязвате какво не е наред в двойката и го оправяте. Правите го от обич. Кажете доброто първо.","You notice what is off in the pair and you fix it. You do it out of love. Say the good thing first."
"venus","7","libra","Тук всичко е на място: двама е самото ви място. Съобразявате се и очаквате същото. Само кажете какво искате вие.","Here everything sits in place: two is your place itself. You accommodate and expect the same. Just say what you want."
"venus","7","scorpio","Обвързвате се дълбоко или никак. Проверявате дълго. Само не проверявайте безкрайно.","You bond deeply or not at all. You test for a long time. Just do not test forever."
"venus","7","sagittarius","Искате човек, с когото животът е широк. Затвореният ден ви убива. Кажете го в началото.","You want somebody with whom life is wide. A closed-in day kills you. Say so at the beginning."
"venus","7","capricorn","Пускате човек близо след дълга проверка и после оставате години. Обещанието ви е по-тежко от чувството. Кажете и топлото на глас.","You let somebody close after a long vetting and then stay for years. Your promise weighs more than the feeling. Say the warm thing out loud too."
"venus","7","aquarius","Искате близост, която оставя въздух. Лепенето ви прогонва. Кажете границата рано.","You want a closeness that leaves air. Clinging drives you off. State the limit early."
"venus","7","pisces","Влизате в другия и после сте изчезнал. Границата се размива бързо. Пазете едно свое занимание.","You go into the other and then you are gone. The edge blurs fast. Keep one pursuit of your own."
"venus","8","aries","Влизате в страстта първи и без да мислите. Отдръпването е после. Изчакайте един ход.","You go into the passion first and without thinking. The pulling back comes later. Wait one move."
"venus","8","taurus","Държите на човека и на общото, и не пускате. Ревността ви е телесна. Кажете я, преди да е станала действие.","You hold on to the person and to what is shared, and do not let go. Your jealousy is bodily. Say it before it becomes an action."
"venus","8","gemini","Разпитвате за миналото и после не ви олеква. Знанието не е спокойствие. Спрете при второто питане.","You ask about the past and afterwards feel no better. Knowing is not calm. Stop at the second question."
"venus","8","cancer","Обичта и загубата у вас са свързани. Държите здраво, защото помните. Отпуснете пръсти.","Affection and loss are joined in you. You hold tight because you remember. Loosen your fingers."
"venus","8","leo","Искате страст, която се вижда, и я получавате. Тайното не ви е по вкуса. Само пазете чуждото име.","You want a passion that shows, and you get it. The secret is not to your taste. Just protect the other person's name."
"venus","8","virgo","Уреждате общите пари изрядно и до стотинка. Никой не може да ви упрекне. Кажете сметката на глас.","You settle shared money immaculately, to the coin. Nobody can reproach you. Say the reckoning out loud."
"venus","8","libra","Общото се решава на масата, честно и наполовина. Несправедливото ви боли повече от загубата. Пишете всичко.","What is shared gets settled at the table, fairly and in half. Unfairness hurts you more than the loss. Put everything in writing."
"venus","8","scorpio","Тук всичко е на място: дълбокото е самото ви удоволствие. Плитките отношения не ви държат. Само не бъркайте страст с избор.","Here everything sits in place: the deep is your pleasure itself. Shallow bonds do not hold you. Just do not confuse passion with choice."
"venus","8","sagittarius","Привлича ви чуждото и далечното. Тук не намирате вкуса си. Търсете там, където го има.","The foreign and the far draw you. Here you do not find your taste. Look where it exists."
"venus","8","capricorn","Обвързвате се с общо имущество и мислите за десет години напред. Не бързате. Само кажете и топлото.","You bind yourself with shared property and think ten years ahead. You do not hurry. Just say the warm thing too."
"venus","8","aquarius","Обичате свободно и обяснявате правилата ясно. Обичайното не ви върши работа. Кажете ги отначало.","You love freely and state the rules clearly. The usual is no use to you. Say them at the start."
"venus","8","pisces","Разтваряте се в другия и после не се намирате. Границата липсва. Пазете една своя вечер.","You dissolve into the other and then cannot find yourself. The boundary is missing. Keep one evening of your own."
"venus","9","aries","Тръгвате внезапно и се влюбвате в пътя. Планът идва после. Само вземайте обратен билет.","You set off suddenly and fall in love with the road. The plan comes later. Just buy a return ticket."
"venus","9","taurus","Обичате едно място и се връщате там всяка година. Не търсите ново. Само пробвайте едно.","You love one place and return every year. You look for nothing new. Just try one other."
"venus","9","gemini","Обичате езици и разкази отдалеч. Едно място ви е тясно. Задълбочете едно от тях.","You love languages and stories from far away. One place is narrow for you. Go deep in one of them."
"venus","9","cancer","Домъчнява ви за далечното и за дома наведнъж. Носите нещо ваше със себе си. Така е правилно.","You long for the far-away and for home at once. You take something of your own with you. That is right."
"venus","9","leo","Обичате красивото в чуждото и го показвате. Пътуването ви е сцена. Разкажете и трудното.","You love the beautiful in the foreign and you show it. Travel is your stage. Tell the hard part too."
"venus","9","virgo","Обичате точното знание и красивия ред в него. Небрежното ви дразни. Само не поправяйте всекиго.","You love exact knowledge and the fine order in it. Sloppiness irritates you. Just do not correct everybody."
"venus","9","libra","Тук всичко е на място: далечното и красивото са едно. Учите с удоволствие. Само не обещавайте пътувания напразно.","Here everything sits in place: the far and the beautiful are one. You study with pleasure. Just do not promise journeys idly."
"venus","9","scorpio","Привлича ви учение, което не е за всеки. Дълбокото ви е красиво. Пазете го за малцина.","A teaching not meant for everybody draws you. The deep is beautiful to you. Keep it for a few."
"venus","9","sagittarius","Обичате широкото и вярвате, че ще стигнете. Обещавате големи планове. Направете един.","You love the wide and believe you will get there. You promise large plans. Do one."
"venus","9","capricorn","Учите бавно и с уважение към старото. Красивото ви е трайно. Само не отказвайте новото.","You study slowly and with respect for the old. Beauty for you is lasting. Just do not refuse the new."
"venus","9","aquarius","Привлича ви чуждото мислене повече от чуждия град. Обичайното ви е тясно. Търсете хора, не места.","Foreign thinking draws you more than a foreign city. The usual is narrow for you. Look for people rather than places."
"venus","9","pisces","Обичате място, което помните по-хубаво, отколкото е било. Красивото живее в спомен. Идете още веднъж.","You love a place you remember more beautifully than it was. The beauty lives in memory. Go once more."
"venus","10","aries","Признават ви бързо и вие бързате нататък. Първото впечатление ви е силата. Само дръжте обещаното.","You are recognised fast and you are already moving on. First impressions are your strength. Just keep what you promise."
"venus","10","taurus","Мястото ви е дошло от вкус и от постоянство. Признават ви бавно и трайно. Само кажете какво искате.","Your position came from taste and from constancy. You are recognised slowly and lastingly. Just say what you want."
"venus","10","gemini","Познават ви по това, което казвате приятно. Умеете да представите нещо. Само дръжте съдържание отзад.","You are known for saying things pleasantly. You know how to present something. Just keep substance behind it."
"venus","10","cancer","Помнят ви по това как се държите с хората. Топлотата ви е репутация. Пазете я и в лош ден.","You are remembered for how you are with people. Your warmth is your reputation. Keep it on a bad day too."
"venus","10","leo","Тук всичко е на място: харесват ви и това отваря врати. Обичате да ви виждат добре. Само не работете за поглед.","Here everything sits in place: you are liked and it opens doors. You like being seen well. Just do not work for the looking."
"venus","10","virgo","Признават ви за изпипаното. Работата ви е чиста и точна. Кажете какво сте направил.","You are recognised for the neatly done thing. Your work is clean and exact. Say what you did."
"venus","10","libra","Мястото ви идва през хора и договорка. Умеете да се разбирате. Пишете условията все пак.","Your position comes through people and arrangement. You know how to agree. Put the terms in writing all the same."
"venus","10","scorpio","Мястото ви е дошло след нещо тежко и не разказвате. Красивото дойде след това. Пазете си историята.","Your position came after something heavy and you do not tell it. The beauty came after. Keep your story."
"venus","10","sagittarius","Признават ви по-лесно навън. Вкусът ви е чужд тук. Гледайте натам.","You are recognised more easily away. Your taste is foreign here. Look that way."
"venus","10","capricorn","Мястото ви е спечелено бавно и с вкус. Блясъкът не ви е стока. Взимайте, колкото струва.","Your position was earned slowly and with taste. Shine is not your goods. Charge what it is worth."
"venus","10","aquarius","Работата ви е там, където правят красивото иначе. Старият вкус ви задушава. Търсете точно това.","Your work is where beauty is made differently. Old taste suffocates you. Look for exactly that."
"venus","10","pisces","Работата ви е изкуство, грижа или вяра. Числата не ви движат. Кажете си цената все пак.","Your work is art, care or faith. Numbers do not move you. Say your price all the same."
"venus","11","aries","Влизате в компания и веднага се сближавате с някого. Приятелството ви тръгва за час. Само проверявайте с кого.","You come into company and are close to somebody within the hour. Your friendship starts fast. Just check with whom."
"venus","11","taurus","Приятелите ви са от години и няма да ги смените. Новите идват трудно. Оставете вратата отворена.","Your friends are years old and you will not swap them. New ones come hard. Leave the door open."
"venus","11","gemini","Познавате много хора и с всеки ви е приятно. Кръгът ви е широк и лек. Задълбочете две приятелства.","You know many people and enjoy each of them. Your circle is wide and light. Deepen two friendships."
"venus","11","cancer","В кръга вие сте домът — при вас се идва да се хапне и да се поплаче. Никой не пита колко ви взима. Кажете, когато сте изморен.","In the circle you are the home — people come to you to eat and to cry. Nobody asks what it takes from you. Say when you are tired."
"venus","11","leo","В компанията вие внасяте настроението. Обичат ви за това. Не се хабете за всички.","In company you bring the mood. You are loved for it. Do not spend it on everybody."
"venus","11","virgo","Помагате практично и с вкус, и никой не отчита. В групата вършите работата. Оставете една задача на друг.","You help practically and with taste, and nobody records it. In the group you do the work. Leave one task to somebody else."
"venus","11","libra","Тук всичко е на място: приятелството е самата ви радост. Свързвате хора без усилие. Само поискайте нещо и вие.","Here everything sits in place: friendship is your gladness itself. You connect people effortlessly. Just ask for something too."
"venus","11","scorpio","Приятелствата ви са малко и минали през нещо. Познатите от вежливост не ви държат. Изберете трима и се дръжте за тях.","Your friendships are few and have been through something. Acquaintances kept out of politeness do not hold you. Choose three and stay with them."
"venus","11","sagittarius","Приятелите ви са по света и това ви радва. Тук са малцина. Обадете се на един далечен.","Your friends are across the world and it gladdens you. Here there are few. Call one distant one."
"venus","11","capricorn","В кръга сте човекът, който урежда и помни. Никой не пита искате ли. Прехвърлете го веднъж.","In the circle you are the one who arranges and remembers. Nobody asks whether you want to. Hand it over once."
"venus","11","aquarius","Приятелите ви са различни от вас и точно затова ги обичате. Еднаквото ви е тясно. Търсете още един такъв.","Your friends are unlike you and that is exactly why you love them. Sameness is tight for you. Look for one more like that."
"venus","11","pisces","В компанията се разтваряте и после сте празен. Групата ви пълни и източва. Излизайте по-рано.","In company you dissolve and afterwards you are empty. The group fills you and drains you. Leave earlier."
"venus","12","aries","Обичате тайно и решавате внезапно да го кажете. Смелостта идва наведнъж. Кажете го трезво.","You love in secret and then suddenly decide to say it. The courage comes all at once. Say it soberly."
"venus","12","taurus","Пазите нещо хубаво само за себе си. Никой не знае колко ви радва. Така е правилно.","You keep something lovely for yourself alone. Nobody knows how much it gladdens you. That is right."
"venus","12","gemini","Пишете нежни неща и не ги пращате. Има писмо от години. Пратете го.","You write tender things and do not send them. There is a letter years old. Send it."
"venus","12","cancer","Обичате скрито и с грижа, и човекът не знае колко. Нежността ви живее без свидетели. Кажете една дума.","You love hiddenly and with care, and the person does not know how much. Your tenderness lives without witnesses. Say one word."
"venus","12","leo","Правите красиво и не го показвате никому. Стои в чекмедже. Извадете едно.","You make something lovely and show it to nobody. It sits in a drawer. Bring one out."
"venus","12","virgo","Грижите се тихо за хора, които не питат кой. Удоволствието е в самата грижа. Поискайте нещо за себе си.","You look after people quietly and they never ask who. The pleasure is in the caring itself. Ask for something for yourself."
"venus","12","libra","Уреждате нещата зад кулисите и мирът е ваша работа. Никой не знае. Кажете го веднъж.","You settle things behind the scenes and the peace is your work. Nobody knows. Say it once."
"venus","12","scorpio","Привлича ви нещо, което не издържа светлина. Обичате го тихо. Кажете си истината рано.","You are drawn to something that would not survive daylight. You love it quietly. Tell yourself the truth early."
"venus","12","sagittarius","Обичате място, което сте виждал само на снимка. Мечтата ви е подробна. Идете веднъж.","You love a place you have only seen in a photograph. Your dream is detailed. Go once."
"venus","12","capricorn","Обичате по задължение и мълчите за цената. Носите го години. Кажете какво ви струва.","You love out of obligation and stay silent about the cost. You have carried it for years. Say what it costs you."
"venus","12","aquarius","Обичате нещо, за което не говорите с никого. То ви е тихата радост. Пазете я.","You love something you discuss with nobody. It is your quiet gladness. Keep it."
"venus","12","pisces","Тук всичко е на място: обичта без свидетел е самото ви място. Не искате нищо назад. Само покажете едно нещо.","Here everything sits in place: affection with no witness is your place itself. You want nothing back. Just show one thing."
"mars","1","aries","Тук всичко е на място: тръгвате първи и без подготовка. Смелостта ви е физическа. Само не се хвърляйте всеки път.","Here everything sits in place: you go first and unprepared. Your courage is physical. Just do not throw yourself in every time."
"mars","1","taurus","Бутате бавно и не спирате, докато не поддаде. Не ви е нужна скорост. Само не се опъвайте от инат.","You push slowly and do not stop until it gives. You have no need of speed. Just do not dig in out of stubbornness."
"mars","1","gemini","Спорите с думи и ви е забавно. Езикът ви е по-остър, отколкото искате. Свалете тона наполовина.","You fight with words and enjoy it. Your tongue is sharper than you intend. Halve the tone."
"mars","1","cancer","Защитавате своите и това ви задвижва веднага. Гневът ви е кратък и от страх. Кажете от какво се плашите.","You defend your own and it moves you at once. Your anger is short and made of fear. Say what frightens you."
"mars","1","leo","Влизате видимо и хората отстъпват. Заемате място, преди да сте казал. Използвайте го, вместо да го криете.","You come in visibly and people step aside. You take up room before speaking. Use it rather than hiding it."
"mars","1","virgo","Действате точно и без излишно движение. Небрежността ви дразни повече от бавността. Оставете едно нещо.","You act precisely and with no wasted movement. Sloppiness irritates you more than slowness. Leave one thing alone."
"mars","1","libra","Не започвате, докато не сте сигурен, че е справедливо. Отлагате действието с преценка. Тръгнете все пак.","You do not begin until you are sure it is fair. You postpone acting by weighing it. Set off all the same."
"mars","1","scorpio","Действате тихо и цялостно, и никой не вижда подготовката. Не предупреждавате. Кажете едно предупреждение.","You act quietly and completely, and nobody sees the preparation. You give no warning. Give one warning."
"mars","1","sagittarius","Тръгвате към голямото и не мислите за връщането. Смелостта ви е весела. Само вземайте обратен билет.","You set off for the large thing and give no thought to the return. Your courage is cheerful. Just buy a return ticket."
"mars","1","capricorn","Действате по план и стъпка по стъпка. Бързането ви дразни. Само не чакайте съвършения момент.","You act by plan and step by step. Rushing irritates you. Just do not wait for the perfect moment."
"mars","1","aquarius","Действате различно от всички и това работи. Обяснението идва после. Обяснявайте по-рано.","You act differently from everybody and it works. The explanation comes later. Explain earlier."
"mars","1","pisces","Действате, когато усетите, че е моментът. Планът ви пречи. Само казвайте на глас, че тръгвате.","You act when you feel the moment. A plan gets in your way. Just say out loud that you are going."
"mars","2","aries","Взимате си своето веднага и не чакате да ви го дадат. Понякога прибързвате. Проверете чие е.","You take what is yours at once and do not wait to be given it. Sometimes you rush. Check whose it is."
"mars","2","taurus","Държите здраво и не пускате. Работите за нещо, което се пипа. Само проверявайте дали още го ползвате.","You hold hard and do not let go. You work for something you can touch. Just check that you still use it."
"mars","2","gemini","Печелите от две неща и на бързи обороти. Едното перо ви е тясно. Дръжте и двете.","You earn from two things and at speed. One line is tight for you. Keep both."
"mars","2","cancer","Борите се за парите на своите. Тревогата ви задвижва. Кажете от какво се страхувате.","You fight for your own people's money. Worry moves you. Say what you are afraid of."
"mars","2","leo","Харчите за видимото и не се извинявате. Изкарвате бързо. Определете сума.","You spend on what shows and do not apologise. You earn fast. Set a sum."
"mars","2","virgo","Изкарвате с ръце и с точност, и знаете колко е часът ви. Дребната загуба ви дразни. Гледайте сметките веднъж седмично.","You earn with your hands and with precision, and you know your hourly rate. A small loss irritates you. Look at the accounts once a week."
"mars","2","libra","Не искате да се борите за пари и това ви струва. Отстъпвате, за да няма спор. Кажете числото спокойно.","You do not want to fight for money, and it costs you. You give way so there will be no argument. Say the number calmly."
"mars","2","scorpio","Борите се за своето докрай и не отстъпвате процент. Не пускате взето. Проверете дали още го искате.","You fight for what is yours to the end and yield not a percent. You do not release what you took. Check whether you still want it."
"mars","2","sagittarius","Залагате смело и понякога вземате много. Рискът ви пали. Определете границата предварително.","You stake boldly and sometimes take a lot. Risk lights you up. Set the limit in advance."
"mars","2","capricorn","Работите за парите с години и не бързате. Строите бавно нагоре. Само похарчете нещо за себе си.","You work for money over years and do not hurry. You build slowly upwards. Just spend something on yourself."
"mars","2","aquarius","Изкарвате от нещо, което другите не биха опитали. Обичайното ви е тясно. Дръжте един сигурен приход.","You earn from something others would not try. The usual is tight for you. Keep one steady income."
"mars","2","pisces","Борите се за пари, без да знаете точната сума. Числата ви се размиват. Напишете я, преди да спорите.","You fight for money without knowing the exact sum. Numbers blur for you. Write it down before you argue."
"mars","3","aries","Отговаряте, преди да сте помислил, и после гладите. Езикът ви е бърз. Изчакайте едно дишане.","You answer before thinking and then smooth it over. Your tongue is fast. Wait one breath."
"mars","3","taurus","Казвате го веднъж и не го повтаряте. Спорът ви е тежък и кратък. Само обяснете защо.","You say it once and do not repeat. Your argument is heavy and short. Just explain why."
"mars","3","gemini","Тук всичко е на място: спорът е самата ви игра. Отговаряте бързо и остро. Само не се упражнявайте на близките.","Here everything sits in place: argument is your game itself. You answer fast and sharp. Just do not practise on the people close to you."
"mars","3","cancer","Защитавате своите с думи и не подбирате. После ви е неудобно. Кажете кое ви е заболяло.","You defend your own with words and do not choose them. Afterwards you feel awkward. Say what hurt."
"mars","3","leo","Спорите пред хора и обичате да сте прав. Публиката ви пали. Спорете и без нея.","You argue in front of people and like being right. An audience lights you up. Argue without one too."
"mars","3","virgo","Спорите за факта и обикновено сте прав. Точността ви е оръжие. Кажете и защо ви е важно.","You argue over the fact and usually you are right. Precision is your weapon. Say why it matters to you as well."
"mars","3","libra","Не искате да спорите и после мълчите с дни. Мълчанието не е мир. Кажете едно нещо.","You do not want to argue and then keep quiet for days. Silence is not peace. Say one thing."
"mars","3","scorpio","Казвате малко и то удря точно. Знаете къде боли. Не удряйте там всеки път.","You say little and it lands exactly. You know where it hurts. Do not aim there every time."
"mars","3","sagittarius","Спорите на едро и за принцип. Дребното не ви интересува. Само проверявайте фактите.","You argue in broad strokes and over principle. The small does not interest you. Just check the facts."
"mars","3","capricorn","Спорите кратко и после затваряте темата. Хората не разбират, че е свършило. Кажете, че е свършило.","You argue briefly and then close the subject. People do not realise it is over. Say that it is over."
"mars","3","aquarius","Спорите с довод, който никой не е чувал. Обичайният аргумент ви е тесен. Обяснявайте по-бавно.","You argue with a point nobody has heard. The usual argument is narrow for you. Explain more slowly."
"mars","3","pisces","Спорите наум и там печелите всичко. Другият не знае. Кажете първото изречение на глас.","You argue in your head and win everything there. The other does not know. Say the first sentence out loud."
"mars","4","aries","Вкъщи избухвате бързо и после ви минава. Прагът ви е нисък след работа. Влизайте и мълчете десет минути.","At home you flare up fast and then it passes. Your threshold is low after work. Come in and stay quiet for ten minutes."
"mars","4","taurus","Държите дома си и не отстъпвате метър. Спорът за имот ви държи години. Пресметнете какво губите.","You hold your home and yield not a metre. An argument over property holds you for years. Reckon what you lose."
"mars","4","gemini","Вкъщи спорите за дребно и по един и същ начин. Знаете и двамата края. Сменете първия ход.","At home you argue over trifles and always the same way. You both know the ending. Change the first move."
"mars","4","cancer","Защитавате семейството си, преди да сте разбрал какво става. Реагирате от страх. Питайте първо.","You defend your family before you know what is happening. You react out of fear. Ask first."
"mars","4","leo","Вкъщи вашата дума е последна и всички го знаят. Не го използвайте за дребно. Питайте и другите.","At home your word is final and everybody knows it. Do not use it for trifles. Ask the others too."
"mars","4","virgo","Ремонтирате и оправяте до изтощение. Не спирате навреме. Оставете половината за другата седмица.","You repair and fix to exhaustion. You do not stop in time. Leave half for next week."
"mars","4","libra","Не искате скандал в къщи и преглъщате. После ви тежи. Кажете, докато е дребно.","You want no row at home and you swallow it. Afterwards it weighs. Say it while it is small."
"mars","4","scorpio","Гневът ви вкъщи е тих и остава в стените. Никой не го назовава. Кажете го спокойно.","Your anger at home is quiet and stays in the walls. Nobody names it. Say it calmly."
"mars","4","sagittarius","Тръгвате далеч от дома, за да сте свободен. Разстоянието помага. Само не отрязвайте всичко.","You go far from home in order to be free. The distance helps. Just do not cut everything."
"mars","4","capricorn","Носите къщата с усилие и не се оплаквате. Работата ви е стара. Поискайте помощ.","You carry the house with effort and do not complain. Your work is old. Ask for help."
"mars","4","aquarius","Правите дома иначе и споровете са за това. Обичайният ред ви е тесен. Обяснете реда си.","You make the home differently and the arguments are about that. The usual order is tight for you. Explain your order."
"mars","4","pisces","Гневът ви вкъщи няма адрес и затова е изтощителен. Борите се с нещо без лице. Кажете го на един човек.","Your anger at home has no address and that is why it is exhausting. You fight something with no face. Say it to one person."
"mars","5","aries","Започвате нещо с плам и то тръгва веднага. Довършването е другото. Дайте едно нещо докрай.","You begin something with fire and it starts at once. Finishing is the other thing. Take one to the end."
"mars","5","taurus","Правите с ръце и то издържа. Не бързате и не се отказвате. Само покажете го по-рано.","You make it by hand and it holds. You do not hurry and you do not quit. Just show it earlier."
"mars","5","gemini","Влюбвате се в идеята и я разказвате, преди да е готова. Обещавате в движение. Направете първата стъпка.","You fall in love with the idea and tell it before it is ready. You promise as you go. Take the first step."
"mars","5","cancer","Защитавате децата си остро и веднага. Гневът ви е грижа. Кажете го по-мека.","You defend your children sharply and at once. Your anger is care. Say it more gently."
"mars","5","leo","Тук всичко е на място: правите с пълна сила и се вижда. Играта ви е сериозна. Само оставяйте и на другите.","Here everything sits in place: you go at it with full force and it shows. Your play is serious. Just leave room for the others."
"mars","5","virgo","Правите точно и се сърдите на себе си за дребното. Никой друг не го вижда. Пуснете го при девет от десет.","You work precisely and are angry with yourself over trifles. Nobody else sees them. Release it at nine out of ten."
"mars","5","libra","Създавате най-добре с още един и се борите с него за посоката. Двамата сте прави. Разделете ролите.","You create best with one other and fight them over the direction. You are both right. Divide the roles."
"mars","5","scorpio","Страстта ви е двубой и близостта минава през сблъсък. Другият не винаги разбира. Кажете какво искате.","Your passion is a duel and closeness passes through a clash. The other does not always understand. Say what you want."
"mars","5","sagittarius","Замисляте го голямо и тръгвате веднага. Времето не стига. Свалете го наполовина и го направете.","You conceive it big and set off at once. The time is not enough. Halve it and do it."
"mars","5","capricorn","Тренирате или майсторите едно и също с години, без да го показвате. Резултатът идва, когато вече не го чакате. Дайте му краен срок все пак.","You train at, or craft, the same thing for years without showing it. The result comes once you have stopped waiting for it. Give it a deadline all the same."
"mars","5","aquarius","Правите го иначе и това дразни хората. Обичайното ви е неинтересно. Довеждайте го до край.","You do it differently and it irritates people. The usual does not interest you. Carry it to the end."
"mars","5","pisces","Страстта ви живее скрито и никой не подозира. Държи ви буден. Кажете я на един човек.","Your passion lives hidden and nobody suspects. It keeps you awake. Say it to one person."
"mars","6","aries","Тук всичко е на място: работите бързо и не спирате. Тялото плаща темпото. Спрете половин час по-рано.","Here everything sits in place: you work fast and do not stop. Your body pays for the pace. Stop half an hour earlier."
"mars","6","taurus","Работите бавно и без прекъсване, и свършвате повече. Смяната на плана ви дразни. Приемете една промяна.","You work slowly and without a break, and finish more. A change of plan irritates you. Accept one change."
"mars","6","gemini","Правите две задачи наведнъж и се дразните от бавни хора. Темпото ви е високо. Оставяйте им ред.","You do two tasks at once and get irritated by slow people. Your pace is high. Leave them a turn."
"mars","6","cancer","Работите за хората, за които се грижите, и това ви държи. Умората идва наведнъж. Спрете преди края.","You work for the people you look after and it keeps you going. The tiredness arrives at once. Stop before the end."
"mars","6","leo","Работите по-добре, когато се вижда. Мълчанието ви разколебава. Кажете какво сте свършил.","You work better when it shows. Silence unsettles you. Say what you finished."
"mars","6","virgo","Оправяте това, което другите оставят наполовина. Виждате грешката веднага. Не поправяйте всичко.","You fix what others leave half done. You see the mistake at once. Do not fix everything."
"mars","6","libra","Работите добре при спокоен тон. Един спор ви спира за ден. Кажете го рано.","You work well with a calm tone. One argument stops you for a day. Say so early."
"mars","6","scorpio","Влизате в тежката част, защото никой друг не иска. Излизате изтощен. Взимайте за това.","You go into the hard part because nobody else will. You come out drained. Charge for it."
"mars","6","sagittarius","Работата ви иска движение и разстояние. Едно бюро ви задушава. Търсете задача с път.","Your work wants movement and distance. One desk suffocates you. Look for a job with a road."
"mars","6","capricorn","Работите с натоварване, което би счупило друг. Не се оплаквате. Кажете спирачката веднъж.","You work under a load that would break somebody else. You do not complain. Say the word stop once."
"mars","6","aquarius","Работите иначе и излиза по-бързо. Правилото без причина ви пали. Обяснявайте новия начин.","You work differently and it comes out faster. A rule with no reason lights you up. Explain the new way."
"mars","6","pisces","Работите на изблици и после нямате сила. Тялото ви казва рано. Слушайте го.","You work in bursts and then have no strength. Your body tells you early. Listen to it."
"mars","7","aries","Спорите с човека до вас за всичко и после ви минава. Сблъсъкът ви е близост. Кажете го, за да го знае.","You argue with the person beside you about everything and then it passes. Clashing is closeness for you. Say so, so they know."
"mars","7","taurus","Не отстъпвате в двойката и чакате другият да поддаде. Никой не поддава. Отстъпете едно нещо.","You do not yield in the pair and wait for the other to give. Neither gives. Concede one thing."
"mars","7","gemini","Спорите с думи и печелите разговора. После е тихо. Спрете два хода по-рано.","You fight with words and win the conversation. Afterwards it is quiet. Stop two moves earlier."
"mars","7","cancer","Защитавате човека до вас и после се биете с него. Двете идват от едно. Кажете от какво се плашите.","You defend the person beside you and then fight them. Both come from the same place. Say what frightens you."
"mars","7","leo","Искате партньор, с когото да сте видимо силни. Дребното ви разваля. Хвалете го на глас.","You want a partner with whom you are visibly strong. Small things spoil it. Praise them out loud."
"mars","7","virgo","Спорите за подробности и сте прав. Правотата не сгрява. Кажете и доброто.","You argue over details and you are right. Being right does not warm anybody. Say the good thing too."
"mars","7","libra","Тук всичко е на място: другият е вашият равен противник. Не издържате слаб човек до вас. Само не всеки ден.","Here everything sits in place: the other is your equal opponent. A weak person beside you you cannot bear. Just not every day."
"mars","7","scorpio","Борите се за контрол и никой не отстъпва. Разделете областите. Спорът пада наполовина.","You fight for control and neither yields. Divide the areas. The argument halves."
"mars","7","sagittarius","Спорите за посоката на живота. И двамата бутате. Изберете една посока за година.","You argue about the direction of your life. You are both pushing. Choose one direction for a year."
"mars","7","capricorn","Държите отношението с воля, а не с думи. Другият чака думите. Кажете едно нещо.","You hold the bond with will rather than words. The other is waiting for words. Say one thing."
"mars","7","aquarius","Искате партньор, който не ви ограничава, и се борите за това. Задушаването ви прогонва. Кажете границите.","You want a partner who does not limit you, and you fight for it. Being crowded drives you off. State the limits."
"mars","7","pisces","Гневът ви към другия не се назовава и остава. Мълчите и кипите. Кажете първото изречение.","Your anger at the other never gets named and it stays. You keep quiet and you seethe. Say the first sentence."
"mars","8","aries","Влизате в кризата първи и без да мислите. Не се плашите от края. Само не влизайте всеки път.","You go into the crisis first and without thinking. The ending does not frighten you. Just do not go in every time."
"mars","8","taurus","Борите се за общото имущество и не пускате. Правото може да е ваше. Пресметнете цената на годините.","You fight over shared property and do not let go. The right may be yours. Reckon the cost of the years."
"mars","8","gemini","Разпитвате точно там, където всички заобикалят, и не се спирате от неудобство. Въпросът ви е бърз и остър. Кажете за какво ви е отговорът.","You question exactly where everybody else goes around, and awkwardness does not stop you. Your question is fast and sharp. Say what you need the answer for."
"mars","8","cancer","Защитавате своите в загубата и забравяте себе си. Гневът ви е скръб. Кажете я на глас.","You defend your own in the loss and forget yourself. Your anger is grief. Say it out loud."
"mars","8","leo","Борите се публично за парите си и това ви струва име. Правотата не пази. Водете го тихо.","You fight publicly for your money and it costs you your name. Being right does not protect you. Do it quietly."
"mars","8","virgo","Оправяте чуждите сметки точно и до последната стотинка. Никой не сяда на това. Взимайте за него.","You settle other people's accounts precisely, to the last coin. Nobody sits down to it. Charge for it."
"mars","8","libra","Не искате да се борите за общото и отстъпвате. После ви тежи. Кажете сметката на глас.","You do not want to fight over what is shared, and you give way. Afterwards it weighs. Say the reckoning out loud."
"mars","8","scorpio","Тук всичко е на място: влизате в тежкото и издържате. Не се плашите от загуба. Само не я предизвиквайте.","Here everything sits in place: you go into the heavy thing and you last. Loss does not frighten you. Just do not provoke it."
"mars","8","sagittarius","Тръгвате надалеч след загуба и това работи. Разстоянието приключва нещо. Вземете обратен билет.","You set off far away after a loss and it works. The distance finishes something. Buy a return ticket."
"mars","8","capricorn","Изплащате всичко до края и по график. Никой не знае колко е. Дайте си срок.","You settle everything to the end and on schedule. Nobody knows how much it is. Give yourself a date."
"mars","8","aquarius","Гледате на края без страх и това стряска хората. За вас е механика. Обяснявайте спокойно.","You look at endings without fear and it startles people. To you it is mechanics. Explain calmly."
"mars","8","pisces","Влизате в чуждата криза и излизате празен. Границата липсва. Останете отвън веднъж.","You go into somebody else's crisis and come out empty. The boundary is missing. Stay outside once."
"mars","9","aries","Тръгвате, преди да сте проверил, и се оправяте на място. Смелостта ви е предимство. Само вземайте карта.","You set off before checking and manage once you are there. Your boldness is an advantage. Just take a map."
"mars","9","taurus","Държите на убеждението си и не се местите. Спорът за принцип ви държи. Слушайте до края.","You hold your conviction and do not move. An argument over principle holds you. Listen to the end."
"mars","9","gemini","Спорите за какво е вярно и ви е забавно. Изморявате хората. Питайте, вместо да твърдите.","You argue about what is true and enjoy it. You tire people out. Ask rather than assert."
"mars","9","cancer","Тръгвате далече и веднага ви домъчнява. Двете са истина. Пътувайте и се връщайте.","You go far away and at once you are homesick. Both are true. Travel and come back."
"mars","9","leo","Обяснявате с плам и хората ви следват. Убедеността ви увлича. Проверявайте фактите.","You explain with fire and people follow. Your conviction carries them. Check the facts."
"mars","9","virgo","Спорите за точността и обикновено сте прав. Голямото твърдение ви пали. Само не поправяйте всекиго.","You argue over precision and usually you are right. A grand claim lights you up. Just do not correct everybody."
"mars","9","libra","Не искате да спорите за вяра и мълчите. После ви тежи. Кажете едно нещо.","You do not want to argue about belief and you keep quiet. Afterwards it weighs. Say one thing."
"mars","9","scorpio","Убеждението ви е минало през тежко и не го отстъпвате. Не спорите за него. Кажете една част.","Your conviction went through hardship and you do not concede it. You do not argue about it. Say one part."
"mars","9","sagittarius","Тук всичко е на място: тръгването е самата ви сила. Далечното ви пали. Само пресмятайте връщането.","Here everything sits in place: setting off is your strength itself. The far-away lights you up. Just reckon on the return."
"mars","9","capricorn","Учите бавно и се борите за всяка стъпка. Никой не ви е дал кратък път. Дайте на друг един.","You learn slowly and fight for every step. Nobody gave you a shortcut. Give somebody one."
"mars","9","aquarius","Борите се за нова идея срещу стария ред. Изпреварвате мнозина. Обяснявайте по-търпеливо.","You fight for a new idea against the old order. You are ahead of many. Explain more patiently."
"mars","9","pisces","Тръгвате по усещане и се оказва вярно. Планът ви пречи. Само казвайте къде отивате.","You set off on a feeling and it turns out right. A plan gets in your way. Just say where you are going."
"mars","10","aries","Пробивате отпред и хората ви следват. Не чакате ред. Само гледайте да има зад вас нещо.","You push through at the front and people follow. You do not wait your turn. Just make sure there is something behind you."
"mars","10","taurus","Издигате се с упорство и мястото остава. Не сменяте посоката. Само поискайте по-рано.","You rise by persistence and the position stays. You do not change direction. Just ask earlier."
"mars","10","gemini","Отговаряте бързо пред хора и това ви носи и име, и врагове. Езикът ви е оръжие. Мерете публиката.","You answer fast in public and it brings you a name and enemies. Your tongue is a weapon. Read the room."
"mars","10","cancer","Борите се за мястото, за да е сигурно вкъщи. Причината ви е стара. Кажете я на глас.","You fight for the position so that home will be safe. Your reason is old. Say it out loud."
"mars","10","leo","Тук всичко е на място: борбата за мястото е вашето. Видимата победа ви храни. Само пресмятайте цената.","Here everything sits in place: fighting for the position is yours. A visible win feeds you. Just reckon the cost."
"mars","10","virgo","Признават ви за свършеното и за точността. Работите повече от всички. Кажете какво сте направил.","You are recognised for what is finished and for precision. You work more than anybody. Say what you did."
"mars","10","libra","Не искате да се борите публично и това ви бави. Мястото ви се дава на друг. Поискайте го.","You do not want to fight publicly and it slows you. Your position goes to somebody else. Ask for it."
"mars","10","scorpio","Мястото ви е там, където се решава тежко, и вие мълчите. Никой не знае какво носите. Кажете една част.","Your position is where heavy things get decided, and you keep quiet. Nobody knows what you carry. Say one part."
"mars","10","sagittarius","Мястото ви е навън и вие го знаете. Тук се борите за малко. Тръгвайте.","Your position is out there and you know it. Here you fight for little. Set off."
"mars","10","capricorn","Стигате нагоре по стъпки и без прескачане. Никой не ви е помогнал. Носете го, но не сам.","You go up in steps and skip none. Nobody helped you. Carry it, but not alone."
"mars","10","aquarius","Борите се за нещо ново срещу навика. Старият ред ви задушава. Търсете точно това.","You fight for something new against habit. The old order suffocates you. Look for exactly that."
"mars","10","pisces","Борите се за нещо, което не можете да обясните на комисия. Целта ви е неясна за другите. Кажете я с прост пример.","You fight for something you cannot explain to a committee. Your aim is unclear to others. Say it with a plain example."
"mars","11","aries","Влизате в групата и я задвижвате веднага. Не чакате покана. Оставяйте и на другите ход.","You come into the group and set it moving at once. You do not wait for an invitation. Leave the others a move."
"mars","11","taurus","В кръга сте човекът, който не отстъпва. Държите линия за всички. Само не носете всичко.","In the circle you are the one who does not yield. You hold the line for everybody. Just do not carry it all."
"mars","11","gemini","Спорите в компанията и ви е забавно. Хората не винаги схващат играта. Обяснявайте я предварително.","You argue in company and enjoy it. People do not always get the game. Explain it in advance."
"mars","11","cancer","Защитавате приятелите си, преди да сте разбрал какво става. Гневът ви е вярност. Питайте първо.","You defend your friends before you know what happened. Your anger is loyalty. Ask first."
"mars","11","leo","В групата се борите да сте видим и обикновено успявате. Обичате го. Питайте и другите какво искат.","In the group you fight to be visible and usually succeed. You enjoy it. Ask the others what they want too."
"mars","11","virgo","В екипа теглите тежкото и се дразните на бавните. Всички са свикнали. Оставете една задача.","In the team you pull the heavy load and are irritated by the slow. Everybody is used to it. Leave one task."
"mars","11","libra","Не искате спор в кръга и отстъпвате. После ви тежи. Кажете едно свое условие.","You want no argument in the circle and you give way. Afterwards it weighs. State one condition of your own."
"mars","11","scorpio","Влизате в тежкото на приятелите и оставате до края. Излизате оттам без сила и никой не пита. Пропуснете следващото повикване.","You go into your friends' hard places and stay to the end. You come out of there with nothing left and nobody asks. Skip the next call."
"mars","11","sagittarius","Тръгвате с група към нещо голямо. Обещавате на всички. Свалете го наполовина.","You set off with a group towards something large. You promise everybody. Halve it."
"mars","11","capricorn","В кръга вие носите отговорността и не се оплаквате. Ролята е дадена. Откажете я веднъж.","In the circle you carry the responsibility and do not complain. The role was assigned. Refuse it once."
"mars","11","aquarius","Борите се за нещо общо, което другите още не виждат. Изпреварвате кръга. Обяснявайте по-бавно.","You fight for something shared that the others do not see yet. You are ahead of the circle. Explain more slowly."
"mars","11","pisces","Помагате тихо в групата и никой не знае, че сте вие. Мълчите нарочно. Кажете веднъж какво сте направил.","You help quietly in the group and nobody knows it is you. You keep quiet deliberately. Say once what you did."
"mars","12","aries","Търпите дълго и после тръгвате наведнъж. Никой не разбира откъде дойде. Кажете предупреждението.","You put up with it for a long time and then leave all at once. Nobody sees where it came from. Give the warning."
"mars","12","taurus","Работите тихо за нещо и не го обявявате. Не пускате, дори когато трябва. Проверявайте дали още го искате.","You work quietly for something and do not announce it. You do not let go even when you should. Check whether you still want it."
"mars","12","gemini","Острата ви дума живее наум и се повтаря. Отвън изглеждате търпелив. Кажете едно от тези изречения кротко.","Your sharp word lives in your head and repeats. From outside you look patient. Say one of those sentences gently."
"mars","12","cancer","Гневът ви е скрит и излиза през грижа. Никой не го вижда. Кажете от какво се плашите.","Your anger is hidden and comes out as care. Nobody sees it. Say what frightens you."
"mars","12","leo","Правите тежкото, без да ви видят, и после ви е криво. Признанието ви липсва. Кажете едно нещо.","You do the heavy thing unseen and afterwards it grates. You miss the recognition. Say one thing."
"mars","12","virgo","Работите зад кулисите и всичко държи заради вас. Никой не отчита. Опишете го веднъж.","You work behind the scenes and everything holds because of you. Nobody records it. Describe it once."
"mars","12","libra","Не искате конфликт и затова изчезвате. Мълчаливото отдръпване боли повече. Кажете, че си тръгвате.","You want no conflict and so you vanish. A silent withdrawal hurts more. Say that you are leaving."
"mars","12","scorpio","Тук всичко е на място: борбата без свидетел е вашата. Издържате повече от всеки. Кажете на един човек.","Here everything sits in place: fighting with no witness is yours. You endure more than anybody. Tell one person."
"mars","12","sagittarius","Тръгвате далеч и не казвате на никого. Обяснявате, като сте пристигнал. Кажете плана на един.","You set off far and tell nobody. You explain once you have arrived. Tell one person the plan."
"mars","12","capricorn","Носите товара сам и по график. Гордостта не ви пуска да кажете. Кажете на един човек.","You carry the load alone and on schedule. Pride will not let you say. Tell one person."
"mars","12","aquarius","Борите се за нещо, което не се говори на глас. Изпреварвате всички и мълчите. Изберете кому да кажете.","You fight for something not said out loud. You are ahead of everybody and you stay quiet. Choose whom to tell."
"mars","12","pisces","Гневът ви няма адрес и точно затова е изтощителен. Борите се с нещо без лице. Кажете го, за да не сте сам.","Your anger has no address and that is exactly why it exhausts. You fight something with no face. Say it, so you are not alone in it."
"jupiter","1","aries","Хората ви вярват от първата минута и вие обещавате веднага. Оптимизмът ви е заразен. Само мерете какво поемате.","People believe you from the first minute and you promise at once. Your optimism is catching. Just measure what you take on."
"jupiter","1","taurus","Присъствието ви е спокойно и щедро, и хората ви се доверяват. Не бързате да убеждавате. Точно това работи.","Your presence is calm and generous and people trust you. You are in no hurry to convince. That is exactly what works."
"jupiter","1","gemini","Обяснявате леко и хората излизат по-умни. Дарбата ви е видима. Само не говорете за всичко.","You explain lightly and people come away cleverer. Your gift shows. Just do not speak about everything."
"jupiter","1","cancer","Хората ви усещат като закрила и идват при вас. Носите топло без усилие. Пазете и себе си.","People feel shelter in you and come to you. You carry warmth without effort. Guard yourself too."
"jupiter","1","leo","Влизате широко и стаята се разведрява. Обичате го и се вижда. Оставяйте и на другите място.","You come in wide and the room lightens. You like it and it shows. Leave the others room as well."
"jupiter","1","virgo","Помагате практично и обяснявате точно. Хората ви ползват за съвет. Взимайте за времето си.","You help practically and explain exactly. People use you for advice. Charge for your time."
"jupiter","1","libra","Държите се така, че на всеки му е удобно с вас. Отваряте врати с една дума. Само кажете и своето.","You carry yourself so that everybody is comfortable with you. You open doors with a word. Just say your own thing too."
"jupiter","1","scorpio","Хората усещат по вас, че сте минал през нещо. Тежестта ви дава авторитет. Разказвайте, когато решите.","People sense you have been through something. The weight gives you authority. Tell it when you decide to."
"jupiter","1","sagittarius","Тук всичко е на място: широчината е самото ви лице. Обещавате големи неща и обикновено стигате. Само пресмятайте времето.","Here everything sits in place: the width is your face itself. You promise large things and usually get there. Just reckon the time."
"jupiter","1","capricorn","Държите се сериозно и хората ви дават тежест веднага. Не се хвалите. Кажете какво умеете.","You carry yourself seriously and people give you weight at once. You do not boast. Say what you can do."
"jupiter","1","aquarius","Мислите по-нашироко от стаята и се вижда. Обичайният път ви е тесен. Обяснявайте по-търпеливо.","You think wider than the room and it shows. The usual road is narrow for you. Explain more patiently."
"jupiter","1","pisces","Хората ви усещат като разбиращ, преди да сте казал дума. Идват с най-тежкото. Кажете кога не можете.","People feel understood by you before you speak. They come with the heaviest thing. Say when you cannot."
"jupiter","2","aries","Пари влизат бързо и излизат също бързо. Смелостта ви носи. Оставяйте по малко.","Money comes in fast and goes out fast. Your boldness pays. Put a little aside."
"jupiter","2","taurus","Тук всичко е на място: имането ви расте бавно и остава. Купувате трайно. Само не трупайте излишно.","Here everything sits in place: what you have grows slowly and stays. You buy for the long term. Just do not hoard."
"jupiter","2","gemini","Изкарвате от знание и от разказ, и от две места. Едното перо ви е тясно. Дръжте и двете.","You earn from knowledge and from telling, and from two places. One line is tight for you. Keep both."
"jupiter","2","cancer","Пари ви идват през семейството и през грижа. Щедростта ви е домашна. Оставяйте и за себе си.","Money reaches you through family and through care. Your generosity is domestic. Leave something for yourself."
"jupiter","2","leo","Изкарвате добре и харчите видимо. Скъпото ви радва. Определете сума.","You earn well and spend visibly. The costly gladdens you. Set a sum."
"jupiter","2","virgo","Изкарвате от полезното и от точността. Дребната сметка е ваша сила. Позволете си едно излишно.","You earn from the useful and from precision. The small account is your strength. Allow yourself one unnecessary thing."
"jupiter","2","libra","Пари влизат през договор и през приятна уговорка. Умеете да поискате. Кажете цената спокойно.","Money comes in through terms and a pleasant arrangement. You know how to ask. Say the price calmly."
"jupiter","2","scorpio","Идват ви чужди пари и доверие с тях. Пазите ги точно. Дръжте границата ясна.","Other people's money comes to you, and trust with it. You guard it precisely. Keep the boundary clear."
"jupiter","2","sagittarius","Печелите от далечното и от учене. Тук ви е тясно. Гледайте навън.","You earn from the far-away and from learning. Here is tight for you. Look outwards."
"jupiter","2","capricorn","Строите бавно и всяка година има повече. Бърза печалба не търсите. Само похарчете нещо.","You build slowly and every year holds more. You look for no fast gain. Just spend something."
"jupiter","2","aquarius","Изкарвате от нещо, което другите още не правят. Обичайното ви е тясно. Дръжте един сигурен приход.","You earn from something others are not doing yet. The usual is tight for you. Keep one steady income."
"jupiter","2","pisces","Пари идват отникъде точно когато трябва. Вярвате в това и се случва. Само не го наричайте план.","Money comes from nowhere exactly when needed. You believe in it and it happens. Just do not call it a plan."
"jupiter","3","aries","Казвате го широко и веднага, и хората тръгват след думите. Обещавате в движение. Записвайте обещаното.","You say it wide and at once, and people follow the words. You promise as you go. Write the promises down."
"jupiter","3","taurus","Говорите бавно и хората ви вярват. Не обещавате леко. Само кажете и повече.","You speak slowly and people believe you. You do not promise lightly. Just say a little more."
"jupiter","3","gemini","Тук всичко е на място: обясняването е самото ви удоволствие. Знаете по малко от много. Задълбочете едно.","Here everything sits in place: explaining is your pleasure itself. You know a little of much. Go deep in one."
"jupiter","3","cancer","Разказвате за рода и това пази паметта. Помните всичко. Запишете го веднъж.","You tell the family stories and it keeps the memory. You remember everything. Write it down once."
"jupiter","3","leo","Говорите пред хора и това ви е сцената. Стаята се разведрява. Само подготвяйте се.","You speak in public and it is your stage. The room lightens. Just prepare."
"jupiter","3","virgo","Обяснявате подробно и полезно. Хората идват за съвет. Взимайте за времето си.","You explain in detail and usefully. People come for advice. Charge for your time."
"jupiter","3","libra","Умеете да кажете нещо, което сближава двама. Правите го без усилие. Само не носете чуждото.","You know how to say the thing that brings two people together. You do it effortlessly. Just do not carry their business."
"jupiter","3","scorpio","Говорите за тежкото просто и хората го понасят. Малцина умеят това. Правете го по-често.","You speak of heavy things plainly and people can bear it. Few can do that. Do it more often."
"jupiter","3","sagittarius","Говорите за далечни неща и обещавате пътувания. Подробността ви убягва. Направете едно от тях.","You speak of far things and promise journeys. The detail escapes you. Make one of them happen."
"jupiter","3","capricorn","Казвате малко и то тежи. Хората чакат отговора ви. Кажете и обнадеждаващото.","You say little and it carries weight. People wait for your answer. Say the encouraging thing too."
"jupiter","3","aquarius","Обяснявате различно и хората разбират наведнъж. Обичайното обяснение ви е тясно. Обяснявайте по-бавно.","You explain differently and people get it at once. The usual explanation is narrow for you. Explain more slowly."
"jupiter","3","pisces","Обяснявате с образ и се помни години. Точността идва после. Проверявайте фактите.","You explain with an image and it is remembered for years. Precision comes second. Check the facts."
"jupiter","4","aries","Домът ви расте на скокове и вие бързате с него. Започвате ремонта веднага. Довършете едно.","Your home grows in jumps and you hurry along with it. You start the work at once. Finish one part."
"jupiter","4","taurus","Домът ви е широк и трае. Купувате за десет години. Само пускайте хора да го видят.","Your home is wide and it lasts. You buy for ten years. Just let people see it."
"jupiter","4","gemini","Домът ви е пълен с книги и с хора. Винаги се говори. Оставете и тих час.","Your home is full of books and people. There is always talk. Leave a quiet hour."
"jupiter","4","cancer","Тук всичко е на място: домът ви дава повече, отколкото взима. Гощавате и подслонявате. Само не го правете дълг.","Here everything sits in place: the home gives you more than it takes. You feed and shelter. Just do not turn it into a debt."
"jupiter","4","leo","Къщата ви е направена да я видят — простор, светлина, място за много хора на масата. Гордеете се с нея на глас. Оставяйте и една вечер, в която не идва никой.","Your house is built to be seen — space, light, room for many at the table. You are proud of it out loud. Leave one evening when nobody comes."
"jupiter","4","virgo","Домът ви е полезен и подреден, и всичко работи. Оправяте по списък. Оставете едно нещо.","Your home is useful and orderly and everything works. You fix things by list. Leave one alone."
"jupiter","4","libra","Домът се прави заедно и вие се радвате на това. Съгласието ви е важно. Кажете и своето.","The home is made together and you are glad of it. Agreement matters to you. Say your own thing too."
"jupiter","4","scorpio","В рода има доброта след тежко и вие сте я получил. Някой е платил. Признайте го.","There is a kindness in the family after something hard, and you received it. Somebody paid. Acknowledge it."
"jupiter","4","sagittarius","Домът ви е на две места или в две страни. Тясното ви задушава. Решете къде спите.","Your home is in two places or two countries. The narrow suffocates you. Decide where you sleep."
"jupiter","4","capricorn","Домът е задължение и вие го носите отдавна. Никой не пита. Поискайте помощ.","The home is an obligation and you have carried it a long time. Nobody asks. Ask for help."
"jupiter","4","aquarius","Домът ви не е като другите и там е свободно. Правилата са ваши. Обяснете ги.","Your home is not like the others and it is free there. The rules are yours. Explain them."
"jupiter","4","pisces","Домът ви поема хора, които няма къде да отидат. Не отказвате. Определете докога.","Your home takes in people with nowhere to go. You do not refuse. Set a limit on how long."
"jupiter","5","aries","Започвате голямо и веднага. Плам има, план не. Дайте едно нещо докрай.","You begin big and at once. There is fire and no plan. Take one to the end."
"jupiter","5","taurus","Правите нещо трайно и с ръце. Не бързате. Само покажете го по-рано.","You make something lasting and by hand. You do not hurry. Just show it earlier."
"jupiter","5","gemini","Измисляте три неща и всичките са добри. Изборът е трудното. Изберете едно.","You invent three things and all are good. Choosing is the hard part. Choose one."
"jupiter","5","cancer","С деца ви е леко и щедро. Радостта ви е домашна. Оставяйте и час за себе си.","With children you are easy and generous. Your gladness is domestic. Leave an hour for yourself."
"jupiter","5","leo","Правите нещото едро и с публика пред очите. Дребният вариант не ви пали. Само проверявайте дали има сила за края.","You make the thing large, with an audience already in mind. The small version does not light you up. Just check there is strength for the finish."
"jupiter","5","virgo","Правите полезно и хубаво, и виждате всеки пропуск. Никой друг не го вижда. Покажете го така.","You make something useful and fine, and you see every flaw. Nobody else sees them. Show it as it is."
"jupiter","5","libra","Създавате най-добре с още един. Двама ви правят по-голям. Търсете съавтор.","You create best with one other. Two makes you larger. Look for a co-author."
"jupiter","5","scorpio","Правите най-силното след загуба. Знаете го от опит. Не търсете загубата.","You make your strongest thing after a loss. You know it from experience. Do not seek the loss."
"jupiter","5","sagittarius","Замисляте го огромно и обещавате на всички. Времето не стига. Свалете го наполовина.","You conceive it huge and promise everybody. The time is not enough. Halve it."
"jupiter","5","capricorn","Правите бавно и трайно, и след години стои. Бърз резултат не търсите. Само не отлагайте.","You work slowly and lastingly and years later it stands. You look for no fast result. Just do not postpone."
"jupiter","5","aquarius","Правите нещо, което не е правено така. Обичайното ви е неинтересно. Довеждайте го до край.","You make something not made that way. The usual does not interest you. Carry it to the end."
"jupiter","5","pisces","Идеите ви идват на едро и без ясен ръб — усещате ги, преди да можете да ги опишете. Хартията ги свива до размер. Започнете с една страница.","Your ideas arrive large and with no clear edge — you feel them before you can describe them. Paper cuts them to size. Begin with one page."
"jupiter","6","aries","Хващате повече, отколкото стига денят, и после бързате. Смелостта ви е предимство. Спрете по-рано.","You take on more than the day holds and then you hurry. Your boldness is an advantage. Stop earlier."
"jupiter","6","taurus","Работите бавно и много, и не спирате. Издържате дълго. Само пуснете един ден.","You work slowly and a lot, and do not stop. You last a long time. Just let one day go."
"jupiter","6","gemini","Работите две неща и се справяте. Едното ви приспива. Дръжте ги две.","You work two things and manage. One puts you to sleep. Keep it at two."
"jupiter","6","cancer","Работата ви е грижа за хора и това ви подхожда. Носите чуждото лесно. Оставяйте го на прага.","Your work is looking after people and it suits you. You carry their weight easily. Leave it at the door."
"jupiter","6","leo","Работите широко и се вижда какво правите. Похвалата ви е гориво. Кажете какво сте свършил.","You work widely and what you do shows. Praise is fuel to you. Say what you finished."
"jupiter","6","virgo","Тук всичко е на място: полезното е самата ви работа. Правите повече от искането. Само не броите всичко.","Here everything sits in place: the useful is the work itself. You do more than is asked. Just do not count it all."
"jupiter","6","libra","Работите добре, когато тонът е спокоен. Уреждате споровете. Кажете и своето условие.","You work well when the tone is calm. You settle the arguments. State your own condition too."
"jupiter","6","scorpio","Работите с тежкото и ви се доверяват. Никой друг не иска това. Взимайте за него.","You work with the heavy things and you are trusted. Nobody else wants it. Charge for it."
"jupiter","6","sagittarius","Работата ви иска простор и път. Тясното ви задушава. Поискайте по-широко поле.","Your work wants space and a road. The narrow suffocates you. Ask for a wider field."
"jupiter","6","capricorn","Работите с години на едно място и растете бавно. Не сменяте. Само поискайте повече.","You work in one place for years and grow slowly. You do not switch. Just ask for more."
"jupiter","6","aquarius","Работите иначе и излиза по-добре. Правилото без причина ви дразни. Обяснявайте новия начин.","You work differently and it comes out better. A rule with no reason irritates you. Explain the new way."
"jupiter","6","pisces","Работата ви трябва смисъл, иначе тялото отказва. Празната задача ви изсушава. Изберете смисъл.","Your work needs meaning, otherwise your body refuses. An empty task dries you out. Choose meaning."
"jupiter","7","aries","Избирате бързо и после свиквате с избора. Обещавате в началото много. Мерете обещанията.","You choose fast and then get used to the choice. You promise a lot at the beginning. Measure the promises."
"jupiter","7","taurus","Обвързвате се за дълго и не търсите промяна. Партньорът ви носи стабилно. Кажете му го.","You bond for the long term and look for no change. Your partner brings you steadiness. Say so to them."
"jupiter","7","gemini","Трябва ви човек, с когото има за какво да се говори всеки ден. Мълчанието ви тежи. Кажете го.","You need somebody with something to talk about every day. Silence weighs on you. Say so."
"jupiter","7","cancer","Търсите човек, с когото да сте на топло и с дом. Близостта ви е ежедневие. Кажете какво значи.","You look for somebody to be warm with, and to have a home with. Closeness is everyday life for you. Say what that means."
"jupiter","7","leo","Искате партньор, с когото животът да е голям. Дребното ви разваля. Хвалете го на глас.","You want a partner with whom life is large. The small spoils it. Praise them out loud."
"jupiter","7","virgo","Забелязвате какво може да се оправи и го казвате полезно. Правите го от грижа. Кажете доброто първо.","You notice what could be improved and say it usefully. You do it out of care. Say the good thing first."
"jupiter","7","libra","Тук всичко е на място: двама ви прави по-голям. Договаряте се лесно. Само не обещавайте прекалено.","Here everything sits in place: two makes you larger. You come to terms easily. Just do not over-promise."
"jupiter","7","scorpio","Обвързвате се дълбоко и с доверие за пари. Дадено ви е много. Пазете границата.","You bond deeply, and with trust over money. A lot is entrusted to you. Guard the boundary."
"jupiter","7","sagittarius","Партньорът ви е от далече и това ви е разширило света. Разликата учи и двамата. Пазете я.","Your partner is from far away and it widened your world. The difference teaches you both. Guard it."
"jupiter","7","capricorn","Обвързвате се сериозно и по-скоро късно. Думата ви е договор. Кажете и топлото.","You bond seriously and later rather than early. Your word is a contract. Say the warm thing too."
"jupiter","7","aquarius","Искате партньор, който ви оставя свободен. Правилата ви са необичайни. Кажете ги отначало.","You want a partner who leaves you free. Your rules are unusual. State them at the start."
"jupiter","7","pisces","Виждате в другия повече, отколкото има, и после се разочаровате. Прощавате бързо. Питайте нещо конкретно.","You see more in the other than is there and then you are disappointed. You forgive fast. Ask something concrete."
"jupiter","8","aries","Влизате в тежкото веднага и излизате с повече. Не се плашите. Само не бързайте да обяснявате.","You go into the heavy thing at once and come out with more. You are not frightened. Just do not hurry to explain."
"jupiter","8","taurus","Идват ви чужди пари и вие ги превръщате в нещо трайно. Доверието е капитал. Не го приемайте леко.","Other people's money reaches you and you turn it into something lasting. Trust is capital. Do not take it lightly."
"jupiter","8","gemini","Разбирате от дялове и наследства, и обяснявате просто. Хората ви питат. Взимайте за съвета.","You understand shares and inheritances and explain them plainly. People ask you. Charge for the advice."
"jupiter","8","cancer","Помагате на хора в загуба и това ви е естествено. Носите чуждата скръб. Оставяйте я на прага.","You help people in loss and it comes naturally. You carry their grief. Leave it at the door."
"jupiter","8","leo","След тежко ви се отваря по-широко и хората го виждат. Не го криете. Само не се хвалете с това.","After something heavy something wider opens, and people see it. You do not hide it. Just do not boast of it."
"jupiter","8","virgo","Оправяте чуждите сметки полезно и точно. Никой друг не сяда. Взимайте за това.","You settle other people's accounts usefully and precisely. Nobody else sits down to it. Charge for that."
"jupiter","8","libra","Общото се решава честно и наполовина, и вие държите на това. Несправедливото ви боли. Пишете всичко.","What is shared gets settled fairly and in half, and you hold to that. Unfairness hurts you. Put everything in writing."
"jupiter","8","scorpio","Тук всичко е на място: щедростта в тежкото е вашето. Давате, когато е най-нужно. Само оставяйте и за себе си.","Here everything sits in place: generosity in the hard place is yours. You give when it is most needed. Just leave something for yourself."
"jupiter","8","sagittarius","Вярата ви е минала през край и е излязла по-широка. Не спорите за нея. Кажете една част.","Your faith went through an ending and came out wider. You do not argue about it. Say one part."
"jupiter","8","capricorn","Изплащате всичко докрай и по график. Тежкото не ви плаши. Дайте си срок.","You settle everything to the end and on schedule. The heavy does not frighten you. Give yourself a date."
"jupiter","8","aquarius","Гледате на края спокойно и обяснявате го иначе. Хората се стряскат. Кажете го по-мека.","You look at endings calmly and explain them differently. People are startled. Say it more gently."
"jupiter","8","pisces","Помощ идва отникъде точно когато трябва. Вярвате в това и досега е било вярно. Само не разчитайте.","Help comes from nowhere exactly when needed. You believe it and so far it has held. Just do not count on it."
"jupiter","9","aries","Тръгвате веднага и се учите на място. Планът идва после. Само вземайте обратен билет.","You set off at once and learn where you land. The plan comes later. Just buy a return ticket."
"jupiter","9","taurus","Убежденията ви са трайни и не се менят. Учите бавно и веднъж. Оставяйте място за ново.","Your convictions are lasting and do not shift. You learn slowly and once. Leave room for something new."
"jupiter","9","gemini","Знаете по малко от много и това ви радва. Едно поле ви е тясно. Задълбочете едно.","You know a little of much and it gladdens you. One field is narrow for you. Go deep in one."
"jupiter","9","cancer","Учите чрез хора и разкази, и ви домъчнява за дома. Двете са истина. Пътувайте и се връщайте.","You learn through people and stories, and you get homesick. Both are true. Travel and return."
"jupiter","9","leo","Обяснявате широко и хората ви следват. Убедеността ви увлича. Проверявайте фактите.","You explain expansively and people follow. Your conviction carries them. Check the facts."
"jupiter","9","virgo","Проверявате всичко, преди да повярвате, и после учите други. Точността ви е полза. Само не поправяйте всекиго.","You check everything before believing and then teach others. Your precision is a use. Just do not correct everybody."
"jupiter","9","libra","Стигате до убеждение, като го изпробвате върху един човек. Спорът ви е учтив и дълъг. Изберете кой да ви опонира.","You arrive at a conviction by trying it on one person. Your arguing is polite and long. Choose who gets to oppose you."
"jupiter","9","scorpio","Учите нещо, което малцина преподават, и стигате дълбоко. Повърхностното ви дразни. Направете го публично.","You study something few teach and go deep. The shallow irritates you. Make it public."
"jupiter","9","sagittarius","Ученето, обясняването и пътят са едно и също нещо за вас. Знанието ви расте, докато се движите. Само отделяйте време да го запишете.","Studying, explaining and travelling are one and the same thing for you. Your knowledge grows while you move. Just make time to write it down."
"jupiter","9","capricorn","Учите бавно и без кратък път, и после преподавате. Дипломата дойде след опита. Кажете го на един по-млад.","You learn slowly and without shortcuts, and then you teach. The certificate came after the experience. Say that to somebody younger."
"jupiter","9","aquarius","Вярвате различно от всички и не спорите. Изпреварвате мнозина. Обяснявайте търпеливо.","You believe differently from everybody and do not argue. You are ahead of many. Explain patiently."
"jupiter","9","pisces","Вярата ви е по-широка от всяко учение. Не търсите потвърждение. Споделете нещо с един човек.","Your faith is wider than any teaching. You look for no confirmation. Share something with one person."
"jupiter","10","aries","Издигате се бързо и обещавате пред хора. Оптимизмът ви отваря врати. Само дръжте обещаното.","You rise fast and promise in public. Your optimism opens doors. Just keep what you promise."
"jupiter","10","taurus","Мястото ви идва бавно и остава. Признават ви за трайното. Само поискайте по-рано.","Your position comes slowly and stays. You are recognised for what lasts. Just ask earlier."
"jupiter","10","gemini","Познават ви по това, което обяснявате. Умеете да разкажете сложното. Само дръжте съдържание отзад.","You are known for what you explain. You can tell the complicated thing. Just keep substance behind it."
"jupiter","10","cancer","Помнят ви по грижата и по това, че сте бил на мястото. Топлотата ви е репутация. Пазете я.","You are remembered for the care and for having been there. Your warmth is your reputation. Keep it."
"jupiter","10","leo","Тук всичко е на място: името и широчината са едно. Вярват ви и вие го оправдавате. Само не обещавайте прекалено.","Here everything sits in place: the name and the width are one. You are believed and you bear it out. Just do not over-promise."
"jupiter","10","virgo","Признават ви за полезното и точното. Работата ви е чиста. Кажете какво сте свършил.","You are recognised for the useful and the exact. Your work is clean. Say what you finished."
"jupiter","10","libra","Мястото ви идва през хора и договор. Умеете да се разбирате. Пишете условията все пак.","Your position comes through people and terms. You know how to agree. Put the terms in writing all the same."
"jupiter","10","scorpio","Мястото ви е там, където се решава тежко, и хората ви вярват. Дават ви бързо. Проверете сам себе си.","Your position is where heavy things get decided, and people trust you. They hand it over fast. Test yourself."
"jupiter","10","sagittarius","Името ви расте навън по-бързо. Далечното ви признава. Тръгвайте натам.","Your name grows faster away. The far-away recognises you. Head that way."
"jupiter","10","capricorn","Мястото ви е спечелено с години и остава. Не бързате. Взимайте, колкото струва.","Your position was earned over years and it stays. You do not hurry. Charge what it is worth."
"jupiter","10","aquarius","Мястото ви е там, където се прави ново. Старият ред ви задушава. Търсете точно това.","Your position is where the new is made. The old order suffocates you. Look for exactly that."
"jupiter","10","pisces","Работата ви е грижа, изкуство или вяра, и хората го усещат. Числата не ви движат. Кажете си цената.","Your work is care, art or faith, and people sense it. Numbers do not move you. Say your price."
"jupiter","11","aries","Влизате в група и я разширявате веднага. Не чакате покана. Оставяйте и на другите ход.","You come into a group and widen it at once. You do not wait for an invitation. Leave the others a move."
"jupiter","11","taurus","Кръгът ви е стабилен и от години. Не сменяте хората. Оставете вратата отворена.","Your circle is steady and years old. You do not swap people. Leave the door open."
"jupiter","11","gemini","Познавате много хора и всеки ви е полезен. Кръгът ви е широк. Задълбочете две приятелства.","You know many people and each is useful to you. Your circle is wide. Deepen two friendships."
"jupiter","11","cancer","Приятелите ви са семейство и вие ги подслонявате. Границата липсва. Кажете, когато сте свършил.","Your friends are family and you shelter them. The boundary is missing. Say when you are spent."
"jupiter","11","leo","В компанията вие вдигате тона и всички се радват. Обичате го. Питайте и другите какво искат.","In company you raise the tone and everybody is glad. You enjoy it. Ask the others what they want too."
"jupiter","11","virgo","Помагате полезно и практично, и никой не отчита. В групата вършите работата. Оставете една задача.","You help usefully and practically, and nobody records it. In the group you do the work. Leave one task."
"jupiter","11","libra","Тук всичко е на място: кръгът е самата ви печалба. Давате и се връща отвсякъде. Само оставяйте и за себе си.","Here everything sits in place: the circle is your profit itself. You give and it returns from all sides. Just leave something for yourself."
"jupiter","11","scorpio","Пускате в кръга малцина и им доверявате всичко. Повърхностното ви е загуба. Изберете трима.","You let few into the circle and trust them with everything. The shallow is a waste. Choose three."
"jupiter","11","sagittarius","Кръгът ви е по света и това ви е разширило живота. Тук са малцина. Пишете им.","Your circle is across the world and it widened your life. Here there are few. Write to them."
"jupiter","11","capricorn","В кръга сте човекът с тежката дума. Ролята е дадена отдавна. Кажете, когато не я поемате.","In the circle you are the one whose word carries. The role was assigned long ago. Say when you are not taking it."
"jupiter","11","aquarius","Приятелите ви са различни от вас и точно затова ви държат. Еднаквото ви е тясно. Търсете още един такъв.","Your friends are unlike you and that is exactly why they hold you. Sameness is tight for you. Look for one more like that."
"jupiter","11","pisces","Помагате на много повече хора, отколкото си давате сметка. Никой не брои. Пазете си списък.","You help far more people than you realise. Nobody counts. Keep a list."
"jupiter","12","aries","Помагате внезапно и после изчезвате. Не искате благодарност. Само казвайте, че сте бил вие.","You help suddenly and then disappear. You want no thanks. Just say that it was you."
"jupiter","12","taurus","Пазите нещо настрана и то расте тихо. Никой не знае колко е. Кажете на един човек.","You keep something aside and it grows quietly. Nobody knows how much. Tell one person."
"jupiter","12","gemini","Обяснявате на един човек нещо, което не казвате на никого. Знанието ви е тихо. Извадете една част.","You explain to one person something you tell nobody. Your knowledge is quiet. Bring one part out."
"jupiter","12","cancer","Помагате скрито на роднини и не разказвате. Носите го от години. Кажете какво ви струва.","You help relatives out of sight and never tell. You have carried it for years. Say what it costs you."
"jupiter","12","leo","Правите голямо и не го обявявате. Радостта е тиха. Покажете една част.","You do something large and do not announce it. The gladness is quiet. Show one part."
"jupiter","12","virgo","Работите за други зад кулисите и всичко държи. Никой не отчита. Опишете го веднъж.","You work for others behind the scenes and everything holds. Nobody records it. Describe it once."
"jupiter","12","libra","Уреждате мира тихо и хората не знаят кой. Правите го от щедрост. Кажете го веднъж.","You settle the peace quietly and people do not know who. You do it out of generosity. Say it once."
"jupiter","12","scorpio","Достъп и пари ви идват от хора без имена. Приемате и мълчите. Пазете границата.","Access and money reach you from people with no names. You accept and stay silent. Guard the boundary."
"jupiter","12","sagittarius","Тук всичко е на място: щедростта без адрес е вашето. Давате на непознати. Само оставяйте за себе си.","Here everything sits in place: generosity with no address is yours. You give to strangers. Just leave something for yourself."
"jupiter","12","capricorn","Помагате по задължение и по график. Никой не е чул да се оплачете. Кажете колко е.","You help out of obligation and on schedule. Nobody has heard you complain. Say how much it is."
"jupiter","12","aquarius","Помагате на хора, за които никой друг не се сеща. Обичайната благотворителност ви е тясна. Продължавайте.","You help people nobody else thinks of. The usual charity is narrow for you. Keep going."
"jupiter","12","pisces","Вярата ви е тиха и без обявяване, и точно тя ви държи. Не търсите потвърждение. Пазете я.","Your faith is quiet and unannounced, and it is exactly what holds you. You look for no confirmation. Keep it."
"saturn","1","aries","Спирате се сам точно преди да тръгнете. Смелостта ви е, а разрешението — не. Дайте си го.","You stop yourself right before setting off. The courage is there and the permission is not. Give it to yourself."
"saturn","1","taurus","Държите се стабилно и хората разчитат на това. Не се движите бързо. Само не се вкоренявайте съвсем.","You carry yourself steadily and people rely on it. You do not move fast. Just do not root yourself completely."
"saturn","1","gemini","Мерите всяка дума, преди да я кажете. Хората ви смятат за сдържан. Кажете и нещо неподготвено.","You weigh every word before saying it. People take you for reserved. Say something unprepared too."
"saturn","1","cancer","Пораснали сте по-рано от възрастта си. Отвън изглеждате по-сериозен. Позволете си да сте лек един ден.","You grew up earlier than your age. From outside you look more serious. Allow yourself to be light for one day."
"saturn","1","leo","Държите се достойно и не молите за нищо. Гордостта ви пречи да поискате. Поискайте едно нещо.","You carry yourself with dignity and ask for nothing. Pride stops you asking. Ask for one thing."
"saturn","1","virgo","Виждате в себе си всеки недостатък и никой друг не ги вижда. Строгостта ви е стара. Кажете си едно добро нещо.","You see every flaw in yourself and nobody else sees them. Your strictness is old. Say one good thing to yourself."
"saturn","1","libra","Съобразявате се с всички и после ви е тежко. Отказът ви е труден. Кажете едно не тази седмица.","You accommodate everybody and afterwards it weighs. Refusing is hard for you. Say one no this week."
"saturn","1","scorpio","Не показвате нищо и хората не знаят как сте. Затварянето ви е защита. Отворете едно нещо.","You show nothing and people do not know how you are. Closing up is protection. Open one thing."
"saturn","1","sagittarius","Обещавате по-малко, отколкото можете. Скромността ви струва. Кажете какво умеете.","You promise less than you can. Your modesty costs you. Say what you can do."
"saturn","1","capricorn","Тук всичко е на място: тежестта е самото ви лице. Хората ви дават отговорност веднага. Само поискайте помощ.","Here everything sits in place: the weight is your face itself. People hand you responsibility at once. Just ask for help."
"saturn","1","aquarius","Държите се на разстояние и то е обмислено. Хората ви смятат за студен. Дайте един знак рано.","You keep your distance and it is deliberate. People take you for cold. Give one sign early."
"saturn","1","pisces","Не знаете как изглеждате отвън и това ви притеснява. Границата ви е неясна. Питайте един човек направо.","You do not know how you look from outside and it troubles you. Your edge is unclear. Ask one person directly."
"saturn","2","aries","Изкарвате трудно в началото и после върви. Първите пари са дошли с бой. Не забравяйте да похарчите.","You earn hard at the beginning and then it flows. The first money came with a fight. Do not forget to spend some."
"saturn","2","taurus","Тук всичко е на място: строите бавно и не губите. Всеки лев е минал през мисъл. Само не си отказвайте всичко.","Here everything sits in place: you build slowly and lose nothing. Every coin has passed through your thinking. Just do not refuse yourself everything."
"saturn","2","gemini","Изкарвате от две неща, защото едното не ви е спокойно. Мислите за парите постоянно. Гледайте сметките веднъж седмично.","You earn from two things because one does not feel safe. You think about money constantly. Look at the accounts once a week."
"saturn","2","cancer","Пестите заради страх, който е по-стар от вас. В рода парите са били проблем. Похарчете нещо малко.","You save out of a fear older than you are. Money was a problem in the family. Spend something small."
"saturn","2","leo","Отказвате си, за да имате за важното. Скъпото ви радва, но с чувство на вина. Купете едно нещо без вина.","You refuse yourself so there will be enough for what matters. The costly gladdens you, with guilt attached. Buy one thing without the guilt."
"saturn","2","virgo","Смятате точно и знаете всичко до стотинка. Дребният разход ви тежи. Оставете едно перо непроверено.","You count precisely and know everything to the coin. A small expense weighs on you. Leave one line unchecked."
"saturn","2","libra","Не искате да говорите за пари и затова ви плащат по-малко. Мълчанието не е скромност. Кажете числото.","You do not want to talk money, which is why you are paid less. Silence is not modesty. Say the number."
"saturn","2","scorpio","Държите резерв, за когото не казвате на никого. Той е и страх, и разум. Кажете на един човек къде е.","You keep a reserve you tell nobody about. It is fear and good sense at once. Tell one person where it is."
"saturn","2","sagittarius","Планирате на години и се получава. Бързата печалба ви е чужда. Само не отлагайте живота.","You plan in years and it works. A quick gain is foreign to you. Just do not postpone living."
"saturn","2","capricorn","Изкарвате със постоянство и то расте. Никой не ви е дал нищо. Позволете си едно удоволствие.","You earn by constancy and it grows. Nobody gave you anything. Allow yourself one pleasure."
"saturn","2","aquarius","Изкарвате от нещо необичайно и то е сигурно за вас. Обичайното ви е тясно. Дръжте един стабилен приход.","You earn from something unusual and to you it is safe. The usual is tight for you. Keep one stable income."
"saturn","2","pisces","Парите ви тревожат, без да знаете точната сума. Числата се размиват от страх. Напишете я и вижте.","Money worries you without your knowing the exact sum. Fear blurs the numbers. Write it down and look."
"saturn","3","aries","Казвате го веднъж и после мълчите. Спорът ви е кратък и тежък. Обяснете защо.","You say it once and then keep quiet. Your argument is short and heavy. Explain why."
"saturn","3","taurus","Говорите бавно и точно, и хората ви вярват. Не повтаряте. Само кажете и без покана.","You speak slowly and precisely and people believe you. You do not repeat. Just say it without being invited."
"saturn","3","gemini","Мислите бързо и говорите предпазливо, и двете наведнъж. Спирате се пред думата. Кажете едното нещо.","You think fast and speak carefully, both at once. You stop short of the word. Say the one thing."
"saturn","3","cancer","Не казвате как сте, за да не тежите. Мълчанието идва от детството. Кажете едно изречение.","You do not say how you are, so as not to weigh on anybody. The silence comes from childhood. Say one sentence."
"saturn","3","leo","Говорите достойно и без излишно. Хората ви слушат. Кажете и лекото понякога.","You speak with dignity and nothing surplus. People listen. Say the light thing sometimes."
"saturn","3","virgo","Проверявате всяка дума за точност. Хората ви смятат за придирчив. Оставете едно неточно.","You check every word for accuracy. People take you for fussy. Let one inaccuracy go."
"saturn","3","libra","Мълчите, за да няма спор, и после ви тежи. Мирът ви е скъп. Кажете едното нещо.","You keep quiet so there will be no argument, and afterwards it weighs. Peace is expensive for you. Say the one thing."
"saturn","3","scorpio","Тук всичко е на място: малкото и точното е самата ви реч. Не се хабите. Само кажете и доброто.","Here everything sits in place: the sparing and exact is your speech itself. You do not waste yourself. Just say the good thing too."
"saturn","3","sagittarius","Говорите за важното и не се шегувате с него. Хората ви смятат за строг. Кажете една шега.","You speak of what matters and do not joke about it. People take you for severe. Make one joke."
"saturn","3","capricorn","Казвате малко и всяка дума ви обвързва. Точно затова говорите рядко. Кажете едно нещо повече.","You say little and every word binds you. That is exactly why you speak rarely. Say one thing more."
"saturn","3","aquarius","Мислите различно и мълчите за това. Стаята не е готова. Кажете го на един човек.","You think differently and keep quiet about it. The room is not ready. Say it to one person."
"saturn","3","pisces","Знаете какво да кажете и не намирате думите. Мълчанието ви изглежда като липса. Пишете, вместо да казвате.","You know what to say and cannot find the words. Your silence looks like having nothing. Write rather than speak."
"saturn","4","aries","Носите къщата от рано и не спирате. Никой не ви е предложил помощ. Поискайте я.","You have carried the house since early and do not stop. Nobody offered help. Ask for it."
"saturn","4","taurus","Домът ви е стабилен и труден за постигане. Платили сте го сам. Радвайте му се на глас.","Your home is steady and was hard to reach. You paid for it alone. Take pleasure in it out loud."
"saturn","4","gemini","Вкъщи мълчите за важното. Разговорът се отлага с години. Отворете една тема.","At home you keep quiet about what matters. The conversation is postponed for years. Open one subject."
"saturn","4","cancer","Тук всичко е на място: домът е самото ви задължение и опора. Носите го точно. Само не носете всичко сам.","Here everything sits in place: the home is your obligation and your support. You carry it precisely. Just do not carry it all alone."
"saturn","4","leo","Домът ви е достоен и вие държите на това. Не пускате хора да го видят полуготов. Пуснете един.","Your home is dignified and you hold to that. You do not let people see it half done. Let one in."
"saturn","4","virgo","Оправяте къщата по график и никога не е готова. Виждате всяка нередност. Оставете едно нещо.","You keep the house to a schedule and it is never finished. You see everything out of place. Leave one alone."
"saturn","4","libra","Домашните правила са ваши и не се обсъждат. Работи и е студено. Добавете един разговор.","The household rules are yours and are not discussed. It works and it is cold. Add one conversation."
"saturn","4","scorpio","В дома има мълчание, по-старо от вас, и вие го пазите. Никой не ви е искал това. Оставете го.","There is a silence in the home older than you, and you keep it. Nobody asked you to. Put it down."
"saturn","4","sagittarius","Далече от корена си сте по-лек. Тук ви тежи. Позволете си разстоянието.","Far from your root you are lighter. Here it weighs. Allow yourself the distance."
"saturn","4","capricorn","Домът ви е дошъл след години работа и остава. Никой не ви е дал кратък път. Дайте на друг един.","Your home came after years of work and it stays. Nobody gave you a shortcut. Give somebody one."
"saturn","4","aquarius","Правите дома по свой ред и хората не го разбират. Обичайното ви е тясно. Обяснете реда си.","You run the home by your own order and people do not understand it. The usual is tight for you. Explain your order."
"saturn","4","pisces","Домът ви поема тежестта и вие я усещате в стените. Никой не я назовава. Наречете я веднъж.","Your home takes on the weight and you feel it in the walls. Nobody names it. Name it once."
"saturn","5","aries","Спирате се точно преди да започнете. Смелостта е, разрешението не е. Дайте си го.","You stop right before beginning. The courage is there, the permission is not. Give it to yourself."
"saturn","5","taurus","Правите бавно и трайно, и след години още стои. Не бързате. Само покажете го.","You work slowly and lastingly and years later it stands. You do not hurry. Just show it."
"saturn","5","gemini","Измисляте много и не показвате нищо. Страхът е от преценка. Покажете едно нещо.","You invent a lot and show nothing. The fear is of judgement. Show one thing."
"saturn","5","cancer","С децата сте по-строг, отколкото искате. Повтаряте нещо научено. Сменете една реакция.","With children you are stricter than you want. You repeat something learned. Change one reaction."
"saturn","5","leo","Искате да сте горд с направеното и затова не го пускате. Никога не е достатъчно добро. Пуснете го.","You want to be proud of what you made and so you do not release it. It is never good enough. Release it."
"saturn","5","virgo","Изпипвате до последното и затова се бавите. Разликата вижда само вие. Пуснете го при девет от десет.","You perfect it to the last and that is why you are slow. Only you see the difference. Release it at nine out of ten."
"saturn","5","libra","Правите го за човек, който ще прецени справедливо. Чуждото мнение ви тежи. Направете едно за себе си.","You make it for somebody who will judge fairly. Other people's opinion weighs on you. Make one for yourself."
"saturn","5","scorpio","Желаете силно и си слагате прегради, преди да сте посегнал. Отказът е станал навик, а не избор. Проверете кое още ви е нужно да си забранявате.","You desire strongly and set up barriers before reaching. The refusing became a habit rather than a choice. Check which of those bans you still need."
"saturn","5","sagittarius","Замисляте голямо и после го отлагате за подходящия момент. Той не идва. Започнете с малкото.","You conceive it big and then postpone it for the right moment. It does not come. Begin with the small."
"saturn","5","capricorn","Упражнявате едно умение с години и не смятате, че е достатъчно. Стандартът ви е по-висок от чуждия. Покажете го на този етап.","You practise one skill for years and do not consider it enough. Your standard is higher than anybody's. Show it at this stage."
"saturn","5","aquarius","Правите нещо, което не е правено, и затова се съмнявате. Няма с какво да го сравните. Довършете го.","You make something not made before and so you doubt. There is nothing to compare it with. Finish it."
"saturn","5","pisces","Правите нещо силно и не вярвате, че е ваше. Съмнението ви е постоянно. Питайте един човек, не десет.","You make something strong and do not believe it is yours. Your doubt is constant. Ask one person, not ten."
"saturn","6","aries","Работите на пълна сила и после падате. Не признавате умората. Спрете преди края.","You work at full force and then collapse. You do not admit tiredness. Stop before the end."
"saturn","6","taurus","Тук всичко е на място: издържате повече от всеки и без шум. Работата ви е трайна. Само поискайте помощ преди края.","Here everything sits in place: you last longer than anybody and without noise. Your work is lasting. Just ask for help before the end."
"saturn","6","gemini","Работите две задачи и се тревожите за двете. Умът ви не спира. Затворете списъка вечер.","You work two tasks and worry about both. Your mind does not stop. Close the list in the evening."
"saturn","6","cancer","Работите за хората, за които се грижите, и не спирате. Умората идва наведнъж. Пуснете един ден.","You work for the people you look after and do not stop. The tiredness arrives at once. Let one day go."
"saturn","6","leo","Работите достойно и мълчите за усилието. Похвалата ви липсва. Кажете какво сте свършил.","You work with dignity and stay silent about the effort. You miss the praise. Say what you finished."
"saturn","6","virgo","Проверявате всичко по три пъти и после пак. Грешката ви тежи повече от нужното. Проверете два пъти и спрете.","You check everything three times and then again. A mistake weighs on you more than it should. Check twice and stop."
"saturn","6","libra","Работите добре при спокоен тон и мълчите, когато не е. Напрежението ви изтощава. Кажете го рано.","You work well with a calm tone and go quiet when it is not. Tension drains you. Say so early."
"saturn","6","scorpio","Носите тежката част и не се оплаквате. Мълчанието минава за съгласие. Кажете спирачката.","You carry the heavy part and do not complain. Your silence passes for agreement. Say the word stop."
"saturn","6","sagittarius","Работата ви иска простор и вие сте на тясно. Задължението ви държи тук. Погледнете навън.","Your work wants space and you are in a tight place. Duty keeps you here. Look outwards."
"saturn","6","capricorn","Работите по график с години и не пропускате. Товарят ви, защото сте надежден. Кажете кога е много.","You work to a schedule for years and never miss. More is loaded on because you are reliable. Say when it is too much."
"saturn","6","aquarius","Работите иначе и се борите за правото да го правите. Правилото без причина ви тежи. Обяснявайте новия начин.","You work differently and fight for the right to. A rule with no reason weighs on you. Explain the new way."
"saturn","6","pisces","Тялото ви подава сметката, когато отлагате почивката. Знаете го и продължавате. Спрете сега.","Your body sends the bill when you postpone rest. You know it and you continue. Stop now."
"saturn","7","aries","Избирате трудно и после държите. Страхувате се да сгрешите. Изберете все пак.","You choose with difficulty and then you hold. You are afraid of choosing wrong. Choose all the same."
"saturn","7","taurus","Обвързвате се за дълго и не мислите за изход. Постоянството ви е сила. Само проверявайте дали ви е добре.","You bond for the long term and give no thought to an exit. Your constancy is a strength. Just check that you are well."
"saturn","7","gemini","Обсъждате условията по-дълго, отколкото трае решението. Страхът е да не бъдете подведен. Пишете ги.","You discuss the terms longer than the decision takes. The fear is of being misled. Write them down."
"saturn","7","cancer","Търсите човек, с когото да сте в безопасност, и проверявате дълго. Пускате бавно. Дайте един знак рано.","You look for somebody to be safe with, and you test for a long time. You let people in slowly. Give one sign early."
"saturn","7","leo","Искате партньор, с когото да сте достоен. Гордостта ви пречи да поискате. Поискайте едно нещо.","You want a partner with whom you are dignified. Pride stops you asking. Ask for one thing."
"saturn","7","virgo","Виждате какво не е наред и мълчите, за да не нараните. Списъкът расте. Кажете едно нещо.","You see what is off and stay silent so as not to wound. The list grows. Say one thing."
"saturn","7","libra","Тук всичко е на място: обвързването е за дълго и вие го носите. Оставате, когато другите тръгват. Само не от инат.","Here everything sits in place: the bond is for the long term and you carry it. You stay when others leave. Just not out of stubbornness."
"saturn","7","scorpio","Пускате човек близо след дълга проверка. Доверието се печели с години. Дайте едно предварително.","You let somebody close after a long vetting. Trust is earned over years. Give one in advance."
"saturn","7","sagittarius","Искате човек, с когото животът е широк, и се страхувате да тръгнете. Двете се борят. Кажете и двете.","You want somebody with whom life is wide, and you are afraid to set off. The two are fighting. Say both."
"saturn","7","capricorn","Обещавате рядко и после носите обещанието десетилетия. Другият не знае колко тежи то за вас. Кажете му го с думи, не само с дела.","You promise rarely and then carry the promise for decades. The other does not know what it weighs for you. Say it to them in words, not only in deeds."
"saturn","7","aquarius","Искате близост, която не задушава, и правилата ви са необичайни. Кажете ги отначало. Спестява години.","You want closeness that does not smother, and your rules are unusual. State them at the start. It saves years."
"saturn","7","pisces","Носите отношението сам и не казвате колко. Никой не знае. Кажете едно изречение.","You carry the bond alone and never say how much. Nobody knows. Say one sentence."
"saturn","8","aries","Влизате в тежкото и после плащате с дни. Не отказвате помощ на никого. Откажете една.","You go into the heavy thing and pay for days afterwards. You refuse nobody help. Refuse one."
"saturn","8","taurus","Пазите чуждото по-строго от своето. Отговорността ви е тежка. Кажете какво поемате.","You guard what belongs to others more strictly than your own. Your responsibility is heavy. Say what you are taking on."
"saturn","8","gemini","Питате за неудобното с внимание и точност. Никой друг не сяда на това. Взимайте за него.","You ask the uncomfortable question with care and precision. Nobody else sits down to it. Charge for it."
"saturn","8","cancer","Носите неоплакана загуба от рода. Тежестта е стара и не е ваша. Наречете я веднъж.","You carry an unmourned loss from the family. The weight is old and not yours. Name it once."
"saturn","8","leo","Не искате да ви видят в загуба и затова мълчите. Гордостта ви струва. Кажете на един човек.","You do not want to be seen in loss and so you keep quiet. Pride costs you. Tell one person."
"saturn","8","virgo","Оправяте чуждите сметки до последното и без коментар. Никой не пита как. Кажете какво ви взима.","You settle other people's accounts to the last and without comment. Nobody asks how. Say what it takes from you."
"saturn","8","libra","Общото делите справедливо и после ви е тежко, че сте отстъпил. Мирът ви е скъп. Кажете сметката на глас.","You divide what is shared fairly and then it weighs that you gave way. Peace is expensive for you. Say the reckoning out loud."
"saturn","8","scorpio","Тук всичко е на място: издържате тежкото по-дълго от всеки. Не се пречупвате. Само поискайте помощ преди края.","Here everything sits in place: you endure the heavy thing longer than anybody. You do not break. Just ask for help before the end."
"saturn","8","sagittarius","Мислите за края по-често, отколкото казвате. Търсите смисъл в него. Кажете една част на един човек.","You think about endings more often than you say. You look for meaning in them. Say one part to one person."
"saturn","8","capricorn","Изплащате всичко до последното и по график. Никой не знае колко е. Дайте си срок за края.","You settle everything to the last and on schedule. Nobody knows how much it is. Give yourself a date for the end."
"saturn","8","aquarius","Гледате на края иначе от всички и мълчите за това. Мнението ви е неудобно. Кажете го на един човек.","You look at endings differently from everybody and stay quiet about it. Your view is inconvenient. Say it to one person."
"saturn","8","pisces","Страхувате се от загуба, преди да е дошла, и се стягате рано. Тялото го носи. Кажете от какво се плашите.","You fear a loss before it comes and brace early. Your body carries it. Say what frightens you."
"saturn","9","aries","Тръгвате късно, но тръгвате. Планирате дълго. Купете билета днес.","You set off late, and you do set off. You plan for a long time. Buy the ticket today."
"saturn","9","taurus","Убежденията ви са трайни и проверени. Не се менят под натиск. Оставяйте място за ново.","Your convictions are lasting and tested. They do not shift under pressure. Leave room for something new."
"saturn","9","gemini","Учите с недоверие и точно затова оставате. Проверявате всеки източник. Оставете едно нещо непроверено.","You study with mistrust and that is exactly why it stays. You check every source. Leave one thing unchecked."
"saturn","9","cancer","Вярата ви е дошла от рода и вие я носите, без да я преразглеждате. Спомените стоят вместо доводи. Проверете кое от нея е още ваше.","Your faith came from the family and you carry it without reviewing it. Memories stand in for arguments. Check which part of it is still yours."
"saturn","9","leo","Искате знанието да е признато и затова се бавите. Дипломата ви тежи. Направете нещо без нея.","You want the knowledge recognised and so you are slow. The certificate weighs on you. Do something without it."
"saturn","9","virgo","Проверявате всичко и стигате бавно, но стигате. Точността ви е основа. Само не спирайте от съмнение.","You check everything and arrive slowly, but you arrive. Precision is your base. Just do not let doubt stop you."
"saturn","9","libra","Стигате до убеждение чрез един човек, на когото вярвате. Сам се съмнявате. Изберете внимателно.","You reach a conviction through one person you trust. Alone you doubt. Choose carefully."
"saturn","9","scorpio","Стигнали сте до вярата си през тежко и я пазите строго. Никой не знае колко е струвала. Кажете една част.","You reached your faith through hardship and guard it strictly. Nobody knows what it cost. Say one part."
"saturn","9","sagittarius","Учите широко, но по график. Обещавате пътувания и после ги отлагате. Направете едно.","You study widely, but on a schedule. You promise journeys and then postpone them. Do one."
"saturn","9","capricorn","Тук всичко е на място: строгото убеждение е самата ви основа. Стигнал сте до него сам. Само не го налагайте.","Here everything sits in place: strict conviction is your foundation itself. You reached it alone. Just do not impose it."
"saturn","9","aquarius","Мислите различно от учебника и мълчите. Стаята не е готова. Напишете го.","You think differently from the textbook and stay quiet. The room is not ready. Write it down."
"saturn","9","pisces","Търсите смисъл и се съмнявате, че имате право на него. Разрешението е ваше. Дайте си го.","You look for meaning and doubt you are entitled to it. The permission is yours. Give it to yourself."
"saturn","10","aries","Бързате нагоре и после ви спира собствената преценка. Тръгнали сте рано. Продължете.","You hurry upwards and then your own judgement stops you. You started early. Keep going."
"saturn","10","taurus","Тук всичко е на място: мястото ви е дошло бавно и остава. Никой не ви е дал кратък път. Само поискайте по-рано.","Here everything sits in place: your position came slowly and it stays. Nobody gave you a shortcut. Just ask earlier."
"saturn","10","gemini","Признават ви за думата, която държите. Обещавате малко. Кажете и повече.","You are recognised for the word you keep. You promise little. Say a bit more."
"saturn","10","cancer","Мястото ви е свързано с рода и с това, което не е успяло. Носите чужда цел. Проверете дали е ваша.","Your position is bound up with the family and with what did not work out. You carry somebody else's aim. Check whether it is yours."
"saturn","10","leo","Искате да сте признат и не искате да го покажете. Гордостта ви пречи. Поискайте го.","You want to be recognised and do not want to show it. Pride stops you. Ask for it."
"saturn","10","virgo","Признават ви за точността и за това, че не пропускате. Работата ви е чиста. Кажете какво сте свършил.","You are recognised for precision and for missing nothing. Your work is clean. Say what you finished."
"saturn","10","libra","Мястото ви идва през договор и вие го спазвате буквално. Хората разчитат на това. Поискайте условия и за себе си.","Your position comes through terms and you keep them to the letter. People rely on that. Ask for conditions for yourself too."
"saturn","10","scorpio","Мястото ви е там, където се носи тежко, и никой не иска това. Носите го точно. Кажете какво ви струва.","Your position is where heavy things are carried, and nobody wants it. You carry it precisely. Say what it costs you."
"saturn","10","sagittarius","Признават ви навън по-лесно и вие го знаете от години. Тук ви е тясно. Тръгвайте.","You are recognised more easily away, and you have known it for years. Here is tight for you. Set off."
"saturn","10","capricorn","Стигате нагоре по стъпки и оставате. Отговорността е дадена рано. Носете я, но не сам.","You go up in steps and you stay. Responsibility was assigned early. Carry it, but not alone."
"saturn","10","aquarius","Мястото ви е там, където правят ново, и вие се борите за него. Старият ред ви тежи. Търсете точно това.","Your position is where the new is made and you fight for it. The old order weighs on you. Look for exactly that."
"saturn","10","pisces","Не знаете как изглежда работата ви отвън и това ви тревожи. Питате се дали е достатъчно. Питайте един човек.","You do not know how your work looks from outside and it worries you. You wonder whether it is enough. Ask one person."
"saturn","11","aries","Влизате в група и веднага поемате отговорност. Никой не ви кара. Оставете една задача на друг.","You come into a group and take on responsibility at once. Nobody makes you. Leave one task to somebody else."
"saturn","11","taurus","Приятелите ви са малцина и проверени с години. Новите идват трудно. Оставете вратата отворена.","Your friends are few and tested over years. New ones come hard. Leave the door open."
"saturn","11","gemini","В кръга сте човекът, който казва как стоят нещата. Прави сте и не сте търсен. Кажете и добро.","In the circle you are the one who says how things stand. You are right and not sought out. Say something good too."
"saturn","11","cancer","Грижите се за кръга като за семейство и мълчите. Никой не пита как сте. Кажете сам.","You look after the circle like family and stay silent. Nobody asks how you are. Say it yourself."
"saturn","11","leo","Искате да ви цени групата и не го казвате. Гордостта ви пречи. Поискайте едно нещо.","You want the group to value you and you do not say it. Pride stops you. Ask for one thing."
"saturn","11","virgo","В екипа проверявате вместо всички и никой не благодари. Работата е безплатна. Кажете кога спирате.","In the team you check for everybody and nobody thanks you. The work is free. Say when you stop."
"saturn","11","libra","Държите мира в кръга с усилие. Отстъпвате, за да няма сцена. Кажете едно свое условие.","You keep the peace in the circle with effort. You give way so there will be no scene. State one condition of your own."
"saturn","11","scorpio","Пускате в кръга малцина и им доверявате всичко. Проверявате дълго. Пуснете един нов.","You let few into the circle and trust them with everything. You test for a long time. Let one new person in."
"saturn","11","sagittarius","Кръгът ви е далеч и вие поддържате връзката по график. Тук ви е тясно. Обадете се на един.","Your circle is far away and you keep in touch on a schedule. Here is tight for you. Call one of them."
"saturn","11","capricorn","Тук всичко е на място: издържате в кръга по-дълго от всеки. Оставате, когато другите си тръгват. Само поискайте помощ.","Here everything sits in place: you last in the circle longer than anybody. You stay when others leave. Just ask for help."
"saturn","11","aquarius","Свои по дух намирате трудно и затова стоите сам. Обичайната компания ви е тясна. Търсете нарочно.","People of your own spirit are hard for you to find, so you stay alone. The usual company is tight for you. Look deliberately."
"saturn","11","pisces","Не знаете дали ви искат в групата и затова стоите отстрани. Питате се, вместо да питате. Питайте един човек.","You do not know whether you are wanted in the group and so you stand aside. You wonder instead of asking. Ask one person."
"saturn","12","aries","Носите го сам и после избухвате наведнъж. Търпението ви е с край. Кажете по-рано.","You carry it alone and then flare up all at once. Your patience has an end. Say so earlier."
"saturn","12","taurus","Носите нещо тежко от години и не го пускате. Товарът ви е станал навик. Оставете едно нещо.","You have carried something heavy for years and do not put it down. The load became a habit. Put one thing down."
"saturn","12","gemini","Мислите за това нощем и не го казвате. Тревогата расте на тъмно. Записвайте я и лягайте.","You think about it at night and do not say it. Worry grows in the dark. Write it down and go to bed."
"saturn","12","cancer","Носите родово мълчание и го пазите точно. Никой не ви е искал това. Оставете го.","You carry a family silence and keep it exactly. Nobody asked you to. Put it down."
"saturn","12","leo","Не искате да ви видят слаб и затова носите сам. Гордостта ви е скъпа. Кажете на един човек.","You do not want to be seen weak and so you carry it alone. Your pride is expensive. Tell one person."
"saturn","12","virgo","Работите тихо и по график, за който няма отчет. Умората е без протокол. Записвайте часовете.","You work quietly and to a schedule no report covers. The tiredness has no record. Log the hours."
"saturn","12","libra","Носите чуждия мир и мълчите за цената. Никой не пита. Кажете колко е.","You carry other people's peace and stay silent about the cost. Nobody asks. Say how much it is."
"saturn","12","scorpio","Пазите нещо тежко и не го назовавате. Отвън изглеждате спокоен. Наречете го веднъж.","You keep something heavy and do not name it. From outside you look calm. Name it once."
"saturn","12","sagittarius","Търсите смисъл сам и без потвърждение. Никой не знае колко време е отнело. Кажете една част.","You look for meaning alone and without confirmation. Nobody knows how long it took. Say one part."
"saturn","12","capricorn","Тук всичко е на място: носите без свидетел и без график. Издържате повече от всеки. Само поискайте помощ преди края.","Here everything sits in place: you carry with no witness and no timetable. You endure more than anybody. Just ask for help before the end."
"saturn","12","aquarius","Носите нещо, за което няма как да разкажете. Обичайното обяснение не пасва. Опитайте с един човек.","You carry something there is no way to tell. The usual explanation does not fit. Try it on one person."
"saturn","12","pisces","Страховете ви идват нощем и нямат ясен ръб. На светло са половината. Пишете ги на лист.","Your fears come at night and have no clear edge. In daylight they are half the size. Write them on a sheet."
"uranus","1","aries","Решавате наведнъж и хората не разбират откъде дойде. Промяната ви е внезапна и рядко погрешна. Само предупреждавайте.","You decide all at once and people cannot see where it came from. Your change is sudden and rarely wrong. Just give warning."
"uranus","1","taurus","Държите се неподвижно и после сменяте всичко за ден. Дълго седите, преди да скочите. Обяснете скока.","You hold still and then change everything in a day. You sit a long time before jumping. Explain the jump."
"uranus","1","gemini","Мислите на глас и сменяте посоката насред изречението. Хората не ви догонват. Довършете едната мисъл.","You think out loud and change direction mid-sentence. People do not keep up. Finish the one thought."
"uranus","1","cancer","Изглеждате мек и правите точно каквото сте решил. Хората се изненадват. Кажете го рано.","You look soft and do exactly what you decided. People are surprised. Say it early."
"uranus","1","leo","Забелязват ви, защото не приличате на никого. Обичате го и се вижда. Само не се различавайте нарочно.","You are noticed because you look like nobody. You like it and it shows. Just do not be different on purpose."
"uranus","1","virgo","Правите нещата иначе, но точно. Странното ви е обмислено. Обяснявайте метода.","You do things differently and exactly. Your oddness is considered. Explain the method."
"uranus","1","libra","Съобразявате се, докато не ви стане тясно, и после излизате наведнъж. Няма среден вариант. Кажете кога ви стяга.","You accommodate until it feels tight and then you walk out all at once. There is no middle version. Say when it starts to pinch."
"uranus","1","scorpio","Никой не знае какво ще направите и това ви пази. Отваряте се на малко хора. Само не изчезвайте без дума.","Nobody knows what you will do, and it protects you. You open to few people. Just do not vanish without a word."
"uranus","1","sagittarius","Тръгвате към странното и вземате хора със себе си. Смелостта ви е весела. Мерете обещанията.","You set off for the strange thing and take people with you. Your boldness is cheerful. Measure the promises."
"uranus","1","capricorn","Изглеждате традиционен и правите обратното. Разликата обърква. Кажете я на глас.","You look traditional and do the opposite. The difference confuses. Say it out loud."
"uranus","1","aquarius","Тук всичко е на място: различието е самото ви лице. Не се вписвате и не искате. Само не се отделяйте от всички.","Here everything sits in place: difference is your face itself. You do not fit in and do not want to. Just do not stand apart from everybody."
"uranus","1","pisces","Решавате по усещане и после звучи необяснимо. Обяснението идва месеци по-късно. Кажете поне посоката.","You decide on a feeling and afterwards it sounds inexplicable. The explanation comes months later. Say at least the direction."
"uranus","2","aries","Парите ви идват и си отиват на скокове. Работите с риск. Оставяйте буфер.","Your money comes and goes in jumps. You work with risk. Leave a buffer."
"uranus","2","taurus","Държите на своето и после го продавате наведнъж. Решението изглежда внезапно. Обмислете го два дни.","You hold to what is yours and then sell it all at once. The decision looks sudden. Think it over for two days."
"uranus","2","gemini","Изкарвате от нови неща и от две места. Едното перо ви е тясно. Дръжте и двете.","You earn from new things and from two places. One line is tight for you. Keep both."
"uranus","2","cancer","Купувате странни неща за дома и се радвате на тях. Хората не разбират. Не се обяснявайте.","You buy odd things for the home and they gladden you. People do not understand. Do not explain."
"uranus","2","leo","Харчите видимо за необичайното. Обичате да ви питат откъде е. Определете сума.","You spend visibly on the unusual. You like being asked where it came from. Set a sum."
"uranus","2","virgo","Изкарвате от нещо точно и техническо. Другите не биха сядали на това. Взимайте за него.","You earn from something exact and technical. Others would not sit down to it. Charge for it."
"uranus","2","libra","Печелите през хора, но по свои правила. Обичайният договор ви е тесен. Пишете свой.","You earn through people, on your own rules. The usual contract is narrow for you. Write your own."
"uranus","2","scorpio","Идват ви пари от неочаквана посока и след загуба. Не се изненадвате вече. Дръжте документите наред.","Money reaches you from an unexpected direction and after a loss. You are no longer surprised. Keep the papers in order."
"uranus","2","sagittarius","Изкарвате от далечни или чужди пазари. Тук ви е тясно. Гледайте навън.","You earn from distant or foreign markets. Here is tight for you. Look outwards."
"uranus","2","capricorn","Строите бавно нещо ново и то издържа. Не бързате. Само поискайте цена.","You build something new slowly and it holds. You do not hurry. Just ask a price."
"uranus","2","aquarius","Тук всичко е на място: изкарвате от нещо, което другите ще правят след пет години. Обичайното не ви храни. Дръжте един сигурен приход.","Here everything sits in place: you earn from what others will be doing in five years. The usual does not feed you. Keep one steady income."
"uranus","2","pisces","Парите ви идват от нещо, което трудно се обяснява. Числата не са ваша стихия. Ползвайте една сметка.","Your money comes from something hard to explain. Numbers are not your element. Use one account."
"uranus","3","aries","Казвате го рязко и после се чудите на реакцията. Думите ви са ток. Изчакайте едно дишане.","You say it abruptly and then wonder at the reaction. Your words are current. Wait one breath."
"uranus","3","taurus","Говорите малко и после казвате нещо, което обръща разговора. Пестите думи. Кажете и междинното.","You speak little and then say the thing that turns the conversation. You are sparing. Say the in-between part too."
"uranus","3","gemini","Тук всичко е на място: мисълта ви скача и стига преди всички. Хората изостават. Обяснявайте по-бавно.","Here everything sits in place: your thinking jumps and arrives before anybody. People fall behind. Explain more slowly."
"uranus","3","cancer","Казвате нещо неочаквано за семейството и настава тишина. Не го правите нарочно. Кажете го по-мека.","You say something unexpected about the family and silence falls. You do not do it on purpose. Say it more gently."
"uranus","3","leo","Обичате да смаете стаята с една дума. Публиката ви пали. Кажете и полезното.","You like to astonish the room with a word. An audience lights you up. Say the useful thing too."
"uranus","3","virgo","Обяснявате техническо просто и хората разбират. Дарбата ви е рядка. Взимайте за нея.","You explain the technical thing plainly and people understand. Your gift is rare. Charge for it."
"uranus","3","libra","Казвате неудобното учтиво и все пак се вижда. Изпреварвате стаята. Питайте, вместо да твърдите.","You say the awkward thing politely and it still shows. You are ahead of the room. Ask rather than assert."
"uranus","3","scorpio","Знаете какво не се казва и го произнасяте наведнъж. Стаята се стряска. Изберете момента.","You know what is not being said and you say it all at once. The room is startled. Choose the moment."
"uranus","3","sagittarius","Говорите за неща, които никой не е чувал, и се увличате. Обещавате в движение. Проверявайте фактите.","You talk about things nobody has heard of and get carried away. You promise as you go. Check the facts."
"uranus","3","capricorn","Казвате новото със стар език и затова ви слушат. Умеете да го преведете. Правете го по-често.","You say the new thing in old language and that is why they listen. You can translate it. Do it more often."
"uranus","3","aquarius","Мислите различно от всички и не се стараете да го скриете. Обичайният ред ви е тесен. Обяснявайте търпеливо.","You think differently from everybody and make no effort to hide it. The usual order is narrow for you. Explain patiently."
"uranus","3","pisces","Мисълта ви идва наведнъж и без път. Не можете да я проследите обратно. Записвайте я веднага.","Your thought arrives all at once and with no road. You cannot trace it back. Write it down at once."
"uranus","4","aries","Сменяте дома внезапно и после ви е добре. Решението идва за ден. Кажете го предварително.","You change home suddenly and afterwards you are well. The decision comes in a day. Say so in advance."
"uranus","4","taurus","Стоите на едно място дълго и после се вдигате наведнъж. Търпението ви има край. Обяснете го.","You stay in one place a long time and then move all at once. Your patience has an end. Explain it."
"uranus","4","gemini","Домът ви е пълен с необичайни неща и с приказка. Едно и също ви омръзва. Оставете нещо на място.","Your home is full of unusual things and talk. The same thing wears out for you. Let something stay put."
"uranus","4","cancer","В рода сте човекът, който направи иначе. Никой не го е очаквал. Кажете защо.","In the family you are the one who did it differently. Nobody expected it. Say why."
"uranus","4","leo","Домът ви е за показ на нещо ново. Гостите се учудват. Оставяйте и вечер за никого.","Your home is a showcase for something new. Guests are astonished. Leave an evening for nobody as well."
"uranus","4","virgo","Оправяте дома с техника и точност. Всичко работи иначе, но работи. Обяснете го на живеещите.","You run the home with technique and precision. Everything works differently and it works. Explain it to whoever lives there."
"uranus","4","libra","Домът се прави заедно и по нови правила. Обичайното разпределение ви е тясно. Кажете правилата ясно.","The home is made together and by new rules. The usual division is tight for you. State the rules clearly."
"uranus","4","scorpio","В дома има тайна и вие сте я казал на глас. Никой не ви е благодарил. Правилно е било.","There is a secret in the home and you said it out loud. Nobody thanked you. It was the right thing."
"uranus","4","sagittarius","Домът ви е в друга страна или ще бъде. Тук ви е тясно от години. Тръгвайте.","Your home is in another country, or will be. Here has been tight for years. Set off."
"uranus","4","capricorn","Носили сте дома по свой начин и без чужд съвет. Никой не ви е помогнал. Кажете го веднъж.","You have carried the home your own way and without anybody's advice. Nobody helped you. Say so once."
"uranus","4","aquarius","Тук всичко е на място: домът ви е свободен и различен. Правилата вътре са ваши. Само обяснете ги.","Here everything sits in place: your home is free and different. The rules inside are yours. Just explain them."
"uranus","4","pisces","Домът ви се мени с настроението и няма установен ред. Вие го обичате така. Пазете едно нещо постоянно.","Your home changes with your mood and has no set order. You love it that way. Keep one thing constant."
"uranus","5","aries","Започвате нещо ново, преди да сте свършил старото. Идеята идва наведнъж. Довършете едно.","You begin something new before finishing the old. The idea arrives all at once. Finish one."
"uranus","5","taurus","Правите бавно нещо необичайно и то остава. Не се отказвате. Само покажете го.","You slowly make something unusual and it stays. You do not quit. Just show it."
"uranus","5","gemini","Тук всичко е на място: измислянето на нови неща е играта ви. Три започнати е нормално. Довършете едно.","Here everything sits in place: inventing new things is your game. Three started is normal. Finish one."
"uranus","5","cancer","С децата сте нестандартен и това им е добре. Правите иначе от вашите родители. Кажете им защо.","With children you are unconventional and it does them good. You do it differently from your parents. Tell them why."
"uranus","5","leo","Правите нещо, което смайва, и обичате реакцията. Сцената ви е важна. Само правете и без публика.","You make something astonishing and love the reaction. The stage matters to you. Just make things without an audience too."
"uranus","5","virgo","Правите точно и ново наведнъж. Дребният детайл е част от идеята. Пуснете го при девет от десет.","You make it exact and new at once. The small detail is part of the idea. Release it at nine out of ten."
"uranus","5","libra","Създавате с още един и се допълвате странно. Двамата сте по-добри. Пазете партньорството.","You create with one other and you complement each other oddly. Two of you are better. Guard that partnership."
"uranus","5","scorpio","Страстта ви е неочаквана и не се обяснява. Влюбвате се извън всякакъв ред. Кажете го честно.","Your passion is unexpected and does not explain itself. You fall in love outside any order. Say so honestly."
"uranus","5","sagittarius","Замисляте нещо огромно и ново. Времето не стига. Свалете го наполовина.","You conceive something huge and new. The time is not enough. Halve it."
"uranus","5","capricorn","Правите ново нещо по стар и стабилен начин. Затова издържа. Само не отлагайте.","You make a new thing in an old, solid way. That is why it holds. Just do not postpone."
"uranus","5","aquarius","Правите нещо, за което няма пример. Обичайното ви е неинтересно. Довеждайте го до край.","You make something with no precedent. The usual does not interest you. Carry it to the end."
"uranus","5","pisces","Идеите ви идват като образ и наведнъж. Не знаете откъде. Записвайте ги веднага.","Your ideas arrive as an image and all at once. You do not know from where. Write them down at once."
"uranus","6","aries","Работите на изблици и сменяте начина насред задачата. Темпото ви е неравно. Разделете деня.","You work in bursts and change the method mid-task. Your pace is uneven. Split the day."
"uranus","6","taurus","Работите бавно и после сменяте всичко наведнъж. Търпението има край. Кажете го рано.","You work slowly and then change everything at once. The patience has an end. Say so early."
"uranus","6","gemini","Работите две неща и все нещо ново. Едното ви приспива. Дръжте ги две.","You work two things and always something new. One puts you to sleep. Keep it at two."
"uranus","6","cancer","Работата ви трябва да е сред свои хора и по нов начин. Едното без другото не върши. Изберете и двете.","Your work has to be among your own people and done a new way. One without the other is no use. Choose both."
"uranus","6","leo","Работите добре, когато ви оставят сам да решите. Надзорът ви спира. Поискайте свобода.","You work well when left to decide alone. Supervision stops you. Ask for the freedom."
"uranus","6","virgo","Тук всичко е на място: намирате по-добрия начин и го въвеждате. Правилото без причина ви пали. Обяснявайте новия ред.","Here everything sits in place: you find the better way and bring it in. A rule with no reason lights you up. Explain the new order."
"uranus","6","libra","Работите добре с хора, които не ви ограничават. Лошият тон ви прогонва наведнъж. Кажете го рано.","You work well with people who do not limit you. A bad tone drives you off at once. Say so early."
"uranus","6","scorpio","Влизате в задачи, които никой не разбира, и ги оправяте. Тежкото ви е интересно. Взимайте за него.","You go into tasks nobody understands and put them right. The hard thing interests you. Charge for it."
"uranus","6","sagittarius","Задачата ви трябва да опира до чужди места и чужди езици. В една сграда с едни и същи лица линеете. Поискайте работа, която пътува.","Your task has to touch other places and other languages. In one building with the same faces you wilt. Ask for work that travels."
"uranus","6","capricorn","Въвеждате новото бавно и по план, и затова остава. Никой не ви е помогнал. Поискайте помощ.","You bring the new thing in slowly and by plan, and that is why it stays. Nobody helped you. Ask for help."
"uranus","6","aquarius","Работата ви е там, където се прави нещо непознато. Обичайното ви приспива. Търсете точно това.","Your work is where something unknown is being made. The usual puts you to sleep. Look for exactly that."
"uranus","6","pisces","Тялото ви реагира на всяко напрежение в работата. Усещате го преди умът. Слушайте го рано.","Your body reacts to every tension at work. You feel it before your mind. Listen to it early."
"uranus","7","aries","Свързвате се внезапно и също така си тръгвате. Началото и краят ви са бързи. Кажете предупреждението.","You bond suddenly and leave the same way. Your beginnings and endings are fast. Give the warning."
"uranus","7","taurus","Държите връзката дълго и после я приключвате за ден. Търпението има край. Кажете го по-рано.","You hold the bond for a long time and then end it in a day. The patience has an end. Say so earlier."
"uranus","7","gemini","Трябва ви човек, с когото да се говори за нови неща. Обичайният разговор ви приспива. Кажете го.","You need somebody to talk about new things with. The usual conversation puts you to sleep. Say so."
"uranus","7","cancer","Искате дом и свобода наведнъж, и двете са истина. Изборът ви е привиден. Кажете и двете на глас.","You want a home and freedom at once, and both are true. The choice is only apparent. Say both out loud."
"uranus","7","leo","Искате партньор, който не се вписва, и се гордеете с това. Обичайното ви е тясно. Само не го излагайте.","You want a partner who does not fit in, and you are proud of it. The usual is tight for you. Just do not put them on display."
"uranus","7","virgo","Обичате по правила, които сами сте написал. Работят, ако са казани. Кажете ги отначало.","You love by rules you wrote yourself. They work if they are stated. State them at the start."
"uranus","7","libra","Тук всичко е на място: искате равен, а не половинка. Обичайният брак ви е тесен. Кажете какво искате.","Here everything sits in place: you want an equal rather than a half. The usual marriage is narrow for you. Say what you want."
"uranus","7","scorpio","Обвързвате се дълбоко и после ви трябва въздух. Двете идват заедно. Кажете кога ви стяга.","You bond deeply and then need air. The two come together. Say when it starts to pinch."
"uranus","7","sagittarius","Искате партньор, с когото животът е широк и непредвидим. Установеното ви убива. Кажете го рано.","You want a partner with whom life is wide and unpredictable. The settled kills you. Say so early."
"uranus","7","capricorn","Обвързвате се късно и по свой начин. Формата не ви е важна, думата — да. Кажете я ясно.","You bond late and in your own way. The form does not matter to you, the word does. Say it clearly."
"uranus","7","aquarius","Обичате свободно и обяснявате защо. Обичайното ревниво държане ви прогонва. Кажете границите.","You love freely and explain why. The usual possessiveness drives you off. State the limits."
"uranus","7","pisces","Свързвате се с човек, който не е за обяснение пред роднини. Не се извинявайте. Само кажете си истината.","You bond with somebody you cannot explain to relatives. Do not apologise. Just tell yourself the truth."
"uranus","8","aries","Влизате в тежкото наведнъж и излизате друг. Промяната ви е внезапна. Само не я предизвиквайте.","You go into the heavy thing all at once and come out different. Your change is sudden. Just do not provoke it."
"uranus","8","taurus","Държите общото и после го разделяте наведнъж. Решението изглежда рязко. Обяснете го.","You hold what is shared and then divide it all at once. The decision looks abrupt. Explain it."
"uranus","8","gemini","Питате за неудобното направо и без предисловие. Хората се стряскат. Кажете защо питате.","You ask the uncomfortable thing outright and with no preface. People are startled. Say why you are asking."
"uranus","8","cancer","След загуба сменяте живота си наведнъж. Никой не разбира защо толкова. Кажете една част.","After a loss you change your life all at once. Nobody sees why so much. Say one part."
"uranus","8","leo","Минали сте през нещо и не го криете. Разказвате го иначе от всички. Кажете го, когато решите.","You went through something and do not hide it. You tell it differently from everybody. Say it when you decide to."
"uranus","8","virgo","Оправяте чуждите сметки по нов и точен начин. Никой друг не сяда. Взимайте за него.","You settle other people's accounts in a new and exact way. Nobody else sits down to it. Charge for it."
"uranus","8","libra","Общото се дели по правила, които сами сте измислил. Работят, ако са писани. Пишете ги.","What is shared gets divided by rules you invented. They work if they are written. Write them down."
"uranus","8","scorpio","Тук всичко е на място: преобръщането е самото ви място. Издържате там, където другите се пречупват. Само не влизайте сам.","Here everything sits in place: the overturning is your place itself. You last where others break. Just do not go in alone."
"uranus","8","sagittarius","След тежко тръгвате надалеч и това работи. Разстоянието приключва нещо. Вземете обратен билет.","After something heavy you set off far away and it works. The distance finishes something. Buy a return ticket."
"uranus","8","capricorn","Изплащате всичко и после сменяте всичко. Двете вървят заедно. Дайте си срок.","You settle everything and then change everything. The two go together. Give yourself a date."
"uranus","8","aquarius","Гледате на края иначе от всички и това стряска. За вас е преход. Обяснявайте спокойно.","You look at endings differently from everybody and it startles. To you it is a passage. Explain calmly."
"uranus","8","pisces","Усещате края, преди да е обявен, и не можете да го докажете. Обикновено сте прав. Кажете го на един човек.","You sense the ending before it is announced and cannot prove it. Usually you are right. Say it to one person."
"uranus","9","aries","Тръгвате внезапно и сменяте убеждението на пътя. Смелостта ви е предимство. Само вземайте обратен билет.","You set off suddenly and change your conviction on the road. Your boldness is an advantage. Just buy a return ticket."
"uranus","9","taurus","Държите старото убеждение дълго и после го сменяте наведнъж. Промяната е тиха и пълна. Кажете я.","You hold the old conviction a long time and then swap it all at once. The change is quiet and complete. Say it."
"uranus","9","gemini","Учите скокообразно и от странни места. Учебникът ви е тесен. Задълбочете едно.","You learn in jumps and from odd places. The textbook is narrow for you. Go deep in one thing."
"uranus","9","cancer","Убежденията ви са различни от рода и това е решено рано. Никой не го е приел. Кажете го спокойно.","Your convictions differ from your family's and that was settled early. Nobody accepted it. Say it calmly."
"uranus","9","leo","Обяснявате новото с плам и хората ви следват. Убедеността ви увлича. Проверявайте фактите.","You explain the new thing with fire and people follow. Your conviction carries them. Check the facts."
"uranus","9","virgo","Проверявате новото по-строго от старото. Точността ви пази. Само не спирайте от съмнение.","You check the new more strictly than the old. Precision protects you. Just do not let doubt stop you."
"uranus","9","libra","Стигате до истината, като спорите с един човек. Сам се въртите. Изберете внимателно кого.","You reach the truth by arguing with one person. Alone you circle. Choose carefully whom."
"uranus","9","scorpio","Учите нещо, което малцина смеят да учат. Дълбокото ви привлича. Само пазете се от гуру.","You study something few dare to study. The deep draws you. Just beware of gurus."
"uranus","9","sagittarius","Тук всичко е на място: далечното и новото са едно. Ученето ви е тръгване. Само не обещавайте прекалено.","Here everything sits in place: the far and the new are one. Studying is setting off for you. Just do not over-promise."
"uranus","9","capricorn","Учите новото по стар и стабилен ред. Затова остава. Само не се бавете от страх.","You learn the new thing in an old, solid order. That is why it stays. Just do not stall out of fear."
"uranus","9","aquarius","Мислите неща, които ще станат общи след години. Изпреварвате всички. Обяснявайте търпеливо.","You think things that will be common in years. You are ahead of everybody. Explain patiently."
"uranus","9","pisces","Знанието ви идва наведнъж и без път. Не можете да го докажете. Записвайте го веднага.","Your knowing arrives all at once and with no road. You cannot prove it. Write it down at once."
"uranus","10","aries","Издигате се на скокове и сменяте посоката наведнъж. Кариерата ви не е линия. Обяснявайте я.","You rise in jumps and change direction all at once. Your career is not a line. Explain it."
"uranus","10","taurus","Стоите дълго на едно място и после тръгвате. Търпението има край. Кажете го по-рано.","You stay in one place a long time and then leave. The patience has an end. Say so earlier."
"uranus","10","gemini","Познават ви по това, което казвате ново. Обичайното мнение ви е тясно. Дръжте съдържание отзад.","You are known for the new thing you say. The usual opinion is narrow for you. Keep substance behind it."
"uranus","10","cancer","Мястото ви е свързано с грижа, направена иначе. Хората помнят разликата. Кажете какво правите.","Your position involves care done differently. People remember the difference. Say what you do."
"uranus","10","leo","Забелязват ви, защото не работите като другите. Обичате го. Само дръжте резултата.","You are noticed because you do not work like the others. You like it. Just keep the result."
"uranus","10","virgo","Признават ви за точността в нещо ново. Никой друг не го умее. Взимайте за него.","You are recognised for precision in something new. Nobody else can do it. Charge for it."
"uranus","10","libra","Мястото ви идва през хора и по нови условия. Обичайният договор ви е тесен. Пишете свой.","Your position comes through people and on new terms. The usual contract is narrow for you. Write your own."
"uranus","10","scorpio","Мястото ви е там, където се преобръща нещо. Хората ви викат при криза. Кажете кога е много.","Your position is where something gets overturned. People call you in a crisis. Say when it is too much."
"uranus","10","sagittarius","Името ви расте навън и там ви приемат по-рано. Тук закъсняват. Гледайте натам.","Your name grows away and they accept you sooner there. Here they are late. Look that way."
"uranus","10","capricorn","Въвеждате новото бавно и затова остава. Никой не ви е дал кратък път. Носете го, но не сам.","You bring the new thing in slowly and that is why it stays. Nobody gave you a shortcut. Carry it, but not alone."
"uranus","10","aquarius","Тук всичко е на място: мястото ви е там, където се прави непознатото. Старият ред ви задушава. Само обяснявайте по-бавно.","Here everything sits in place: your position is where the unknown is made. The old order suffocates you. Just explain more slowly."
"uranus","10","pisces","Работата ви е трудна за обяснение на комисия. Целта ви е неясна за другите. Кажете я с прост пример.","Your work is hard to explain to a committee. Your aim is unclear to others. Say it with a plain example."
"uranus","11","aries","Влизате в група и я преобръщате за седмица. Не чакате покана. Оставяйте и на другите ход.","You come into a group and turn it over within a week. You do not wait for an invitation. Leave the others a move."
"uranus","11","taurus","Стоите в кръга дълго и после излизате наведнъж. Търпението има край. Кажете го по-рано.","You stay in the circle a long time and then walk out all at once. The patience has an end. Say so earlier."
"uranus","11","gemini","Познавате странни хора и всеки от различно място. Обичайната компания ви приспива. Задълбочете две приятелства.","You know odd people, each from somewhere different. The usual company puts you to sleep. Deepen two friendships."
"uranus","11","cancer","В кръга сте човекът, който предлага друго. Приемат го бавно. Обяснявайте по-търпеливо.","In the circle you are the one who proposes something else. It is accepted slowly. Explain more patiently."
"uranus","11","leo","В компанията ви забелязват, защото не приличате на никого. Обичате го. Питайте и другите какво искат.","In company you are noticed because you resemble nobody. You like it. Ask the others what they want too."
"uranus","11","virgo","В екипа въвеждате новото и после го поддържате сам. Никой не помага. Оставете една задача.","In the team you bring the new thing in and then maintain it alone. Nobody helps. Leave one task."
"uranus","11","libra","В кръга уреждате нещата по свои правила. Обичайният ред ви е тесен. Кажете правилата ясно.","In the circle you arrange things by your own rules. The usual order is narrow for you. State the rules clearly."
"uranus","11","scorpio","Пускате в кръга малцина и им казвате всичко. Проверявате дълго. Пуснете един нов.","You let few into the circle and tell them everything. You test for a long time. Let one new person in."
"uranus","11","sagittarius","Кръгът ви е по света и говорите на два езика. Тук са малцина. Пишете на далечните.","Your circle is across the world and you speak two languages. Here there are few. Write to the distant ones."
"uranus","11","capricorn","Държите общото начинание с години и без хвалба. Никой не отчита. Кажете какво правите.","You hold the shared undertaking for years and without boasting. Nobody records it. Say what you do."
"uranus","11","aquarius","Тук всичко е на място: групата от свободни хора е самото ви място. Свои по дух намирате навсякъде. Само пазете и своя посока.","Here everything sits in place: a group of free people is your place itself. You find your own kind everywhere. Just keep a direction of your own."
"uranus","11","pisces","В групата усещате какво идва, преди да е обявено. Не можете да го докажете. Кажете го на един човек.","In the group you sense what is coming before it is announced. You cannot prove it. Say it to one person."
"uranus","12","aries","Изчезвате наведнъж и се връщате друг. Никой не разбира какво е станало. Кажете предупреждението.","You disappear all at once and come back different. Nobody sees what happened. Give the warning."
"uranus","12","taurus","Носите нещо дълго и после го оставяте за ден. Промяната изглежда внезапна. Обяснете я.","You carry something for a long time and then put it down in a day. The change looks sudden. Explain it."
"uranus","12","gemini","Мислите нови неща нощем и никой не знае. До сутринта се губят. Записвайте ги.","You think new things at night and nobody knows. By morning they are lost. Write them down."
"uranus","12","cancer","Скривате колко различно живеете. Родата не знае. Кажете една част на един човек.","You hide how differently you live. The family does not know. Say one part to one person."
"uranus","12","leo","Правите нещо необичайно и не го показвате. Стои в чекмедже. Извадете едно.","You do something unusual and do not show it. It sits in a drawer. Bring one out."
"uranus","12","virgo","Оправяте нещо точно и никой не знае, че сте вие. Работата ви е тиха. Оставете подпис.","You put something right precisely and nobody knows it is you. Your work is quiet. Leave a signature."
"uranus","12","libra","Уреждате мира зад кулисите по свой начин. Никой не разбира как. Кажете го веднъж.","You settle the peace behind the scenes in your own way. Nobody understands how. Say it once."
"uranus","12","scorpio","Знаете нещо, което не се казва, и мълчите за него. Изпреварвате всички. Изберете кому да го кажете.","You know something unsaid and you keep quiet. You are ahead of everybody. Choose whom to tell."
"uranus","12","sagittarius","Мислите за далечни неща сам и не ги обявявате. Планът ви е широк. Кажете една част на глас.","You think about far things alone and do not announce them. Your plan is wide. Say one part out loud."
"uranus","12","capricorn","Носите товара сам и по свой ред. Никой не знае колко е. Дайте си край на деня.","You carry the load alone and in your own order. Nobody knows how much it is. Give yourself an end to the day."
"uranus","12","aquarius","Тук всичко е на място: свободата на тихо е самото ви място. Изчезвате и се връщате цял. Само казвайте кога.","Here everything sits in place: freedom in the quiet is your place itself. You disappear and come back whole. Just say when."
"uranus","12","pisces","Знаете какво идва и не можете да обясните откъде. Никой не ви вярва предварително. Записвайте датите.","You know what is coming and cannot explain how. Nobody believes you in advance. Write the dates down."
"neptune","1","aries","Тръгвате по усещане и обяснявате после, ако обяснявате. Хората не виждат откъде идва. Кажете поне посоката.","You set off on a feeling and explain later, if at all. People cannot see where it comes from. Say at least the direction."
"neptune","1","taurus","Присъствието ви е меко и хората се отпускат до вас. Не се движите бързо. Само не се разтваряйте в стаята.","Your presence is soft and people relax beside you. You do not move fast. Just do not dissolve into the room."
"neptune","1","gemini","Говорите за няколко неща наведнъж и се губи нишката. Мисълта ви е образ. Довършете едното.","You talk about several things at once and the thread is lost. Your thinking is an image. Finish the one."
"neptune","1","cancer","Хората усещат по вас как са те. Отразявате настроението им. Пазете границата.","People sense their own state in you. You reflect their mood. Guard the boundary."
"neptune","1","leo","Забелязват ви и не могат да кажат защо. Има нещо неопределимо у вас. Използвайте го внимателно.","You are noticed and people cannot say why. There is something undefinable about you. Use it carefully."
"neptune","1","virgo","Изглеждате разсеян и виждате всеки детайл. Хората ви подценяват. Кажете какво сте забелязал.","You look distracted and you see every detail. People underrate you. Say what you noticed."
"neptune","1","libra","Настройвате се към всеки и после не знаете кой сте. Хармонията ви е навик. Кажете едно свое нещо.","You tune to everybody and afterwards do not know who you are. Harmony is a habit for you. Say one thing of your own."
"neptune","1","scorpio","Никой не знае какво мислите и това ви пази. Показвате малко и дълбоко. Само не изчезвайте без дума.","Nobody knows what you think and it protects you. You show little and deeply. Just do not vanish without a word."
"neptune","1","sagittarius","Обещавате настроение и хората ви вярват. Разказвате повече, отколкото е било. Мерете разказа.","You promise a mood and people believe you. You tell more than there was. Measure the telling."
"neptune","1","capricorn","Изглеждате сериозен и вътре има мъгла. Двете живеят заедно. Кажете и второто.","You look serious and inside there is fog. The two live together. Say the second part too."
"neptune","1","aquarius","Не приличате на никого и не се опитвате. Обичайното ви е тясно. Само не се отделяйте от всички.","You resemble nobody and you do not try to. The usual is tight for you. Just do not stand apart from everybody."
"neptune","1","pisces","Тук всичко е на място: границата ви е мека и всичко влиза. Усещате стаята веднага. Само измивайте деня преди сън.","Here everything sits in place: your edge is soft and everything comes in. You read the room at once. Just wash the day off before sleep."
"neptune","2","aries","Харчите по усещане и после не помните за какво. Числата ви бягат. Ползвайте пари в брой седмица.","You spend on a feeling and afterwards cannot recall what for. Numbers slip away from you. Use cash for a week."
"neptune","2","taurus","Спокойни сте, когато има нещо, което се пипа. Хартиените обещания не ви успокояват. Дръжте малко настрана.","You are calm when there is something you can touch. Paper promises do not calm you. Keep a little aside."
"neptune","2","gemini","Изкарвате от нещо, което е трудно да се опише. Две неща наведнъж ви е нормално. Записвайте и двете.","You earn from something hard to describe. Two things at once is normal for you. Record both."
"neptune","2","cancer","Парите ви са свързани с грижа за близките и затова са объркани. Дълговете и подаръците се смесват. Разделете ги на лист.","Your money is bound up with looking after family and so it is tangled. Debts and gifts blur together. Separate them on paper."
"neptune","2","leo","Харчите за красиво и за впечатление. Показното ви радва. Определете сума.","You spend on the beautiful and on the impression. Display gladdens you. Set a sum."
"neptune","2","virgo","Проверявате всичко и все ви се струва, че бъркате. Сметките ви са наред. Погледнете ги веднъж и спрете.","You check everything and still feel you have it wrong. Your accounts are in order. Look once and stop."
"neptune","2","libra","Не искате да говорите за пари, за да няма неприятно. Мълчанието струва. Кажете числото.","You do not want to talk money, to keep things pleasant. The silence costs. Say the number."
"neptune","2","scorpio","Пари изтичат някъде, където не гледате. Стар разход или тих човек. Отворете чекмеджето и вижте.","Money leaks somewhere you are not looking. An old expense or a quiet person. Open the drawer and look."
"neptune","2","sagittarius","Вярвате, че ще дойде, и обикновено идва. Планът ви е слабото. Оставяйте едно перо настрана.","You believe it will come, and usually it does. Planning is your weak part. Set one line aside."
"neptune","2","capricorn","Пестите тихо и не казвате колко. Страхът е стар. Кажете на един човек къде е.","You save quietly and do not say how much. The fear is old. Tell one person where it is."
"neptune","2","aquarius","Приходът ви идва от нещо, което трудно се обяснява на роднини. Свикнали сте да го наричате „проект“. Дръжте и един разбираем източник на пари.","Your income comes from something hard to explain to relatives. You have got used to calling it a project. Keep one source of money that is easy to explain as well."
"neptune","2","pisces","Тук всичко е на място: парите ви влизат и излизат като вода. Числата се размиват. Гледайте сметката на един и същ ден.","Here everything sits in place: money comes in and out of you like water. Numbers blur. Look at the account on the same day each week."
"neptune","3","aries","Казвате го, преди да сте го оформил, и после уточнявате. Първата версия е усещане. Кажете и втората.","You say it before it is shaped and then refine. The first version is a feeling. Say the second too."
"neptune","3","taurus","Говорите бавно и с образи, и хората ви помнят. Не бързате. Само кажете и конкретното.","You speak slowly and in images, and people remember you. You do not hurry. Just say the concrete thing too."
"neptune","3","gemini","Говорите за няколко неща наведнъж и нишката се губи. Слушателят изостава. Довършете едното.","You talk about several things at once and the thread is lost. The listener falls behind. Finish the one."
"neptune","3","cancer","Помните тона, а не думите, и той стои у вас. Разговорът ви оставя следа. Кажете кое ви заболя.","You remember the tone rather than the words, and it stays with you. A conversation leaves a mark. Say what hurt."
"neptune","3","leo","Разказвате така, че хората влизат в историята. Малко я украсявате. Кажете и голото.","You tell it so people step inside the story. You embellish a little. Say the bare version too."
"neptune","3","virgo","Обяснявате внимателно и все ви се струва, че не сте бил ясен. Бил сте. Спрете при третото изречение.","You explain carefully and still feel you were unclear. You were clear. Stop at the third sentence."
"neptune","3","libra","Говорите, за да не се засегне никой, и смисълът се размива. Учтивостта струва. Кажете едното направо.","You speak so nobody takes offence and the meaning blurs. Politeness costs. Say the one thing directly."
"neptune","3","scorpio","Знаете какво не се казва и мълчите за него. Мълчанието ви е избор. Кажете едно нещо внимателно.","You know what is not being said and stay quiet about it. Your silence is a choice. Say one thing carefully."
"neptune","3","sagittarius","Говорите за големи неща и обещавате в движение. Подробността ви убягва. Записвайте обещаното.","You talk about large things and promise as you go. The detail escapes you. Write the promises down."
"neptune","3","capricorn","Казвате малко и точно, и хората ви вярват. Не се шегувате леко. Кажете и топлото.","You say little and precisely and people believe you. You do not joke lightly. Say the warm thing too."
"neptune","3","aquarius","Обяснявате различно и хората разбират наведнъж. Обичайният език ви е тесен. Обяснявайте по-бавно.","You explain differently and people get it at once. The usual language is narrow for you. Explain more slowly."
"neptune","3","pisces","Тук всичко е на място: мислите с образи, не с довод. Ясни са, докато не ги произнесете. Записвайте ги.","Here everything sits in place: you think in images rather than arguments. They are clear until you speak them. Write them down."
"neptune","4","aries","Сменяте дома по усещане и после ви е добре. Решението не се обяснява. Кажете поне кога.","You change home on a feeling and afterwards you are well. The decision does not explain itself. Say at least when."
"neptune","4","taurus","Домът ви е тих и мек, и там ви е добре. Пипате бавно. Само пускайте хора вътре.","Your home is quiet and soft and you are well there. You work slowly. Just let people in."
"neptune","4","gemini","Домът ви е разпилян и жив. Редът не ви е важен. Пазете едно чисто място.","Your home is scattered and alive. Order does not matter to you. Keep one clean place."
"neptune","4","cancer","Тук всичко е на място: домът е вода и вие живеете в него. Усещате стените. Само отваряйте прозорците.","Here everything sits in place: the home is water and you live in it. You feel the walls. Just open the windows."
"neptune","4","leo","Домът ви е красив и малко нереален. Показвате го с радост. Оставяйте и вечер за никого.","Your home is beautiful and a little unreal. You show it gladly. Leave an evening for nobody as well."
"neptune","4","virgo","Оправяте дома и все ви се струва недовършен. Виждате всяко петно. Оставете едно нещо.","You put the home right and it always feels unfinished. You see every mark. Leave one thing alone."
"neptune","4","libra","Домът се прави заедно и вие отстъпвате за мир. После ви тежи. Кажете едно свое условие.","The home is made together and you give way for peace. Afterwards it weighs. State one condition of your own."
"neptune","4","scorpio","В дома има нещо, което не се назовава, и вие го дишате. Никой не го е обяснил. Наречете го веднъж.","There is something in the home that never gets named, and you breathe it. Nobody explained it. Name it once."
"neptune","4","sagittarius","Домът ви е там, където ви е леко, и това се мени. Куфарът е нормално. Пазете едно място за връщане.","Home for you is wherever it feels light, and that changes. A suitcase is normal. Keep one place to come back to."
"neptune","4","capricorn","Носите дома по задължение и мълчите за цената. Никой не пита. Кажете колко е.","You carry the home out of obligation and stay silent about the cost. Nobody asks. Say how much it is."
"neptune","4","aquarius","Домът ви не е като другите и вътре е свободно. Обичайният уют ви е тесен. Обяснете реда си.","Your home is not like the others and inside it is free. The usual comfort is tight for you. Explain your order."
"neptune","4","pisces","Домът ви поема настроението и вие го усещате при влизане. Стените помнят. Отваряйте прозорците.","Your home takes on the mood and you feel it as you come in. The walls remember. Open the windows."
"neptune","5","aries","Започвате по вдъхновение и то стига до средата. Планът липсва. Дайте едно нещо докрай.","You begin on inspiration and it carries you to the middle. The plan is missing. Take one thing to the end."
"neptune","5","taurus","Правите бавно нещо красиво и то остава. Не бързате. Само покажете го.","You slowly make something beautiful and it stays. You do not hurry. Just show it."
"neptune","5","gemini","Измисляте много и не завършвате. Идеите ви са образи. Изберете едно и го напишете.","You invent a lot and finish nothing. Your ideas are images. Choose one and write it."
"neptune","5","cancer","Създавате от чувство и децата го усещат. Радостта ви е тиха. Оставяйте и час за себе си.","You create out of feeling and children sense it. Your gladness is quiet. Leave an hour for yourself."
"neptune","5","leo","Правите красиво и искате да го видят. Сцената ви подхожда. Само подготвяйте се.","You make something beautiful and want it seen. The stage suits you. Just prepare."
"neptune","5","virgo","Изпипвате детайла и се съмнявате до последно. Никой друг не вижда разликата. Пуснете го.","You perfect the detail and doubt to the last. Nobody else sees the difference. Release it."
"neptune","5","libra","Създавате най-добре с още един. Сам се разсейвате. Търсете съавтор.","You create best with one other. Alone you drift. Look for a co-author."
"neptune","5","scorpio","Влюбвате се в представа и после виждате човека. Двете не съвпадат. Питайте нещо конкретно рано.","You fall in love with a picture and then see the person. The two do not match. Ask something concrete early."
"neptune","5","sagittarius","Замисляте огромно и разказвате го, преди да е започнало. Времето не стига. Свалете го наполовина.","You conceive it huge and tell it before it has begun. The time is not enough. Halve it."
"neptune","5","capricorn","Правите бавно и трайно нещо мечтано. Затова издържа. Само не отлагайте.","You slowly and lastingly make a dreamed thing. That is why it holds. Just do not postpone."
"neptune","5","aquarius","Правите неща, които не приличат на нищо в стаята, и това не е поза. Не знаете откъде идват. Довършете едно, за да го видят и другите.","You make things that resemble nothing in the room, and it is not a pose. You do not know where they come from. Finish one, so others can see it too."
"neptune","5","pisces","Тук всичко е на място: въображението е самата ви радост. Работи, когато не мислите. Записвайте го веднага.","Here everything sits in place: imagination is your gladness itself. It works when you are not thinking. Write it down at once."
"neptune","6","aries","Работите на приливи и после нямате сила. Темпото ви е неравно. Разделете деня на две.","You work in tides and then have no strength. Your pace is uneven. Split the day in two."
"neptune","6","taurus","Работите бавно и без прекъсване, и не забелязвате умората. Тялото плаща после. Пуснете един ден.","You work slowly and without a break and do not notice the tiredness. Your body pays later. Let one day go."
"neptune","6","gemini","Работите две неща и се разсейвате от трето. Едното ви приспива. Дръжте ги две и затворете третото.","You work two things and are distracted by a third. One puts you to sleep. Keep two and close the third."
"neptune","6","cancer","Улавяте по колегите как са, преди да са казали, и това ви тежи до вечерта. Работата не ви изморява, хората — да. Отделете си половин час без никого.","You pick up how your colleagues are before they say it, and it weighs on you until evening. The work does not tire you, the people do. Take half an hour with nobody."
"neptune","6","leo","Работата ви трябва да значи нещо и да се вижда, че е ваша. Безименната задача ви гаси. Поискайте да сложат името ви върху една.","Your work has to mean something, and to show that it is yours. An anonymous task puts you out. Ask to have your name on one."
"neptune","6","virgo","Проверявате по три пъти и все ви се струва пропуснато. Работата ви е чиста. Проверете два пъти и спрете.","You check three times and still feel something is missed. Your work is clean. Check twice and stop."
"neptune","6","libra","Работите добре при спокоен тон и се затваряте, когато не е. Напрежението ви изтощава. Кажете го рано.","You work well with a calm tone and shut down when it is not. Tension drains you. Say so early."
"neptune","6","scorpio","Влизате в тежката част и никой не пита как. Носите го тихо. Взимайте за него.","You go into the hard part and nobody asks how. You carry it quietly. Charge for it."
"neptune","6","sagittarius","Работата ви иска смисъл и простор. Празната задача ви изсушава. Изберете смисъл.","Your work needs meaning and space. An empty task dries you out. Choose meaning."
"neptune","6","capricorn","Работите по график и не пропускате, дори когато сте зле. Тялото си иска после. Спрете сега.","You work to a schedule and never miss, even when you feel bad. Your body collects later. Stop now."
"neptune","6","aquarius","Работите иначе и излиза добре. Правилото без причина ви обърква. Обяснявайте новия начин.","You work differently and it comes out well. A rule with no reason confuses you. Explain the new way."
"neptune","6","pisces","Тук всичко е на място: грижата без свидетел е самата ви работа. Правите я и когато никой не гледа. Само не за всички преди себе си.","Here everything sits in place: care with no witness is the work itself. You do it when nobody is watching. Just not for everybody before yourself."
"neptune","7","aries","Влюбвате се бързо в представа и после виждате човека. Началото ви е мъгливо. Питайте нещо конкретно.","You fall fast for a picture and then see the person. Your beginnings are foggy. Ask something concrete."
"neptune","7","taurus","Оставате дълго и след като е свършило. Надявате се, че ще се оправи. Кажете си истината.","You stay long after it has ended. You hope it will mend. Tell yourself the truth."
"neptune","7","gemini","Трябва ви разговор всеки ден, иначе ви се струва, че сте сам. Мълчанието ви плаши. Кажете го.","You need conversation every day, otherwise it feels like being alone. Silence frightens you. Say so."
"neptune","7","cancer","Влизате в човека и после не се намирате. Границата се размива. Пазете едно свое занимание.","You go into the person and then cannot find yourself. The edge blurs. Keep one pursuit of your own."
"neptune","7","leo","Искате партньор, на когото да се гордеете, и виждате повече, отколкото има. Разочарованието идва после. Питайте рано.","You want a partner to be proud of and you see more than is there. The disappointment comes later. Ask early."
"neptune","7","virgo","Забелязвате всяка дребна нередност в двойката и я премълчавате от такт. Тя се събира с месеци. Изберете една и я кажете спокойно.","You notice every small thing off in the pair and swallow it out of tact. It collects over months. Choose one and say it calmly."
"neptune","7","libra","Тук всичко е на място: сливането с другия ви е естествено. Отстъпвате леко. Само кажете какво искате вие.","Here everything sits in place: merging with the other comes naturally. You give way easily. Just say what you want."
"neptune","7","scorpio","Обвързвате се дълбоко и не питате за подробности. Доверието ви е пълно. Питайте едно конкретно нещо.","You bond deeply and ask no details. Your trust is total. Ask one concrete thing."
"neptune","7","sagittarius","Искате партньор, с когото животът е широк, и прощавате много. Обещанията му ви държат. Проверявайте делата.","You want a partner with whom life is wide, and you forgive a lot. Their promises hold you. Check the deeds."
"neptune","7","capricorn","Оставате от задължение и не го наричате така. Обещанието ви тежи. Кажете какво ви струва.","You stay out of obligation and do not call it that. The promise weighs. Say what it costs you."
"neptune","7","aquarius","Обичате свободно и това обърква хората. Обичайното ви е тясно. Кажете правилата отначало.","You love freely and it confuses people. The usual is tight for you. State the rules at the start."
"neptune","7","pisces","Усещате другия, преди да е казал, и отговаряте на това. Понякога сте се заблудил. Питайте с думи.","You sense the other before they speak and answer that. Sometimes you have it wrong. Ask in words."
"neptune","8","aries","Влизате в тежкото веднага и после ви трябват дни. Не се пазите. Спрете по-рано.","You go into the heavy thing at once and afterwards need days. You do not spare yourself. Stop earlier."
"neptune","8","taurus","Държите на общото и не питате за числата. Доверието ви е пълно. Погледнете документите.","You hold to what is shared and ask no numbers. Your trust is total. Look at the papers."
"neptune","8","gemini","Разпитвате за тежкото и после ви е по-зле. Знанието не е спокойствие. Спрете при второто питане.","You ask about the heavy thing and afterwards feel worse. Knowing is not calm. Stop at the second question."
"neptune","8","cancer","Усещате загубата, преди да е дошла, и я носите предварително. Тялото знае първо. Кажете го на един човек.","You sense the loss before it comes and carry it in advance. Your body knows first. Say it to one person."
"neptune","8","leo","Минали сте през нещо и разказвате го красиво. Малко го променяте. Кажете и голото.","You went through something and tell it beautifully. You alter it a little. Say the bare version too."
"neptune","8","virgo","Оправяте чуждите сметки и все ви се струва, че бъркате. Работата ви е точна. Проверете веднъж и спрете.","You settle other people's accounts and still feel you have it wrong. Your work is exact. Check once and stop."
"neptune","8","libra","Общото делите щедро и после ви е тежко. Мирът ви е скъп. Кажете сметката на глас.","You divide what is shared generously and then it weighs. Peace is expensive for you. Say the reckoning out loud."
"neptune","8","scorpio","Тук всичко е на място: дълбокото и размиващото се са едно. Усещате чуждата болка веднага. Само оставяйте я на прага.","Here everything sits in place: the deep and the dissolving are one. You feel other people's pain at once. Just leave it at the door."
"neptune","8","sagittarius","След загуба тръгвате далеч и това ви лекува. Разстоянието затваря нещо. Идете, ако можете.","After a loss you set off far and it heals you. The distance closes something. Go, if you can."
"neptune","8","capricorn","Изплащате всичко и мълчите за цената. Никой не пита. Дайте си срок.","You settle everything and stay silent about the cost. Nobody asks. Give yourself a date."
"neptune","8","aquarius","Гледате на края иначе и хората не ви разбират. За вас е преход. Обяснявайте спокойно.","You look at endings differently and people do not understand you. To you it is a passage. Explain calmly."
"neptune","8","pisces","Поемате чуждата загуба като своя. Границата липсва напълно. Питайте се чие е това.","You take on somebody else's loss as your own. The boundary is entirely missing. Ask yourself whose it is."
"neptune","9","aries","Хващате посоката, преди да има доводи за нея, и тръгвате. Обяснението идва месеци по-късно. Тръгнете, но кажете на един човек къде.","You catch the direction before there are arguments for it, and you go. The explanation comes months later. Go, but tell one person where."
"neptune","9","taurus","Вярата ви е тиха и трайна. Не се мени под натиск. Оставяйте място за ново.","Your faith is quiet and lasting. It does not shift under pressure. Leave room for something new."
"neptune","9","gemini","Учите по малко от много места и не подреждате. Знанието ви е мозаика. Задълбочете едно.","You learn a little from many places and do not order it. Your knowledge is a mosaic. Go deep in one."
"neptune","9","cancer","Вярата ви е дошла от дома и от разкази. Не я преразглеждате. Проверете кое е още ваше.","Your faith came from home and from stories. You do not review it. Check which part is still yours."
"neptune","9","leo","Говорите за вярата си вдъхновено и хората ви следват. Убедеността ви е видима. Проверявайте фактите.","You speak of your faith with inspiration and people follow. Your conviction shows. Check the facts."
"neptune","9","virgo","Проверявате всичко и все не сте сигурен. Съмнението ви е навик. Оставете едно нещо непроверено.","You check everything and are still unsure. Doubt is a habit for you. Leave one thing unchecked."
"neptune","9","libra","Стигате до смисъл в разговор с още един. Сам се размивате. Търсете събеседник.","You reach meaning in conversation with one other. Alone you blur. Look for an interlocutor."
"neptune","9","scorpio","Привлича ви учение, което не е за всеки. Дълбокото ви говори. Само пазете се от гуру.","A teaching not meant for everybody draws you. The deep speaks to you. Just beware of gurus."
"neptune","9","sagittarius","Тук всичко е на място: далечното ви говори без думи. Вярата и пътят са едно. Само не обещавайте пътувания напразно.","Here everything sits in place: the far-away speaks to you without words. The faith and the road are one. Just do not promise journeys idly."
"neptune","9","capricorn","Стигнали сте до вярата си бавно и сам. Никой не ви е потвърдил. Кажете една част.","You reached your faith slowly and alone. Nobody confirmed it. Say one part."
"neptune","9","aquarius","Вярвате различно от всички и не спорите. Изпреварвате стаята. Обяснявайте търпеливо.","You believe differently from everybody and do not argue. You are ahead of the room. Explain patiently."
"neptune","9","pisces","Смисълът ви идва като усещане, не като извод, и точно затова издържа. Няма как да го докажете на никого. Опишете го веднъж, дори само за себе си.","Your meaning arrives as a feeling rather than a conclusion, and that is exactly why it lasts. There is no way to prove it to anybody. Describe it once, even if only for yourself."
"neptune","10","aries","Тръгвате към мястото по усещане и то се получава. Планът е неясен и пътят работи. Кажете поне посоката.","You head for the position on a feeling and it works out. The plan is vague and the road works. Say at least the direction."
"neptune","10","taurus","Мястото ви е дошло бавно и хората ви усещат като сигурен. Не бързате. Само поискайте по-рано.","Your position came slowly and people feel you are safe. You do not hurry. Just ask earlier."
"neptune","10","gemini","Познават ви по няколко неща и не знаят кое е основното. Обяснявате различно всеки път. Изберете лицето.","You are known for several things and people do not know the main one. You explain it differently each time. Choose the face."
"neptune","10","cancer","Помнят ви по грижата и по това, че сте разбрал. Топлотата ви е репутация. Пазете и себе си.","You are remembered for the care and for having understood. Your warmth is your reputation. Guard yourself too."
"neptune","10","leo","Работата ви е да създадете нещо, което се вижда. Обичате го. Само дръжте съдържание отзад.","Your work is to make something that shows. You love it. Just keep substance behind it."
"neptune","10","virgo","Признават ви за точността в нещо трудно за обяснение. Никой друг не го умее. Взимайте за него.","You are recognised for precision in something hard to explain. Nobody else can do it. Charge for it."
"neptune","10","libra","Мястото ви идва през хора и добра дума. Умеете да сближавате. Пишете условията все пак.","Your position comes through people and a kind word. You know how to bring people together. Put the terms in writing all the same."
"neptune","10","scorpio","Мястото ви е там, където се носи чуждото тежко. Хората ви викат при криза. Кажете кога е много.","Your position is where other people's heavy things get carried. People call you in a crisis. Say when it is too much."
"neptune","10","sagittarius","Името ви расте навън и в друг език. Тук ви ползват тясно. Гледайте натам.","Your name grows away and in another language. Here you are used narrowly. Look that way."
"neptune","10","capricorn","Мястото ви е дошло с години и не сте го обявявал. Никой не знае колко е било. Кажете една част.","Your position came over years and you never announced it. Nobody knows how much it was. Say one part."
"neptune","10","aquarius","Работата ви е там, където се прави непознатото. Старият ред ви задушава. Търсете точно това.","Your work is where the unknown is made. The old order suffocates you. Look for exactly that."
"neptune","10","pisces","Тук всичко е на място: работата ви е изкуство, грижа или вяра. Числата не ви движат. Само кажете си цената.","Here everything sits in place: your work is art, care or faith. Numbers do not move you. Just say your price."
"neptune","11","aries","Влизате в група и веднага сте с всички. После ви трябва тишина. Излизайте по-рано.","You come into a group and are with everybody at once. Afterwards you need silence. Leave earlier."
"neptune","11","taurus","В кръга сте човекът, който остава, когато другите се разпръснат. Никой не пита колко ви взима това. Кажете го веднъж на глас.","In the circle you are the one who stays when the others scatter. Nobody asks what it takes from you. Say it out loud once."
"neptune","11","gemini","Познавате много хора и с всеки за различно. Кръгът ви е широк и мек. Задълбочете две приятелства.","You know many people, each for something different. Your circle is wide and soft. Deepen two friendships."
"neptune","11","cancer","Приятелите ви са семейство и вие поемате настроението им. Границата липсва. Кажете, когато сте свършил.","Your friends are family and you take on their moods. The boundary is missing. Say when you are spent."
"neptune","11","leo","В компанията внасяте настроение и всички го усещат. Обичат ви за това. Не се хабете за всички.","In company you bring the mood and everybody feels it. You are loved for it. Do not spend it on everybody."
"neptune","11","virgo","Помагате тихо и после ви е криво, че не са забелязали. Кажете, че сте бил вие. Един път стига.","You help quietly and afterwards it grates that nobody noticed. Say that it was you. Once is enough."
"neptune","11","libra","Уреждате мира в кръга и не искате нищо. Никой не отчита. Поискайте едно нещо.","You settle the peace in the circle and want nothing. Nobody records it. Ask for one thing."
"neptune","11","scorpio","Пускате малцина близо и им доверявате всичко. Проверявате дълго. Пуснете един нов.","You let few close and trust them with everything. You test for a long time. Let one new person in."
"neptune","11","sagittarius","Кръгът ви е по света и в него си пишете нощем. Тук са малцина. Обадете се на един.","Your circle is across the world and you write to it at night. Here there are few. Call one."
"neptune","11","capricorn","Носите общото начинание с години и мълчите. Никой не благодари. Кажете какво правите.","You carry the shared undertaking for years and stay silent. Nobody thanks you. Say what you do."
"neptune","11","aquarius","Свои по дух намирате в странни места. Обичайната компания ви е тясна. Търсете нарочно.","You find your own kind in odd places. The usual company is tight for you. Look deliberately."
"neptune","11","pisces","Тук всичко е на място: разтваряте се в групата и после сте празен. Общото ви пълни и източва. Само излизайте навреме.","Here everything sits in place: you dissolve into the group and afterwards you are empty. The shared thing fills you and drains you. Just leave in time."
"neptune","12","aries","Изчезвате внезапно и после сте наред. Никой не разбира защо. Кажете, че ви трябва ден.","You disappear suddenly and afterwards you are fine. Nobody sees why. Say that you need a day."
"neptune","12","taurus","Успокоявате се с едни и същи неща — един чай, един стол, една песен. Никой не разбира защо помага. Пазете тези неща на място.","You calm yourself with the same things — one tea, one chair, one song. Nobody sees why it helps. Keep those things where they belong."
"neptune","12","gemini","Мислите нощем и до сутринта се е разтворило. Записвайте с една дума. Стига.","You think at night and by morning it has dissolved. Write one word down. That is enough."
"neptune","12","cancer","Носите нещо старо от дома и не го назовавате. Отвън изглеждате спокоен. Наречете го веднъж.","You carry something old from home and never name it. From outside you look calm. Name it once."
"neptune","12","leo","Правите нещо голямо в часовете, когато всички спят. Показвате го рядко. Покажете го на втори човек.","You do something large in the hours when everybody sleeps. You show it rarely. Show it to a second person."
"neptune","12","virgo","Работите тихо и никой не отчита. Умората ви е без протокол. Записвайте часовете.","You work quietly and nobody records it. Your tiredness has no record. Log the hours."
"neptune","12","libra","Уреждате мира зад кулисите и мълчите. Никой не знае кой. Кажете го веднъж.","You settle the peace behind the scenes and stay silent. Nobody knows who. Say it once."
"neptune","12","scorpio","Носите тайна, която не е ваша, и я пазите. Тежестта е стара. Оставете я.","You carry a secret that is not yours, and you keep it. The weight is old. Put it down."
"neptune","12","sagittarius","Мечтаете за далечно и подробно, и не тръгвате. Мечтата ви държи. Направете една стъпка.","You dream of somewhere far and in detail, and you do not go. The dream holds you. Take one step."
"neptune","12","capricorn","Носите товара сам и по график. Никой не знае колко е. Дайте си край на деня.","You carry the load alone and on schedule. Nobody knows how much. Give yourself an end to the day."
"neptune","12","aquarius","Оттегляте се, за да сте свободен, и там сте най-себе си. Групата ви изморява. Пазете си часа.","You withdraw in order to be free and there you are most yourself. A group tires you. Guard your hour."
"neptune","12","pisces","Тук всичко е на място: скритото и меко е самото ви място. Изчезвате и се връщате цял. Само казвайте кога.","Here everything sits in place: the hidden and soft is your place itself. You disappear and come back whole. Just say when."
"pluto","1","aries","Влизате и напрежението в стаята се вдига с градус. Не правите нищо за това. Смекчете първите минути.","You come in and the tension in the room rises a degree. You do nothing to cause it. Soften the first few minutes."
"pluto","1","taurus","Присъствието ви е тежко и неподвижно, и хората внимават. Не бързате никъде. Само не се вкоренявайте.","Your presence is heavy and unmoving, and people are careful. You hurry nowhere. Just do not root yourself."
"pluto","1","gemini","Питате и хората усещат, че ги разчитате. Умът ви влиза дълбоко. Кажете защо питате.","You ask and people feel they are being read. Your mind goes in deep. Say why you are asking."
"pluto","1","cancer","Хората ви усещат като по-стар, отколкото сте. Носите нещо от рода. Не го изисквайте от всеки.","People feel you are older than you are. You carry something from the family. Do not require it of everybody."
"pluto","1","leo","Забелязват ви и не могат да не ви забележат. Заемате повече място. Използвайте го внимателно.","You are noticed and cannot go unnoticed. You take up more room. Use it carefully."
"pluto","1","virgo","Виждате какво не е наред у човека от два погледа. Мълчите за половината. Кажете и доброто.","You see what is wrong with somebody in two looks. You keep quiet about half. Say the good thing too."
"pluto","1","libra","Съобразявате се, докато не ви стане тясно, и после променяте всичко. Средно няма. Кажете кога ви стяга.","You accommodate until it feels tight and then you change everything. There is no middle. Say when it pinches."
"pluto","1","scorpio","Тук всичко е на място: плътността е самото ви лице. Минали сте през нещо и се вижда. Само не проверявайте всеки.","Here everything sits in place: the density is your face itself. You went through something and it shows. Just do not test everybody."
"pluto","1","sagittarius","Влизате широко и хората ви следват или се пазят. Обещавате повече от възможното. Мерете обещанията.","You come in wide and people either follow or keep away. You promise more than is possible. Measure the promises."
"pluto","1","capricorn","Държите се сдържано и хората ви дават тежест веднага. Не молите за нищо. Поискайте едно нещо.","You carry yourself reservedly and people give you weight at once. You ask for nothing. Ask for one thing."
"pluto","1","aquarius","Не приличате на никого и това не е поза. Обичайното ви е тясно. Само обяснявайте по-бавно.","You resemble nobody, and it is not a pose. The usual is tight for you. Just explain more slowly."
"pluto","1","pisces","Хората ви усещат като дълбок, преди да сте казал дума. Идват с най-тежкото. Кажете кога не можете.","People feel your depth before you speak. They come with the heaviest thing. Say when you cannot."
"pluto","2","aries","Взимате си своето веднага и не питате два пъти. Понякога прибързвате. Проверете чие е.","You take what is yours at once and do not ask twice. Sometimes you rush. Check whose it is."
"pluto","2","taurus","Тук всичко е на място: държите здраво и не пускате. Своето ви е сигурност. Само пуснете едно нещо.","Here everything sits in place: you hold hard and do not let go. What is yours is security. Just release one thing."
"pluto","2","gemini","Знаете точно колко имате и не го казвате на никого. Числата ви са оръжие. Само не ги ползвайте така.","You know exactly how much you have and tell nobody. Your numbers are a weapon. Just do not use them that way."
"pluto","2","cancer","Пестите заради страх, който е по-стар от вас. В рода е имало липса. Похарчете нещо малко.","You save out of a fear older than you are. There was scarcity in the family. Spend something small."
"pluto","2","leo","Харчите за неща, които показват тежест. Дребното не ви интересува. Определете сума.","You spend on things that show weight. The small does not interest you. Set a sum."
"pluto","2","virgo","Следите всяка стотинка и знаете къде изтича. Никой не може да ви заблуди. Оставете едно перо непроверено.","You track every coin and know where it leaks. Nobody can mislead you. Leave one line unchecked."
"pluto","2","libra","Не искате да се борите за пари и затова губите. Отстъпвате за мир. Кажете числото спокойно.","You do not want to fight for money and so you lose. You give way for peace. Say the number calmly."
"pluto","2","scorpio","Работите с чужди пари и ги пазите по-строго от своите. Доверието ви е капитал. Дръжте документите наред.","You work with other people's money and guard it more strictly than your own. Trust is your capital. Keep the papers in order."
"pluto","2","sagittarius","Залагате на едро и понякога вземате много. Дребното ви е загуба на време. Определете границата.","You stake large and sometimes take a lot. The small is a waste of your time. Set the limit."
"pluto","2","capricorn","Строите бавно и не губите нищо. Никой не ви е дал нищо. Позволете си едно удоволствие.","You build slowly and lose nothing. Nobody gave you anything. Allow yourself one pleasure."
"pluto","2","aquarius","Изкарвате от нещо, което другите не биха пипнали. Обичайното ви е тясно. Дръжте един сигурен приход.","You earn from something others would not touch. The usual is tight for you. Keep one steady income."
"pluto","2","pisces","Пари влизат и излизат от места, които не следите. Числата ви се размиват. Ползвайте една сметка.","Money comes and goes from places you do not track. Numbers blur for you. Use one account."
"pluto","3","aries","Казвате го, преди да сте се спрял, и то удря. Езикът ви е тежък. Изчакайте едно дишане.","You say it before stopping yourself and it lands. Your tongue is heavy. Wait one breath."
"pluto","3","taurus","Казвате малко и не се отмествате. Всяка ваша дума тежи. Кажете и доброто.","You say little and do not budge. Every word of yours weighs. Say the good thing too."
"pluto","3","gemini","Питате, докато не се отвори, и не спирате при учтивия отговор. Хората усещат разследване. Кажете защо.","You ask until it opens and do not stop at the polite answer. People sense an investigation. Say why."
"pluto","3","cancer","Помните всяка дума от старите разговори. Тонът стои у вас с години. Кажете кое още боли.","You remember every word of the old conversations. The tone stays with you for years. Say what still hurts."
"pluto","3","leo","Казвате го така, че стаята млъква. Знаете тежестта на гласа си. Не я хабете за дребно.","You say it so the room falls silent. You know the weight of your voice. Do not spend it on trifles."
"pluto","3","virgo","Разнищвате всичко до корена и хората се изморяват. Точността ви е неудобна. Спрете при третото питане.","You unpick everything to the root and people tire. Your precision is uncomfortable. Stop at the third question."
"pluto","3","libra","Мълчите, за да няма сцена, и после ви тежи. Мирът ви е скъп. Кажете едното нещо.","You keep quiet so there will be no scene, and afterwards it weighs. Peace is expensive for you. Say the one thing."
"pluto","3","scorpio","Тук всичко е на място: стигате до дъното на всеки въпрос. Не приемате повърхностен отговор. Само не разследвайте близките.","Here everything sits in place: you reach the bottom of every question. You do not accept a surface answer. Just do not investigate the people close to you."
"pluto","3","sagittarius","Спорите за принцип и не пускате. Правотата ви пали. Изберете кои спорове.","You argue over principle and do not let go. Being right lights you up. Choose which arguments."
"pluto","3","capricorn","Казвате малко и всяко изречение ви обвързва. Затова говорите рядко. Кажете едно нещо повече.","You say little and every sentence binds you. That is why you speak rarely. Say one thing more."
"pluto","3","aquarius","Казвате неудобното, което всички мислят. Изпреварвате стаята. Изберете момента.","You say the awkward thing everybody is thinking. You are ahead of the room. Choose the moment."
"pluto","3","pisces","Знаете какво не се казва и мълчите за него. Знаете повече, отколкото е удобно. Дайте едно наблюдение на един човек.","You know what is not being said and stay quiet. You know more than is comfortable. Give one observation to one person."
"pluto","4","aries","Вкъщи налагате волята си бързо и после е тихо. Прагът ви е нисък. Кажете, вместо да наложите.","At home you impose your will fast and afterwards it is quiet. Your threshold is low. Say it rather than imposing it."
"pluto","4","taurus","Държите дома си и не отстъпвате нищо. Спорът за имот трае години. Пресметнете какво губите.","You hold your home and concede nothing. An argument over property lasts years. Reckon what you lose."
"pluto","4","gemini","Знаете кой в къщата какво е скрил и от кого — държите цялата картина наум. Никой не подозира колко ви е ясно. Изберете едно нещо, което да кажете на глас.","You know who in the house hid what and from whom — you hold the whole picture in your head. Nobody suspects how clear it is to you. Choose one thing to say out loud."
"pluto","4","cancer","Тук всичко е на място: домът е вашата крепост. Знаете какво е погребано в стените. Само наречете го веднъж.","Here everything sits in place: the home is your fortress. You know what is buried in the walls. Just name it once."
"pluto","4","leo","Вкъщи се решава както вие искате, дори когато не сте казал нищо. Всички са свикнали да гледат към вас. Дайте един избор на друг този месец.","At home things go your way even when you have said nothing. Everybody is used to looking to you. Give one choice to somebody else this month."
"pluto","4","virgo","Оправяте дома до последното и не спирате. Виждате всяка нередност. Оставете едно нещо.","You put the home right to the last and do not stop. You see everything out of place. Leave one alone."
"pluto","4","libra","Домашните решения искат съгласие и вие го изисквате. Спорът е за власт, не за подредба. Разделете кой избира.","Household decisions need agreement and you demand it. The argument is about power rather than arrangement. Divide who chooses."
"pluto","4","scorpio","В дома има загуба, която не е изговорена. Всички я усещат. Наречете я на глас.","There is a loss in the home that was never spoken. Everybody feels it. Name it out loud."
"pluto","4","sagittarius","Далече от рода дишате по-леко и го знаете. Тук ви тежи. Позволете си разстоянието.","Far from the family you breathe easier and you know it. Here it weighs. Allow yourself the distance."
"pluto","4","capricorn","Носите къщата от рано и не сте спирал. Никой не е питал. Поискайте помощ.","You have carried the house since early and have not stopped. Nobody asked. Ask for help."
"pluto","4","aquarius","Домът ви е по свои правила и хората не го разбират. Обичайният ред ви е тесен. Обяснете реда си.","Your home runs by its own rules and people do not understand it. The usual order is tight for you. Explain your order."
"pluto","4","pisces","Домът ви поема тежестта и вие я усещате в стените. Никой не я назовава. Отваряйте прозорците.","Your home takes on the weight and you feel it in the walls. Nobody names it. Open the windows."
"pluto","5","aries","Правите го с цялата сила и веднага. Наполовина не съществува. Изберете кое заслужава.","You do it with full force and at once. Half does not exist. Choose what deserves it."
"pluto","5","taurus","Правите бавно нещо трайно и не се отказвате. Не бързате. Само покажете го.","You slowly make something lasting and do not quit. You do not hurry. Just show it."
"pluto","5","gemini","Измисляте нещо и го разнищвате, преди да е започнало. Умът ви е бърз и дълбок. Довършете едно.","You think of something and unpick it before it has begun. Your mind is fast and deep. Finish one."
"pluto","5","cancer","С децата сте закрилник и малко строг. Гневът ви е грижа. Кажете го по-мека.","With children you are a protector and a little strict. Your anger is care. Say it more gently."
"pluto","5","leo","Правите нещо, което носи подписа ви от километър. Обичате да го видят. Само не работете за поглед.","You make something that carries your signature from a mile off. You like it seen. Just do not work for the looking."
"pluto","5","virgo","Изпипвате до последното и се съмнявате в себе си. Никой друг не вижда. Пуснете го.","You perfect it to the last and doubt yourself. Nobody else sees. Release it."
"pluto","5","libra","Създавате с още един и се борите за посоката. Двамата сте прави. Разделете ролите.","You create with one other and fight over the direction. You are both right. Divide the roles."
"pluto","5","scorpio","Тук всичко е на място: страстта ви е цяла и без остатък. Играта ви е сериозна. Само не изгаряйте всеки път.","Here everything sits in place: your passion is whole with nothing left over. Your play is serious. Just do not burn out every time."
"pluto","5","sagittarius","Замисляте огромно и тръгвате веднага. Времето не стига. Свалете го наполовина.","You conceive it huge and set off at once. The time is not enough. Halve it."
"pluto","5","capricorn","Носите в себе си нещо, което правите от години и още не е готово за очи. Стандартът ви е свиреп. Дайте му дата, иначе няма да излезе никога.","You carry something you have worked on for years and it is still not ready for eyes. Your standard is savage. Give it a date, or it will never come out."
"pluto","5","aquarius","Правите нещо, което няма да се хареса на всички. Обичайното ви е тясно. Довеждайте го до край.","You make something not everybody will like. The usual is tight for you. Carry it to the end."
"pluto","5","pisces","Страстта ви е дълбока и не намира думи за себе си. Показвате я в направеното, не в казаното. Кажете едно изречение все пак.","Your passion runs deep and finds no words for itself. You show it in what you make rather than what you say. Say one sentence all the same."
"pluto","6","aries","Работите на пълна сила и после падате. Не признавате границата. Спрете преди края.","You work at full force and then collapse. You do not admit the limit. Stop before the end."
"pluto","6","taurus","Работите бавно и не спирате, и издържате всекиго. Тялото плаща после. Пуснете един ден.","You work slowly and do not stop, and you outlast anybody. Your body pays later. Let one day go."
"pluto","6","gemini","Работите две неща и разнищвате и двете. Умът ви не спира. Затворете списъка вечер.","You work two things and unpick both. Your mind does not stop. Close the list in the evening."
"pluto","6","cancer","Носите чуждото на работа и после ви трябват дни. Смяната не свършва на изхода. Оставяйте я на прага.","You carry other people's weight at work and afterwards need days. The shift does not end at the door. Leave it at the door."
"pluto","6","leo","Работите така, че да остане следа. Безименната задача ви гаси. Поискайте името си върху една.","You work so that a trace remains. An anonymous task puts you out. Ask for your name on one."
"pluto","6","virgo","Виждате грешката в системата преди всички. Казвате я директно. Дайте го като въпрос.","You see the fault in the system before anybody. You say it directly. Offer it as a question."
"pluto","6","libra","Работите добре, докато е справедливо, и спирате в мига, в който не е. Несправедливостта ви изважда от строя за дни. Кажете я, вместо да я преглътнете.","You work well while it is fair and stop the moment it is not. Unfairness takes you out of action for days. Say it rather than swallowing it."
"pluto","6","scorpio","Тук всичко е на място: влизате в задачите, които никой не иска. Издържате най-дълго. Само взимайте за това.","Here everything sits in place: you go into the tasks nobody wants. You last longest. Just charge for it."
"pluto","6","sagittarius","Работата ви иска простор и тежест наведнъж. Дребната задача ви приспива. Поискайте по-голяма.","Your work wants space and weight at once. A small task puts you to sleep. Ask for a bigger one."
"pluto","6","capricorn","Работите по график с години и не пропускате. Товарят ви, защото мълчите. Кажете спирачката.","You work to a schedule for years and never miss. More is loaded on because you stay silent. Say the word stop."
"pluto","6","aquarius","Работите иначе и се борите за правото на това. Правилото без причина ви пали. Обяснявайте новия начин.","You work differently and fight for the right to. A rule with no reason lights you up. Explain the new way."
"pluto","6","pisces","Тялото ви подава сметката, преди да сте усетил натиска. Знаете го и продължавате. Спрете сега.","Your body sends the bill before you have noticed the pressure. You know it and continue. Stop now."
"pluto","7","aries","Влизате в близост бързо и цялостно. Средно положение няма. Кажете го в началото.","You go into closeness fast and completely. There is no middle setting. Say so at the beginning."
"pluto","7","taurus","Веднъж свързан, оставате и след като е свършило. Пускането ви е трудното. Кажете си истината.","Once bonded, you stay even after it has ended. Letting go is the hard part. Tell yourself the truth."
"pluto","7","gemini","Разнищвате всеки разговор до корена. Двамата излизате изтощени. Оставете една тема.","You unpick every conversation to the root. You both come out drained. Leave one subject alone."
"pluto","7","cancer","Привързвате се дълбоко и се страхувате да го покажете. Проверявате дълго. Кажете една истина рано.","You attach deeply and are afraid to show it. You test for a long time. Say one true thing early."
"pluto","7","leo","Искате партньор, който издържа на вашата сила. Слабият ви отеснява. Кажете какво искате.","You want a partner who can withstand your force. A weak one feels tight. Say what you want."
"pluto","7","virgo","Виждате всичко, което не е наред, и мълчите. Списъкът расте. Кажете едно нещо.","You see everything that is off and stay silent. The list grows. Say one thing."
"pluto","7","libra","Борите се за равенство и никой не отстъпва. Разделете областите. Спорът пада.","You fight for equality and neither yields. Divide the areas. The argument drops."
"pluto","7","scorpio","Тук всичко е на място: близостта до дъното е вашата. Плитко не ви държи. Само не проверявайте безкрайно.","Here everything sits in place: closeness at the bottom is yours. Shallow does not hold you. Just do not test forever."
"pluto","7","sagittarius","Искате човек, с когото животът е голям, и не прощавате дребнотемие. Затвореният ден ви убива. Кажете го рано.","You want somebody with whom life is large, and you do not forgive pettiness. A closed-in day kills you. Say so early."
"pluto","7","capricorn","Обвързвате се сериозно и носите обещанието десетилетия. Другият не знае колко тежи. Кажете му го.","You bond seriously and carry the promise for decades. The other does not know what it weighs. Say so to them."
"pluto","7","aquarius","Искате близост без притежание и това обърква хората. Обичайното ви е тясно. Кажете правилата.","You want closeness without possession, and it confuses people. The usual is tight for you. State the rules."
"pluto","7","pisces","Усещате другия, преди да е казал, и решавате вместо него. Понякога грешите. Питайте с думи.","You sense the other before they speak and decide for them. Sometimes you are wrong. Ask in words."
"pluto","8","aries","Влизате в кризата първи и излизате друг. Не се плашите. Само не влизайте всеки път.","You go into the crisis first and come out different. You are not frightened. Just do not go in every time."
"pluto","8","taurus","Държите общото и не пускате нищо. Знаете стойността на всичко. Само не броите вечно.","You hold what is shared and release nothing. You know the value of everything. Just do not count forever."
"pluto","8","gemini","Разбирате чуждите пари по-добре от собственика. Питате точно. Взимайте за съвета.","You understand other people's money better than the owner. You ask exactly. Charge for the advice."
"pluto","8","cancer","Усещате края, преди да е дошъл, и вече го носите. Тялото знае първо. Кажете го на един човек.","You sense the ending before it comes and already carry it. Your body knows first. Say it to one person."
"pluto","8","leo","Минали сте през нещо и не го криете. Хората питат. Разказвайте, когато решите.","You went through something and do not hide it. People ask. Tell it when you decide to."
"pluto","8","virgo","Оправяте чуждите сметки до последното и без коментар. Никой не сяда на това. Кажете какво ви взима.","You settle other people's accounts to the last and without comment. Nobody sits down to it. Say what it takes from you."
"pluto","8","libra","Общото се дели наполовина и вие държите на това. Несправедливото ви боли. Пишете всичко.","What is shared gets divided in half and you hold to that. Unfairness hurts you. Put everything in writing."
"pluto","8","scorpio","Тук всичко е на място: тежкото и приключването са самата ви територия. Издържате там, където другите се пречупват. Само не влизайте сам.","Here everything sits in place: the heavy and the finishing are your territory itself. You last where others break. Just do not go in alone."
"pluto","8","sagittarius","След загуба ви се отваря по-широко и вие го знаете. Не се страхувате от следващото. Само не го наричайте план.","After a loss something wider opens and you know it. You do not fear the next one. Just do not call it a plan."
"pluto","8","capricorn","Приключвате чуждото и своето по един и същ строг ред. Никой не пита колко време ви е взело. Дайте си дата, на която да е свършило.","You close other people's affairs and your own in the same strict order. Nobody asks how long it took you. Give yourself a date by which it is done."
"pluto","8","aquarius","Гледате на края като на преход и хората се стряскат. Мнението ви е неудобно. Кажете го спокойно.","You look at endings as a passage and people are startled. Your view is inconvenient. Say it calmly."
"pluto","8","pisces","Поемате чуждата загуба, преди да е поискана. Границата липсва. Оставяйте я на прага.","You take on somebody else's loss before it is asked. The boundary is missing. Leave it at the door."
"pluto","9","aries","Тръгвате към нещо голямо, без да питате никого. Обяснявате, като стигнете. Кажете плана на един.","You set off for something large without asking anybody. You explain once you arrive. Tell one person the plan."
"pluto","9","taurus","Убеждението ви е трайно и не се мени. Стигнал сте до него бавно. Оставяйте място за ново.","Your conviction is lasting and does not shift. You reached it slowly. Leave room for something new."
"pluto","9","gemini","Питате за вярата на другите, докато не се покаже дъното ѝ. Хората усещат това като изпит. Кажете, че искате да разберете, не да опровергаете.","You question other people's beliefs until the bottom shows. People feel it as an examination. Say that you want to understand rather than to refute."
"pluto","9","cancer","Вярата ви е от дома и вие сте я преработил. Носите чужд корен по свой начин. Кажете и двете.","Your faith is from home and you reworked it. You carry somebody's root your own way. Say both parts."
"pluto","9","leo","Убеден сте и се вижда, и хората ви следват. Точно затова проверявайте фактите. Признавайте грешката.","You are convinced and it shows, and people follow. That is exactly why you should check the facts. Admit the mistake."
"pluto","9","virgo","Проверявате всеки източник и намирате слабото място. Точността ви пази. Само не спирайте от съмнение.","You check every source and find the weak point. Precision protects you. Just do not let doubt stop you."
"pluto","9","libra","Стигате до истината, като я изпробвате на един човек. Спорът ви е дълъг. Изберете кого.","You reach the truth by testing it on one person. Your arguing is long. Choose whom."
"pluto","9","scorpio","Тук всичко е на място: дълбокото учение е самата ви посока. Повърхностното ви дразни. Само пазете се от гуру.","Here everything sits in place: deep study is your direction itself. The shallow irritates you. Just beware of gurus."
"pluto","9","sagittarius","Тръгвате далеч и се връщате друг. Пътят ви преобръща. Само вземайте обратен билет.","You set off far and come back different. The road overturns you. Just buy a return ticket."
"pluto","9","capricorn","Стигнали сте до убеждението си сам и през тежко. Никой не ви го е дал. Кажете една част.","You reached your conviction alone and through hardship. Nobody gave it to you. Say one part."
"pluto","9","aquarius","Мислите неща, които стаята не е готова да чуе. Изпреварвате мнозина. Обяснявайте търпеливо.","You think things the room is not ready to hear. You are ahead of many. Explain patiently."
"pluto","9","pisces","Смисълът ви идва като усещане и не се доказва. Не ви трябва потвърждение. Опишете го веднъж.","Your meaning comes as a feeling and does not prove itself. You need no confirmation. Describe it once."
"pluto","10","aries","Пробивате и хората ви следват или се пазят. Не чакате ред. Само гледайте да има какво да покажете.","You push through and people either follow or keep away. You do not wait your turn. Just make sure there is something to show."
"pluto","10","taurus","Издигате се бавно и мястото остава ваше. Не сменяте посоката. Само поискайте по-рано.","You rise slowly and the position stays yours. You do not change direction. Just ask earlier."
"pluto","10","gemini","Познават ви по това, което казвате точно. Думата ви тежи. Мерете шегите.","You are known for saying it precisely. Your word carries weight. Measure the jokes."
"pluto","10","cancer","Мястото ви е свързано с рода и с нещо неизпълнено. Носите чужда цел. Проверете дали е ваша.","Your position is bound up with the family and something unfulfilled. You carry somebody's aim. Check whether it is yours."
"pluto","10","leo","Виждат ви и не могат да ви подминат. Тежестта ви е предимство. Само не работете само за поглед.","You are seen and cannot be passed over. Your weight is an advantage. Just do not work only for the looking."
"pluto","10","virgo","Признават ви за точността в нещо трудно. Никой друг не го умее. Взимайте за него.","You are recognised for precision in something hard. Nobody else can do it. Charge for it."
"pluto","10","libra","Мястото ви идва през хора и договор, и вие държите на равното. Пишете условията. Спестява години.","Your position comes through people and terms, and you hold to what is even. Put the terms in writing. It saves years."
"pluto","10","scorpio","Тук всичко е на място: мястото ви е там, където се решава тежко. Дават ви власт, без да питат. Само проверете сам себе си.","Here everything sits in place: your position is where heavy things get decided. Authority is handed to you unasked. Just test yourself."
"pluto","10","sagittarius","Името ви расте навън по-бързо и там ви признават. Тук закъсняват. Гледайте натам.","Your name grows faster away and there they recognise you. Here they are late. Look that way."
"pluto","10","capricorn","Стигнали сте до мястото си без нито едно подаряване. Оттам е твърдостта, която хората усещат. Само не искайте същото от всеки до вас.","You reached your position with nothing given to you. That is where the hardness people sense comes from. Just do not require the same from everybody beside you."
"pluto","10","aquarius","Мястото ви е там, където се преобръща стар ред. Навикът ви задушава. Търсете точно това.","Your position is where an old order gets overturned. Habit suffocates you. Look for exactly that."
"pluto","10","pisces","Работата ви е трудна за обяснение и все пак носи тежест. Целта ви е неясна за другите. Кажете я с прост пример.","Your work is hard to explain and still it carries weight. Your aim is unclear to others. Say it with a plain example."
"pluto","11","aries","Влизате в група и я пренареждате за седмица. Не чакате покана. Оставяйте и на другите ход.","You come into a group and rearrange it within a week. You do not wait for an invitation. Leave the others a move."
"pluto","11","taurus","В кръга сте човекът, на когото се държат хората, и вие не ги пускате. Приятелството ви е за десетилетия. Кажете на един колко значи.","In the circle you are the one people hold on to, and you do not let them go. Your friendship is for decades. Tell one of them how much it means."
"pluto","11","gemini","В компанията казвате неудобното и стаята се стряска. Изпреварвате всички. Изберете момента.","In company you say the awkward thing and the room is startled. You are ahead of everybody. Choose the moment."
"pluto","11","cancer","Приятелите ви са малцина и минали през нещо. Пазите ги като роднини. Кажете, когато сте свършил.","Your friends are few and have been through something. You guard them like family. Say when you are spent."
"pluto","11","leo","В групата ви приемат за център или за заплаха. Средно няма. Дайте им повод да ви видят иначе.","In the group they take you for the centre or the threat. There is no middle. Give them a reason to see you otherwise."
"pluto","11","virgo","В екипа проверявате вместо всички и намирате грешката. Работата е безплатна. Кажете кога спирате.","In the team you check for everybody and find the mistake. The work is free. Say when you stop."
"pluto","11","libra","Държите мира в кръга с усилие и мълчите. Отстъпвате за да няма сцена. Кажете едно свое условие.","You keep the peace in the circle with effort and stay silent. You give way so there will be no scene. State one condition of your own."
"pluto","11","scorpio","Тук всичко е на място: пускате малцина и им доверявате всичко. Повърхностното ви е загуба. Само пуснете един нов.","Here everything sits in place: you let few in and trust them with everything. The shallow is a waste. Just let one new person in."
"pluto","11","sagittarius","Кръгът ви е по света и там ви разбират. Тук са малцина. Обадете се на един.","Your circle is across the world and they understand you there. Here there are few. Call one."
"pluto","11","capricorn","В кръга носите отговорността и никой не пита. Ролята е дадена. Откажете я веднъж.","In the circle you carry the responsibility and nobody asks. The role was assigned. Refuse it once."
"pluto","11","aquarius","Свои по дух намирате трудно и затова сте сам. Обичайната компания ви е тясна. Търсете нарочно.","People of your own spirit are hard to find, so you are alone. The usual company is tight for you. Look deliberately."
"pluto","11","pisces","В групата усещате какво идва и мълчите за него. Не можете да го докажете. Кажете го на един човек.","In the group you sense what is coming and stay quiet. You cannot prove it. Say it to one person."
"pluto","12","aries","Търпите дълго и после тръгвате наведнъж. Никой не разбира откъде. Кажете предупреждението.","You put up with it for a long time and then leave all at once. Nobody sees where from. Give the warning."
"pluto","12","taurus","Държите нещо тежко от години и то ви се струва част от вас. Не сте го избрал — просто не сте го оставил. Свалете го за един ден и вижте.","You have held something heavy for years and it feels like part of you. You did not choose it — you simply never put it down. Set it down for one day and see."
"pluto","12","gemini","Мислите го нощем и никому не казвате какво сте разбрал. Знанието стои неизползвано. Извадете една част.","You think it at night and tell nobody what you worked out. The knowledge sits unused. Bring one part out."
"pluto","12","cancer","Носите нещо от дома, което не се назовава. Дишали сте го като дете. Наречете го веднъж.","You carry something from home that never gets named. You breathed it as a child. Name it once."
"pluto","12","leo","Правите тежкото, без да ви видят, и после ви е криво. Признанието липсва. Кажете едно нещо.","You do the heavy thing unseen and afterwards it grates. The recognition is missing. Say one thing."
"pluto","12","virgo","Оправяте тихо неща, които никой не забелязва, докато не спрете. Дребната работа държи цялото. Кажете една от тези задачи на глас.","You quietly put right things nobody notices until you stop. The small work holds the whole up. Name one of those tasks out loud."
"pluto","12","libra","Уреждате мира тихо и никой не знае кой. Правите го, за да няма сцена. Кажете го веднъж.","You settle the peace quietly and nobody knows who. You do it so there will be no scene. Say it once."
"pluto","12","scorpio","Тук всичко е на място: скритата сила е самото ви място. Носите повече, отколкото се вижда. Само не оставайте съвсем сам.","Here everything sits in place: hidden force is your place itself. You carry more than shows. Just do not stay entirely alone."
"pluto","12","sagittarius","Тръгвате далеч и не казвате на никого. Обяснявате след пристигане. Кажете на един предварително.","You set off far and tell nobody. You explain after arriving. Tell one person in advance."
"pluto","12","capricorn","Носите отговорност, за която няма ни договор, ни свидетел. Изпълнявате я точно от години. Пресметнете кога свършва и го кажете.","You carry a responsibility with neither contract nor witness. You have met it precisely for years. Work out when it ends and say so."
"pluto","12","aquarius","Знаете неща, които не се казват на глас, и мълчите. Изпреварвате всички. Изберете кому да ги кажете.","You know things not said out loud and you stay quiet. You are ahead of everybody. Choose whom to tell."
"pluto","12","pisces","Усещате чуждата тежест, преди да е казана, и я поемате. Границата липсва напълно. Питайте се чие е това.","You feel other people's weight before it is spoken and take it on. The boundary is entirely missing. Ask yourself whose it is."
"rahu","1","aries","Растете, когато тръгнете сам и без разрешение. Чакането ви свива. Направете първото нещо тази седмица.","You grow when you set off alone and unpermitted. Waiting shrinks you. Do the first thing this week."
"rahu","1","taurus","Растете, като заемете място и останете в него. Бързата смяна ви пилее. Останете една година.","You grow by taking a place and staying in it. Fast change scatters you. Stay one year."
"rahu","1","gemini","Растете, като говорите повече, отколкото ви е удобно. Мълчанието ви е стара сигурност. Кажете едно нещо на глас.","You grow by speaking more than is comfortable. Silence is an old safety. Say one thing out loud."
"rahu","1","cancer","Растете, когато признаете от какво имате нужда. Твърдостта ви е удобна и празна. Кажете една нужда.","You grow when you admit what you need. Your hardness is convenient and empty. Say one need."
"rahu","1","leo","Растете, когато ви видят и не се скриете. Скромността ви е навик, не добродетел. Излезте отпред веднъж.","You grow when you are seen and do not hide. Your modesty is a habit rather than a virtue. Step forward once."
"rahu","1","virgo","Растете чрез дребната всекидневна работа. Големият план ви бяга. Направете едно малко нещо днес.","You grow through small daily work. The big plan runs from you. Do one small thing today."
"rahu","1","libra","Растете, когато поставите себе си в отношение с друг. Сам сте по-беден. Питайте някого нещо.","You grow when you place yourself in relation to somebody. Alone you are poorer. Ask somebody something."
"rahu","1","scorpio","Растете, когато пуснете това, което държите. Контролът ви е стар. Оставете едно нещо.","You grow when you release what you are holding. Your control is old. Let one thing go."
"rahu","1","sagittarius","Растете, като тръгнете по-далеч от познатото. Тук ви е удобно и малко. Купете билета.","You grow by going further than the familiar. Here is comfortable and small. Buy the ticket."
"rahu","1","capricorn","Растете, като поемете отговорност, която не сте искал. Отказът ви е навик. Кажете едно да.","You grow by taking on responsibility you did not want. Refusing is a habit for you. Say one yes."
"rahu","1","aquarius","Растете, когато бъдете себе си пред хора, които не ви приличат. Приспособяването ви коства. Кажете едно свое нещо.","You grow when you are yourself in front of people unlike you. Adapting costs you. Say one thing of your own."
"rahu","1","pisces","Растете, когато се доверите на усещането си. Доводът не ви е стихия. Тръгнете по едно усещане.","You grow when you trust your feeling. Argument is not your element. Follow one feeling."
"rahu","2","aries","Растете, като поискате цената си на глас. Смелостта тук се плаща. Кажете числото.","You grow by asking your price out loud. Boldness pays here. Say the number."
"rahu","2","taurus","Растете, като си направите свое и трайно. Чуждото не ви учи. Купете едно нещо ваше.","You grow by making something of your own that lasts. What belongs to others does not teach you. Buy one thing that is yours."
"rahu","2","gemini","Растете, като научите числата си. Мъглата ви е удобна. Направете една сметка.","You grow by learning your numbers. The fog is comfortable. Do one calculation."
"rahu","2","cancer","Растете, като си създадете сигурност, а не да я търсите у някого. Опората ви е чужда. Отделете първата сума.","You grow by building security rather than looking for it in somebody. Your support is borrowed. Set aside the first sum."
"rahu","2","leo","Растете, като си позволите да имате хубаво. Отказът ви е стар. Купете едно нещо.","You grow by allowing yourself to have something good. Your refusing is old. Buy one thing."
"rahu","2","virgo","Растете, като водите сметка за дребното. Едрият замах ви подвежда. Записвайте един месец.","You grow by keeping account of the small. The grand sweep misleads you. Write it down for one month."
"rahu","2","libra","Растете, когато разделите своето от общото. Смесеното ви обърква. Направете отделна сметка.","You grow when you separate yours from what is shared. The mixture confuses you. Open a separate account."
"rahu","2","scorpio","Растете, когато престанете да делите всичко наполовина от страх. Пазенето ви свива. Дайте едно нещо.","You grow when you stop splitting everything from fear. Guarding shrinks you. Give one thing away."
"rahu","2","sagittarius","Растете, като поемете риск с малка сума. Пълната сигурност ви приспива. Заложете едно малко.","You grow by taking a risk with a small sum. Total safety puts you to sleep. Stake one small thing."
"rahu","2","capricorn","Растете, като строите бавно и без бърза печалба. Търпението ви е урок. Дайте му три години.","You grow by building slowly and with no quick gain. Patience is your lesson. Give it three years."
"rahu","2","aquarius","Растете, като изкарвате от нещо свое, не от заплата. Чуждият график ви свива. Опитайте едно.","You grow by earning from something of your own rather than a wage. Somebody else's timetable shrinks you. Try one."
"rahu","2","pisces","Растете, когато престанете да мерите себе си с пари. Числата не са вие. Похарчете едно нещо без вина.","You grow when you stop measuring yourself in money. The numbers are not you. Spend one thing without guilt."
"rahu","3","aries","Растете, като кажете първото изречение, вместо да чакате. Мълчанието е стар навик. Кажете го днес.","You grow by saying the first sentence rather than waiting. Silence is an old habit. Say it today."
"rahu","3","taurus","Растете, като говорите бавно и докрай. Бързането ви губи. Довършете едната мисъл.","You grow by speaking slowly and to the end. Hurrying loses you. Finish the one thought."
"rahu","3","gemini","Тук всичко е на място: растете чрез думи, писане и питане. Ученето ви е посоката. Само довършвайте започнатото.","Here everything sits in place: you grow through words, writing and asking. Learning is your direction. Just finish what you begin."
"rahu","3","cancer","Растете, като кажете какво чувствате, а не какво е удобно. Премълчаването ви свива. Кажете едно нещо.","You grow by saying what you feel rather than what is convenient. Swallowing it shrinks you. Say one thing."
"rahu","3","leo","Растете, като разказвате пред хора. Страхът ви е стар. Разкажете едно нещо на трима.","You grow by telling stories in front of people. Your fear is old. Tell one thing to three people."
"rahu","3","virgo","Растете, като научите занаята на детайла. Общото говорене ви бяга. Проверете едно нещо докрай.","You grow by learning the craft of detail. General talk runs from you. Check one thing to the end."
"rahu","3","libra","Растете, като слушате до края, преди да отговорите. Отговорът ви е бърз. Изчакайте едно дишане.","You grow by listening to the end before answering. Your answer is fast. Wait one breath."
"rahu","3","scorpio","Растете, като питате за неудобното. Заобикалянето ви е навик. Задайте един пряк въпрос.","You grow by asking the uncomfortable thing. Going around is a habit. Ask one direct question."
"rahu","3","sagittarius","Растете, като учите нещо голямо и чуждо. Дребният разговор ви пилее. Запишете се на един курс.","You grow by studying something large and foreign. Small talk scatters you. Enrol in one course."
"rahu","3","capricorn","Растете, като казвате малко и точно. Пилеенето на думи ви коства. Мълчете една вечер.","You grow by saying little and precisely. Spending words costs you. Stay quiet for one evening."
"rahu","3","aquarius","Растете, като кажете това, което стаята не иска да чуе. Учтивостта ви е удобна. Кажете го веднъж.","You grow by saying what the room does not want to hear. Politeness is comfortable for you. Say it once."
"rahu","3","pisces","Растете, като запишете това, което усещате. Думите ви бягат. Напишете една страница.","You grow by writing down what you sense. Words run from you. Write one page."
"rahu","4","aries","Растете, като си направите свой дом, а не да живеете в чужд. Смелостта тук е да останете. Изберете едно място.","You grow by making a home of your own rather than living in somebody else's. The boldness here is to stay. Choose one place."
"rahu","4","taurus","Растете, като пуснете корен, дори когато ви е неудобно. Движението ви е бягство. Останете три години.","You grow by putting down a root, even when it is uncomfortable. Your moving is escape. Stay three years."
"rahu","4","gemini","Растете, като говорите вкъщи за важното. Мълчанието е наследено. Отворете една тема.","You grow by speaking at home about what matters. The silence was inherited. Open one subject."
"rahu","4","cancer","Тук всичко е на място: растете през дома и през грижа. Корените ви са посоката. Само не носете целия род.","Here everything sits in place: you grow through the home and through care. Your roots are the direction. Just do not carry the whole family."
"rahu","4","leo","Растете, като направите дома си свое място, а не витрина. Показното ви е навик. Оставете една стая за живот.","You grow by making your home your place rather than a display. Show is a habit for you. Leave one room for living."
"rahu","4","virgo","Растете, като поемете дребната домашна работа без роптание. Оправдания има много. Направете едно нещо днес.","You grow by taking on the small housework without grumbling. There are plenty of excuses. Do one thing today."
"rahu","4","libra","Растете, като решавате дома заедно с човека до вас. Сам решавате по-бързо и по-бедно. Питайте го.","You grow by deciding the home together with the person beside you. Alone you decide faster and poorer. Ask them."
"rahu","4","scorpio","Растете, като наречете това, което в рода не се назовава. Мълчанието ви е удобно. Кажете го веднъж.","You grow by naming what the family never names. The silence is comfortable. Say it once."
"rahu","4","sagittarius","Растете, като направите дома по-широк от очакваното. Тясното ви е навик. Пуснете хора вътре.","You grow by making the home wider than expected. The narrow is a habit for you. Let people in."
"rahu","4","capricorn","Растете, като поемете къщата, вместо да чакате друг. Отлагането ви коства. Направете първата стъпка.","You grow by taking on the house rather than waiting for somebody. Postponing costs you. Take the first step."
"rahu","4","aquarius","Растете, като живеете иначе, отколкото се очаква от вас. Обичайното ви свива. Направете една промяна.","You grow by living differently from what is expected of you. The usual shrinks you. Make one change."
"rahu","4","pisces","Растете, като усещате дома, а не само да го подреждате. Редът ви е бягство. Седнете в него един час.","You grow by feeling the home rather than only arranging it. Order is your escape. Sit in it for one hour."
"rahu","5","aries","Растете, като започнете нещо свое и го покажете. Чакането на разрешение ви свива. Започнете днес.","You grow by starting something of your own and showing it. Waiting for permission shrinks you. Start today."
"rahu","5","taurus","Растете, като правите с ръце и трайно. Идеите ви са много. Направете едно нещо докрай.","You grow by making things by hand and lasting. Your ideas are many. Take one to the end."
"rahu","5","gemini","Растете, като играете и не мерите ползата. Сериозността ви е навик. Направете едно безполезно нещо.","You grow by playing and not measuring the use. Seriousness is a habit for you. Do one useless thing."
"rahu","5","cancer","Растете, като се грижите за нещо живо. Абстрактното ви пилее. Поемете едно конкретно.","You grow by looking after something alive. The abstract scatters you. Take on one concrete thing."
"rahu","5","leo","Тук всичко е на място: растете, когато ви видят и не се скриете. Създаването ви е посоката. Само не работете за аплауз.","Here everything sits in place: you grow when you are seen and do not hide. Making is your direction. Just do not work for applause."
"rahu","5","virgo","Растете, като изпипате едно нещо докрай. Замахът ви е широк и празен. Довършете едно.","You grow by perfecting one thing to the end. Your sweep is wide and empty. Finish one."
"rahu","5","libra","Растете, като създадете нещо заедно с друг. Сам ви е тясно. Поканете един човек.","You grow by making something together with somebody. Alone is tight for you. Invite one person."
"rahu","5","scorpio","Растете, като си позволите удоволствие без причина. Заслужаването ви е навик. Позволете си едно.","You grow by allowing yourself pleasure without a reason. Earning it is a habit for you. Allow yourself one."
"rahu","5","sagittarius","Растете, като покажете направеното на по-широк кръг. Скромността ви коства. Покажете едно нещо.","You grow by showing what you made to a wider circle. Modesty costs you. Show one thing."
"rahu","5","capricorn","Растете, като направите нещо, което ще остане. Забавлението ви бяга. Започнете дългото нещо.","You grow by making something that will remain. Amusement runs from you. Begin the long thing."
"rahu","5","aquarius","Растете, като правите по свой начин, дори когато не разбират. Одобрението ви е навик. Направете едно ваше.","You grow by doing it your own way even when they do not understand. Approval is a habit for you. Make one that is yours."
"rahu","5","pisces","Растете, като пуснете въображението в нещо истинско. Мечтата ви стои неизползвана. Направете първата страница.","You grow by letting the imagination into something real. Your dream sits unused. Do the first page."
"rahu","6","aries","Растете чрез работа, която се вижда и се върши всеки ден. Порасналият план ви бяга. Направете едно нещо днес.","You grow through work that shows and gets done daily. The grown plan runs from you. Do one thing today."
"rahu","6","taurus","Растете, като поемете едно занимание за дълго. Смяната ви пилее. Останете една година.","You grow by taking on one occupation for a long time. Switching scatters you. Stay one year."
"rahu","6","gemini","Растете, като се научите на ред и на списък. Хаосът ви е удобен. Направете един списък.","You grow by learning order and lists. Chaos is comfortable for you. Make one list."
"rahu","6","cancer","Растете, като се грижите за тялото си всеки ден. Отлагането ви коства. Започнете с едно нещо.","You grow by looking after your body every day. Postponing costs you. Begin with one thing."
"rahu","6","leo","Тук всичко е на място: растете чрез свършено, а не обявено. Всекидневното ви е посоката. Само не работете за поглед.","Here everything sits in place: you grow through what is finished rather than announced. The everyday is your direction. Just do not work for the looking."
"rahu","6","virgo","Растете, като служите на нещо конкретно и малко. Голямата идея ви подвежда. Поемете една задача.","You grow by serving something concrete and small. The big idea misleads you. Take on one task."
"rahu","6","libra","Растете, като работите с хора, вместо сам. Затварянето ви свива. Поискайте един колега.","You grow by working with people rather than alone. Closing up shrinks you. Ask for one colleague."
"rahu","6","scorpio","Растете, като влезете в тежката част на работата. Заобикалянето ви е навик. Поемете една.","You grow by going into the hard part of the work. Going around is a habit. Take on one."
"rahu","6","sagittarius","Растете, като научите занаят, а не само теория. Четенето ви е удобно. Направете едно с ръце.","You grow by learning a craft rather than only theory. Reading is comfortable for you. Make one thing by hand."
"rahu","6","capricorn","Растете, като поемете отговорност за резултата. Половинчатото ви е навик. Довършете едно.","You grow by taking responsibility for the result. Half-doing is a habit for you. Finish one."
"rahu","6","aquarius","Растете, като намерите по-добрия начин и го въведете. Търпението към глупостта ви коства. Променете едно нещо.","You grow by finding the better way and bringing it in. Patience with nonsense costs you. Change one thing."
"rahu","6","pisces","Растете, като слушате тялото си, преди да е извикало. Пренебрегването ви е навик. Спрете един час днес.","You grow by listening to your body before it shouts. Ignoring it is a habit. Stop for one hour today."
"rahu","7","aries","Растете, като изберете човек и останете. Тръгването ви е навик. Дайте на едно нещо година.","You grow by choosing somebody and staying. Leaving is a habit for you. Give one thing a year."
"rahu","7","taurus","Растете, като допуснете друг до своето. Пазенето ви свива. Пуснете един човек.","You grow by letting somebody near what is yours. Guarding shrinks you. Let one person in."
"rahu","7","gemini","Растете, като слушате повече, отколкото говорите. Обяснението ви е защита. Слушайте един разговор докрай.","You grow by listening more than you speak. Explaining is your defence. Listen to one conversation to the end."
"rahu","7","cancer","Растете, като поискате нещо от човека до вас. Даването ви е удобно. Поискайте едно нещо.","You grow by asking the person beside you for something. Giving is comfortable for you. Ask for one thing."
"rahu","7","leo","Растете, като оставите другия да е център понякога. Сцената ви е навик. Отстъпете я веднъж.","You grow by letting the other be the centre sometimes. The stage is a habit for you. Give it up once."
"rahu","7","virgo","Растете, като приемете човека такъв, какъвто е. Поправянето ви е навик. Оставете едно нещо непоправено.","You grow by taking the person as they are. Correcting is a habit for you. Leave one thing uncorrected."
"rahu","7","libra","Тук всичко е на място: растете чрез другия човек. Сам сте по-беден. Само кажете и своето.","Here everything sits in place: you grow through the other person. Alone you are poorer. Just say your own thing too."
"rahu","7","scorpio","Растете, като се доверите, без да проверявате трети път. Проверката ви е навик. Дайте едно доверие предварително.","You grow by trusting without a third test. Testing is a habit for you. Give one trust in advance."
"rahu","7","sagittarius","Растете, като изберете човек, който гледа нанякъде. Затвореният живот ви свива. Кажете какво искате.","You grow by choosing somebody who looks somewhere. A closed-in life shrinks you. Say what you want."
"rahu","7","capricorn","Растете, като поемете обещание и го носите. Отбягването ви коства. Кажете едно да.","You grow by taking on a promise and carrying it. Avoiding costs you. Say one yes."
"rahu","7","aquarius","Растете, като допуснете човек, който не ви прилича. Еднаквото ви е удобно. Опитайте едно.","You grow by letting in somebody unlike you. Sameness is comfortable for you. Try one."
"rahu","7","pisces","Растете, като говорите за отношението с думи, не с усещане. Мъглата ви е навик. Кажете едно ясно изречение.","You grow by speaking about the bond in words rather than feelings. The fog is a habit. Say one clear sentence."
"rahu","8","aries","Растете, като влезете в тежкото, вместо да го подминете. Бързането ви е бягство. Останете един път.","You grow by going into the heavy thing rather than passing it. Hurrying is escape. Stay once."
"rahu","8","taurus","Растете, като пуснете нещо, което държите от години. Държенето ви е навик. Оставете едно.","You grow by releasing something you have held for years. Holding is a habit for you. Let one go."
"rahu","8","gemini","Растете, като научите как работят чуждите пари. Мъглата ви коства. Прочетете един договор докрай.","You grow by learning how other people's money works. The fog costs you. Read one contract to the end."
"rahu","8","cancer","Растете, като оплачете това, което не сте оплакал. Носенето ви е навик. Дайте му един ден.","You grow by mourning what you never mourned. Carrying is a habit for you. Give it one day."
"rahu","8","leo","Растете, като приемете помощ, без да я връщате веднага. Гордостта ви свива. Приемете едно.","You grow by accepting help without repaying it at once. Pride shrinks you. Accept one."
"rahu","8","virgo","Растете, като сложите ред в тежкото. Отлагането ви коства. Отворете едното чекмедже.","You grow by putting order into the heavy thing. Postponing costs you. Open the one drawer."
"rahu","8","libra","Растете, като делите справедливо и го кажете на глас. Мълчанието ви коства. Кажете сметката.","You grow by dividing fairly and saying so out loud. Silence costs you. Say the reckoning."
"rahu","8","scorpio","Тук всичко е на място: растете през преобръщане и през загуба. Дълбокото ви е посоката. Само не влизайте сам.","Here everything sits in place: you grow through overturning and through loss. The deep is your direction. Just do not go in alone."
"rahu","8","sagittarius","Растете, като намерите смисъл в тежкото, а не да бягате. Разсейването ви е навик. Останете в един въпрос.","You grow by finding meaning in the heavy thing rather than running. Distraction is a habit for you. Stay with one question."
"rahu","8","capricorn","Растете, като приключите докрай нещо старо. Носенето ви е удобно. Дайте му дата.","You grow by finishing something old completely. Carrying is comfortable for you. Give it a date."
"rahu","8","aquarius","Растете, като гледате на края спокойно и без драма. Страхът ви е стар. Кажете го на един човек.","You grow by looking at endings calmly and without drama. Your fear is old. Say it to one person."
"rahu","8","pisces","Растете, като кажете какво усещате, преди да е станало. Мълчанието ви коства. Кажете го на един човек.","You grow by saying what you sense before it happens. Silence costs you. Say it to one person."
"rahu","9","aries","Растете, като тръгнете далеч и сам. Тук ви е удобно и малко. Купете билета.","You grow by going far and alone. Here is comfortable and small. Buy the ticket."
"rahu","9","taurus","Растете, като изучите едно нещо докрай. Разпиляването ви коства. Изберете едно и останете.","You grow by studying one thing to the end. Scattering costs you. Choose one and stay."
"rahu","9","gemini","Тук всичко е на място: растете чрез учене и чуждо мислене. Далечното ви е посоката. Само задълбочавайте едно.","Here everything sits in place: you grow through study and foreign thinking. The far is your direction. Just go deep in one."
"rahu","9","cancer","Растете, като напуснете вярата, наследена от дома. Тя ви е удобна. Проверете едно нейно твърдение.","You grow by leaving the faith you inherited at home. It is comfortable for you. Check one of its claims."
"rahu","9","leo","Растете, като застанете зад убеждението си пред хора. Мълчанието ви коства. Кажете го веднъж.","You grow by standing behind your conviction in public. Silence costs you. Say it once."
"rahu","9","virgo","Растете, като проверите вярата си срещу факти. Увереността ви е навик. Проверете едно нещо.","You grow by testing your faith against facts. Certainty is a habit for you. Check one thing."
"rahu","9","libra","Растете, като чуете чуждото убеждение до края. Спорът ви е навик. Слушайте едно докрай.","You grow by hearing somebody's conviction to the end. Arguing is a habit for you. Listen to one all the way."
"rahu","9","scorpio","Растете, като стигнете до дъното на един въпрос. Общото знание ви бяга. Изберете едно и копайте.","You grow by reaching the bottom of one question. General knowledge runs from you. Choose one and dig."
"rahu","9","sagittarius","Растете, като тръгнете, вместо да четете за тръгването. Планът ви е удобен. Тръгнете тази година.","You grow by going rather than reading about going. The plan is comfortable for you. Go this year."
"rahu","9","capricorn","Растете, като учите бавно и без прескачане. Бързането ви коства. Дайте му три години.","You grow by learning slowly and without skipping. Hurrying costs you. Give it three years."
"rahu","9","aquarius","Растете, като мислите различно от кръга си и го кажете. Съгласието ви е навик. Кажете го веднъж.","You grow by thinking differently from your circle and saying so. Agreement is a habit for you. Say it once."
"rahu","9","pisces","Растете, като се доверите на смисъл, който не можете да докажете. Доводът не ви е стихия. Тръгнете по едно усещане.","You grow by trusting a meaning you cannot prove. Argument is not your element. Follow one feeling."
"rahu","10","aries","Растете, като излезете отпред и поемете. Чакането ви свива. Поискайте едното място.","You grow by stepping forward and taking it on. Waiting shrinks you. Ask for the one position."
"rahu","10","taurus","Растете, като останете в едно поле дълго. Смяната ви пилее. Дайте му пет години.","You grow by staying in one field for a long time. Switching scatters you. Give it five years."
"rahu","10","gemini","Растете, като кажете какво умеете пред хора. Скромността ви коства. Кажете го веднъж.","You grow by saying what you can do in public. Modesty costs you. Say it once."
"rahu","10","cancer","Растете, като поемете отговорност пред други, не само в дома. Тясното ви е удобно. Приемете едно.","You grow by taking responsibility in public rather than only at home. The narrow is comfortable for you. Accept one."
"rahu","10","leo","Тук всичко е на място: растете, когато ви видят и ви дадат тежест. Мястото ви е посоката. Само не работете за поглед.","Here everything sits in place: you grow when you are seen and given weight. The position is your direction. Just do not work for the looking."
"rahu","10","virgo","Растете, като поемете по-голямото, а не по-точното. Дребното ви задържа. Приемете една роля.","You grow by taking on the larger rather than the more exact. The small holds you back. Accept one role."
"rahu","10","libra","Растете, като поискате условия за себе си. Съгласяването ви коства. Поискайте едно.","You grow by asking for conditions for yourself. Agreeing costs you. Ask for one."
"rahu","10","scorpio","Растете, като приемете власт и я носите чисто. Отказът ви е навик. Кажете едно да.","You grow by accepting authority and carrying it cleanly. Refusing is a habit for you. Say one yes."
"rahu","10","sagittarius","Растете, като излезете на по-широка сцена. Тук ви е тясно от години. Пратете едно писмо навън.","You grow by stepping onto a wider stage. Here has been tight for years. Send one letter out."
"rahu","10","capricorn","Растете, като поемете дълго задължение и го носите. Отбягването ви коства. Приемете едно.","You grow by taking on a long obligation and carrying it. Avoiding costs you. Accept one."
"rahu","10","aquarius","Растете, като направите нещо, което не се вписва, и застанете зад него. Одобрението ви е навик. Направете едно.","You grow by doing something that does not fit and standing behind it. Approval is a habit for you. Do one."
"rahu","10","pisces","Растете, като превърнете усещането си в работа. Мечтата ви стои. Направете първата стъпка.","You grow by turning your feeling into work. Your dream is sitting still. Take the first step."
"rahu","11","aries","Растете, като влезете в група и предложите нещо. Стоенето отстрани ви свива. Кажете едно предложение.","You grow by joining a group and proposing something. Standing aside shrinks you. Make one proposal."
"rahu","11","taurus","Растете, като останете в един кръг дълго. Смяната на хора ви пилее. Останете една година.","You grow by staying in one circle for a long time. Changing people scatters you. Stay one year."
"rahu","11","gemini","Растете, като питате хората какво мислят. Собственият ви глас ви е удобен. Питайте трима.","You grow by asking people what they think. Your own voice is comfortable for you. Ask three people."
"rahu","11","cancer","Растете, като допуснете приятели до себе си, не само роднини. Семейството ви е удобно. Пуснете един човек.","You grow by letting friends near you, not only relatives. Family is comfortable for you. Let one person in."
"rahu","11","leo","Растете, като работите за общото, а не за своето име. Сцената ви е навик. Направете едно анонимно.","You grow by working for the shared thing rather than your name. The stage is a habit for you. Do one anonymously."
"rahu","11","virgo","Растете, като поемете дребната работа в групата. Критиката ви е удобна. Свършете едно нещо.","You grow by taking on the small work in the group. Criticising is comfortable for you. Finish one thing."
"rahu","11","libra","Тук всичко е на място: растете чрез хора и общи цели. Кръгът ви е посоката. Само пазете и своя път.","Here everything sits in place: you grow through people and shared aims. The circle is your direction. Just keep a road of your own."
"rahu","11","scorpio","Растете, като се доверите на група. Самотата ви е удобна. Влезте в едно.","You grow by trusting a group. Solitude is comfortable for you. Join one."
"rahu","11","sagittarius","Растете, като намерите кръг извън познатия. Тукашното ви е тясно. Потърсете едно.","You grow by finding a circle beyond the familiar one. What is here is tight for you. Look for one."
"rahu","11","capricorn","Растете, като поемете роля в общото и я носите. Отбягването ви коства. Приемете една.","You grow by taking a role in the shared thing and carrying it. Avoiding costs you. Accept one."
"rahu","11","aquarius","Растете, като бъдете себе си сред хора. Приспособяването ви коства. Кажете едно свое нещо.","You grow by being yourself among people. Adapting costs you. Say one thing of your own."
"rahu","11","pisces","Растете, като кажете на групата какво усещате. Мълчанието ви е навик. Кажете го веднъж.","You grow by telling the group what you sense. Silence is a habit for you. Say it once."
"rahu","12","aries","Растете, като спрете за момент, вместо да действате. Действието ви е бягство. Седнете десет минути.","You grow by stopping for a moment rather than acting. Action is escape for you. Sit for ten minutes."
"rahu","12","taurus","Растете, като пуснете нещо материално. Държенето ви свива. Дайте едно нещо.","You grow by releasing something material. Holding shrinks you. Give one thing away."
"rahu","12","gemini","Растете, като мълчите и слушате. Говоренето ви е защита. Мълчете една вечер.","You grow by staying quiet and listening. Talking is your defence. Stay quiet one evening."
"rahu","12","cancer","Растете, като останете сам, без да ви е тъжно. Пълната къща ви е удобна. Дайте си един ден.","You grow by being alone without sadness. A full house is comfortable for you. Give yourself one day."
"rahu","12","leo","Растете, като направите нещо без публика. Погледът ви е навик. Направете едно тайно.","You grow by doing something with no audience. Being looked at is a habit for you. Do one in secret."
"rahu","12","virgo","Растете, като оставите нещо неоправено. Редът ви е защита. Оставете едно.","You grow by leaving something unfixed. Order is your defence. Leave one."
"rahu","12","libra","Растете, като останете без мнението на другите. Съгласието ви е навик. Решете едно сам.","You grow by managing without other people's opinion. Agreement is a habit for you. Decide one alone."
"rahu","12","scorpio","Растете, като се доверите, без да контролирате. Проверката ви е навик. Пуснете едно нещо.","You grow by trusting without controlling. Checking is a habit for you. Release one thing."
"rahu","12","sagittarius","Растете, като седите с въпрос, вместо да тръгвате. Пътят ви е бягство. Останете един месец.","You grow by sitting with a question rather than setting off. The road is escape for you. Stay one month."
"rahu","12","capricorn","Растете, като си позволите да не сте полезен. Отговорността ви е навик. Дайте си един ден.","You grow by allowing yourself to be no use. Responsibility is a habit for you. Give yourself one day."
"rahu","12","aquarius","Растете, като приемете нещо, което не се обяснява. Доводът ви е навик. Оставете едно необяснено.","You grow by accepting something that does not explain itself. Argument is a habit for you. Leave one unexplained."
"rahu","12","pisces","Тук всичко е на място: растете чрез тишина и вътрешна работа. Скритото ви е посоката. Само не изчезвайте съвсем.","Here everything sits in place: you grow through silence and inner work. The hidden is your direction. Just do not disappear entirely."
"ketu","1","aries","Умеете да се справяте сам и никой не ви е учил. Точно това ви държи затворен. Поискайте помощ веднъж.","You know how to manage alone and nobody taught you. That is exactly what keeps you shut in. Ask for help once."
"ketu","1","taurus","Издържате дълго на едно място и това ви идва даром. Стоенето вече не ви носи. Помръднете едно нещо.","You can hold one place for a long time and it comes free to you. Staying no longer pays you. Shift one thing."
"ketu","1","gemini","Обяснявате себе си бързо и убедително. Обяснението вече ви пази от близост. Кажете едно нещо просто.","You explain yourself fast and convincingly. The explaining now protects you from closeness. Say one thing plainly."
"ketu","1","cancer","Усещате стаята веднага и се пригаждате. Това умение ви изяжда. Останете си свой веднъж.","You read the room at once and adjust. That skill is eating you. Stay yourself once."
"ketu","1","leo","Умеете да заемете сцената без усилие. Вниманието ви идва даром и вече не храни. Постойте отстрани.","You can take the stage without effort. Attention comes free to you and no longer feeds. Stand aside a while."
"ketu","1","virgo","Виждате всеки недостатък у себе си и то е стар навик. Строгостта вече не помага. Кажете си едно добро.","You see every flaw in yourself and it is an old habit. The strictness no longer helps. Say one good thing to yourself."
"ketu","1","libra","Пригаждате се към всеки и никой не се оплаква от вас. Точно това ви губи. Кажете едно свое желание.","You adjust to everybody and nobody complains about you. That is exactly what loses you. Say one wish of your own."
"ketu","1","scorpio","Умеете да не показвате нищо и това ви е пазило. Затварянето вече е самотата ви. Отворете едно нещо.","You can show nothing and it has protected you. The closing up is now your loneliness. Open one thing."
"ketu","1","sagittarius","Умеете да убеждавате с размах и ви вярват. Обещанието вече ви тежи. Кажете едно по-малко.","You can convince with a sweep and people believe you. The promise now weighs on you. Say one less."
"ketu","1","capricorn","Държите се сериозно от дете и това ви е даром. Тежестта вече не ви трябва цялата. Бъдете лек един ден.","You have carried yourself seriously since childhood and it comes free. You no longer need all that weight. Be light for one day."
"ketu","1","aquarius","Умеете да сте различен и то не ви струва нищо. Различието вече е стена. Приличайте на някого веднъж.","You can be different and it costs you nothing. The difference is now a wall. Resemble somebody once."
"ketu","1","pisces","Разтваряте се в другите без усилие. Меката граница вече ви пилее. Кажете едно ясно не.","You dissolve into others without effort. The soft edge now scatters you. Say one clear no."
"ketu","2","aries","Умеете да си вземете своето и това ви идва даром. Взимането вече не ви носи. Дайте едно нещо.","You know how to take what is yours and it comes free. Taking no longer pays you. Give one thing."
"ketu","2","taurus","Умеете да държите и да не пускате. Държенето вече е тежест. Оставете едно нещо.","You know how to hold and not let go. Holding is now a weight. Let one thing go."
"ketu","2","gemini","Умеете да намерите откъде да влязат пари. Двете неща вече ви пилеят. Изберете едното.","You know how to find where money comes in. The two things now scatter you. Choose one."
"ketu","2","cancer","Пестите от страх, който сте наследил. Запасът вече не ви успокоява. Похарчете едно нещо.","You save out of an inherited fear. The reserve no longer calms you. Spend one thing."
"ketu","2","leo","Умеете да живеете скъпо и това ви идва лесно. Показното вече не ви радва. Купете нещо тихо.","You know how to live expensively and it comes easily. Display no longer gladdens you. Buy something quiet."
"ketu","2","virgo","Броите всичко до стотинка и никога не грешите. Броенето вече ви яде деня. Оставете едно перо.","You count everything to the coin and never err. Counting now eats your day. Leave one line."
"ketu","2","libra","Умеете да не спорите за пари и всички ви харесват. Отстъпването вече ви струва. Кажете числото.","You know how not to argue about money and everybody likes you. Giving way now costs you. Say the number."
"ketu","2","scorpio","Умеете да живеете с чужди ресурси. Зависимостта вече ви тежи. Направете едно свое.","You know how to live on other people's resources. The dependency now weighs. Make one thing your own."
"ketu","2","sagittarius","Вярвате, че ще дойде, и досега е идвало. Тази вяра вече не стига. Направете една сметка.","You believe it will come, and so far it has. That belief is no longer enough. Do one calculation."
"ketu","2","capricorn","Умеете да си отказвате всичко. Отказът вече не е добродетел. Купете едно нещо за себе си.","You know how to refuse yourself everything. The refusing is no longer a virtue. Buy one thing for yourself."
"ketu","2","aquarius","Умеете да изкарвате от необичайното. Странното вече не ви храни само. Дръжте един стабилен приход.","You know how to earn from the unusual. The odd no longer feeds you on its own. Keep one stable income."
"ketu","2","pisces","Умеете да живеете, без да гледате числата. Мъглата вече ви коства. Погледнете сметката веднъж.","You know how to live without looking at the numbers. The fog now costs you. Look at the account once."
"ketu","3","aries","Отговаряте бързо и остро, и това ви е даром. Бързият отговор вече ви губи хора. Изчакайте едно дишане.","You answer fast and sharply and it comes free. The quick answer now loses you people. Wait one breath."
"ketu","3","taurus","Умеете да мълчите и да не се обяснявате. Мълчанието вече ви изолира. Кажете едно изречение.","You know how to stay silent and not explain. The silence now isolates you. Say one sentence."
"ketu","3","gemini","Умеете да говорите за всичко с всеки. Приказката вече ви пилее. Мълчете една вечер.","You know how to talk about anything with anybody. The talk now scatters you. Stay quiet one evening."
"ketu","3","cancer","Помните всеки тон от старите разговори. Паметта вече ви тежи. Оставете една обида.","You remember every tone from the old conversations. The memory now weighs. Let one offence go."
"ketu","3","leo","Умеете да разказвате и стаята ви слуша. Разказът вече ви замества. Кажете нещо просто.","You know how to tell it and the room listens. The telling now stands in for you. Say something plain."
"ketu","3","virgo","Обяснявате прецизно и не оставяте съмнение. Подробността вече уморява. Спрете при третото изречение.","You explain precisely and leave no doubt. The detail now tires. Stop at the third sentence."
"ketu","3","libra","Умеете да казвате всичко така, че никой да не се обиди. Учтивостта вече ви струва. Кажете едното направо.","You know how to say everything so nobody takes offence. Politeness now costs you. Say the one thing directly."
"ketu","3","scorpio","Умеете да питате, докато не се отвори. Разследването вече ви пречи. Спрете при второто питане.","You know how to ask until it opens. The investigating now gets in your way. Stop at the second question."
"ketu","3","sagittarius","Умеете да говорите на едро и убедително. Замахът вече ви тежи. Кажете едно конкретно нещо.","You know how to talk in broad strokes and convince. The sweep now weighs. Say one concrete thing."
"ketu","3","capricorn","Умеете да казвате малко и точно. Пестеливостта вече ви изолира. Кажете едно нещо повече.","You know how to say little and precisely. Being sparing now isolates you. Say one thing more."
"ketu","3","aquarius","Умеете да казвате неудобното и не ви е страх. Изпреварването вече ви коства. Мълчете една вечер.","You know how to say the awkward thing and are not afraid. Being ahead now costs you. Stay quiet one evening."
"ketu","3","pisces","Разбирате какво иска да каже човекът и отговаряте на това. Отгатването вече бърка. Питайте с думи.","You understand what somebody means and answer that. The guessing now goes wrong. Ask in words."
"ketu","4","aries","Умеете да се вдигнете и да тръгнете. Тръгването вече е бягство. Останете една година.","You know how to get up and go. The going is now escape. Stay one year."
"ketu","4","taurus","Умеете да останете на едно място десетилетия. Стоенето вече не ви расте. Помръднете едно нещо.","You know how to stay in one place for decades. Staying no longer grows you. Shift one thing."
"ketu","4","gemini","Умеете да живеете навсякъде и да си тръгнете леко. Лекотата вече е самота. Останете и пуснете корен.","You know how to live anywhere and leave lightly. The lightness is now loneliness. Stay and put down a root."
"ketu","4","cancer","Умеете да се грижите за всички у дома. Грижата вече ви изяжда. Оставете една задача на друг.","You know how to look after everybody at home. The care now eats you. Leave one task to somebody else."
"ketu","4","leo","Умеете да направите дома си да се вижда. Показното вече не ви топли. Направете една стая само за живот.","You know how to make your home visible. Display no longer warms you. Make one room only for living."
"ketu","4","virgo","Оправяте къщата безупречно и никога не свършва. Редът вече ви е клетка. Оставете едно нещо.","You keep the house immaculate and it never ends. Order is now a cage. Leave one thing."
"ketu","4","libra","Умеете да пазите мира вкъщи с отстъпване. Мирът вече ви струва. Кажете едно свое условие.","You know how to keep the peace at home by giving way. The peace now costs you. State one condition of your own."
"ketu","4","scorpio","Умеете да мълчите за това, което всички знаят. Мълчанието вече тежи на всички. Наречете го веднъж.","You know how to keep quiet about what everybody knows. The silence now weighs on everybody. Name it once."
"ketu","4","sagittarius","Умеете да сте у дома навсякъде по света. Широтата вече ви оставя без основа. Изберете едно място.","You know how to be at home anywhere in the world. The breadth now leaves you with no base. Choose one place."
"ketu","4","capricorn","Носите дома от рано и никой не пита. Носенето вече не е ваше задължение. Оставете една част.","You have carried the home since early and nobody asks. The carrying is no longer your duty. Put one part down."
"ketu","4","aquarius","Умеете да живеете иначе от всички. Различието вече ви отделя. Пуснете един човек вътре.","You know how to live differently from everybody. The difference now separates you. Let one person in."
"ketu","4","pisces","Усещате къщата с тялото си и това ви идва даром. Усещането вече ви заключва вътре. Излезте един ден.","You feel the house in your body and it comes free. The feeling now locks you inside. Go out for one day."
"ketu","5","aries","Умеете да започвате и това ви идва даром. Началото вече не стига. Довършете едно нещо.","You know how to begin and it comes free. The beginning is no longer enough. Finish one thing."
"ketu","5","taurus","Умеете да правите бавно и трайно. Бавността вече ви задържа. Пуснете едно нещо навън.","You know how to work slowly and lastingly. The slowness now holds you back. Let one thing out."
"ketu","5","gemini","Измисляте лесно и много. Идеите вече ви пилеят. Изберете едно и го направете.","You invent easily and abundantly. The ideas now scatter you. Choose one and make it."
"ketu","5","cancer","Умеете да се грижите и да радвате. Грижата вече е вместо вашето. Направете едно за себе си.","You know how to care for people and gladden them. The caring now stands in for what is yours. Make one for yourself."
"ketu","5","leo","Умеете да сте видим и да ви ръкопляскат. Аплаузът вече не храни. Направете едно нещо без публика.","You know how to be visible and applauded. The applause no longer feeds. Make one thing with no audience."
"ketu","5","virgo","Изпипвате всичко до последното. Съвършенството вече ви спира. Пуснете едно при девет от десет.","You perfect everything to the last. Perfection now stops you. Release one at nine out of ten."
"ketu","5","libra","Умеете да правите с друг и да отстъпите. Отстъпването вече ви изтрива. Направете едно ваше.","You know how to make things with somebody and to give way. Giving way now erases you. Make one that is yours."
"ketu","5","scorpio","Умеете да обичате докрай и да не пускате. Дълбочината вече ви изморява. Позволете си нещо леко.","You know how to love completely and not let go. The depth now tires you. Allow yourself something light."
"ketu","5","sagittarius","Умеете да замисляте огромно. Замисълът вече не се превръща в нещо. Направете първата страница.","You know how to conceive it huge. The conception no longer turns into anything. Do the first page."
"ketu","5","capricorn","Умеете да работите с години върху едно. Търпението вече е отлагане. Дайте му дата.","You know how to work on one thing for years. The patience is now postponement. Give it a date."
"ketu","5","aquarius","Умеете да правите различно от всички. Различието вече ви оставя сам. Направете едно разбираемо.","You know how to make it unlike everybody. The difference now leaves you alone. Make one that is understandable."
"ketu","5","pisces","Живеете в измисленото и там ви е хубаво. Мечтата вече измества правенето. Направете едно истинско.","You live in the imagined and it is good there. The dream now displaces the making. Make one real thing."
"ketu","6","aries","Умеете да работите бързо и без почивка. Темпото вече ви струва тялото. Спрете един час днес.","You know how to work fast and without rest. The pace now costs you your body. Stop for one hour today."
"ketu","6","taurus","Умеете да издържате едно и също с години. Издържането вече не ви расте. Сменете една задача.","You know how to endure the same thing for years. Enduring no longer grows you. Change one task."
"ketu","6","gemini","Умеете да въртите две задачи наведнъж. Двете вече ви разсейват. Затворете едната.","You know how to run two tasks at once. The two now distract you. Close one."
"ketu","6","cancer","Умеете да се грижите за всички на работа. Грижата вече ви изяжда деня. Откажете едно.","You know how to look after everybody at work. The caring now eats your day. Refuse one."
"ketu","6","leo","Умеете да работите така, че да се вижда. Погледът вече не ви носи. Свършете едно тихо.","You know how to work so it shows. The looking no longer pays you. Finish one quietly."
"ketu","6","virgo","Виждате всяка грешка и я поправяте. Поправянето вече ви изяжда. Оставете едно.","You see every mistake and fix it. The fixing now eats you. Leave one."
"ketu","6","libra","Умеете да работите с всеки без спор. Мирът вече ви струва условия. Кажете едно ваше.","You know how to work with anybody without argument. The peace now costs you conditions. State one of yours."
"ketu","6","scorpio","Умеете да влизате в тежката част. Тежкото вече не ви носи нищо ново. Оставете едно на друг.","You know how to go into the hard part. The hard no longer brings you anything new. Leave one to somebody else."
"ketu","6","sagittarius","Умеете да работите в движение и на много места. Пътят вече ви пилее. Останете едно място.","You know how to work on the move and in many places. The road now scatters you. Stay in one place."
"ketu","6","capricorn","Умеете да носите товар без оплакване. Носенето вече не е добродетел. Кажете спирачката.","You know how to carry a load without complaint. The carrying is no longer a virtue. Say the word stop."
"ketu","6","aquarius","Умеете да правите нещата иначе. Различният начин вече ви изолира. Направете едно както се очаква.","You know how to do things differently. The different way now isolates you. Do one as expected."
"ketu","6","pisces","Умеете да търпите и да не казвате. Търпението вече е в тялото ви. Кажете го днес.","You know how to endure and not say. The enduring is now in your body. Say it today."
"ketu","7","aries","Умеете да тръгнете пръв и да не гледате назад. Тръгването вече ви оставя сам. Останете един път.","You know how to leave first and not look back. The leaving now leaves you alone. Stay once."
"ketu","7","taurus","Умеете да останете дълго до един човек. Оставането вече не е избор, а навик. Проверете дали го искате.","You know how to stay a long time beside one person. The staying is now habit rather than choice. Check whether you want it."
"ketu","7","gemini","Умеете да поддържате разговор с всеки. Приказката вече замества близостта. Кажете едно истинско нещо.","You know how to keep a conversation with anybody. The talk now stands in for closeness. Say one true thing."
"ketu","7","cancer","Умеете да се грижите за човека до вас. Грижата вече е вместо равенство. Поискайте нещо.","You know how to look after the person beside you. The caring now stands in for equality. Ask for something."
"ketu","7","leo","Умеете да сте забелязан от двамата. Вниманието вече не топли. Питайте го какво иска той.","You know how to be the noticed one of the two. The attention no longer warms. Ask what they want."
"ketu","7","virgo","Виждате какво не е наред и го казвате полезно. Поправянето вече дразни. Оставете едно.","You see what is off and say it usefully. The correcting now grates. Leave one."
"ketu","7","libra","Умеете да се пригодите към всеки партньор. Пригаждането вече ви изтрива. Кажете едно свое условие.","You know how to fit any partner. The fitting now erases you. State one condition of your own."
"ketu","7","scorpio","Умеете да проверявате човека дълго. Проверката вече ви пази от близост. Дайте едно доверие.","You know how to test somebody for a long time. The testing now keeps closeness away. Give one trust."
"ketu","7","sagittarius","Умеете да обещавате широко в началото. Обещанието вече ви тежи. Кажете едно по-малко.","You know how to promise widely at the start. The promise now weighs. Say one less."
"ketu","7","capricorn","Умеете да носите обещание с години. Носенето вече не е обич. Проверете кое от двете е.","You know how to carry a promise for years. The carrying is no longer love. Check which of the two it is."
"ketu","7","aquarius","Умеете да оставите на другия въздух. Свободата вече е разстояние. Приближете се веднъж.","You know how to leave the other air. The freedom is now distance. Come closer once."
"ketu","7","pisces","Умеете да усетите другия без думи. Отгатването вече бърка. Питайте с думи.","You know how to sense the other without words. The guessing now goes wrong. Ask in words."
"ketu","8","aries","Умеете да влезете в кризата пръв. Влизането вече ви изпразва. Пропуснете едно.","You know how to go into the crisis first. Going in now empties you. Skip one."
"ketu","8","taurus","Умеете да пазите и да не пускате. Пазенето вече ви тежи. Оставете едно нещо.","You know how to guard and not release. Guarding now weighs on you. Let one thing go."
"ketu","8","gemini","Умеете да разберете чуждите сметки. Знанието вече ви прави чужд длъжник. Откажете една услуга.","You know how to understand other people's accounts. The knowledge now makes you somebody's debtor. Refuse one favour."
"ketu","8","cancer","Умеете да носите чужда загуба. Носенето вече не е ваше. Оставете я на прага.","You know how to carry somebody else's loss. The carrying is no longer yours. Leave it at the door."
"ketu","8","leo","Умеете да разказвате преживяното. Разказът вече ви държи там. Оставете една история непозната.","You know how to tell what you lived through. The telling now keeps you there. Leave one story untold."
"ketu","8","virgo","Умеете да приключвате чуждото до последното. Приключването вече ви яде годините. Дайте му дата.","You know how to close other people's affairs to the last. The closing now eats your years. Give it a date."
"ketu","8","libra","Умеете да делите справедливо и да мълчите. Мълчанието вече ви струва. Кажете сметката.","You know how to divide fairly and stay silent. The silence now costs you. Say the reckoning."
"ketu","8","scorpio","Тук всичко е на място: издържате тежкото по-добре от всеки. Издържането вече не ви учи. Само поискайте помощ.","Here everything sits in place: you endure the heavy thing better than anybody. Enduring no longer teaches you. Just ask for help."
"ketu","8","sagittarius","Умеете да намерите смисъл във всяка загуба. Смисълът вече е бягство от скръбта. Дайте ѝ един ден.","You know how to find meaning in every loss. The meaning is now escape from the grief. Give it one day."
"ketu","8","capricorn","Умеете да изплащате всичко до края. Дългът вече не е ваш. Проверете чий е.","You know how to settle everything to the end. The debt is no longer yours. Check whose it is."
"ketu","8","aquarius","Умеете да гледате края спокойно. Спокойствието вече е дистанция. Позволете си да ви заболи.","You know how to look at endings calmly. The calm is now distance. Allow yourself to hurt."
"ketu","8","pisces","Усещате чуждата болка веднага и я поемате. Поемането вече ви изпразва. Питайте се чие е.","You feel other people's pain at once and take it on. The taking on now empties you. Ask yourself whose it is."
"ketu","9","aries","Умеете да тръгнете, когато стане тясно. Тръгването вече е бягство. Останете и вижте.","You know how to leave when it gets tight. The leaving is now escape. Stay and see."
"ketu","9","taurus","Умеете да държите едно убеждение с десетилетия. Убеждението вече не се проверява. Проверете едно негово твърдение.","You know how to hold one conviction for decades. The conviction goes untested now. Check one of its claims."
"ketu","9","gemini","Знаете по малко от всичко. Разпилените знания вече не ви носят. Изберете едно и копайте.","You know a little of everything. The scattered knowledge no longer pays you. Choose one and dig."
"ketu","9","cancer","Носите вярата на рода си. Тя вече не е ваша. Проверете кое от нея държи.","You carry your family's faith. It is no longer yours. Check which part of it holds."
"ketu","9","leo","Умеете да убеждавате и хората ви следват. Убедеността вече не е знание. Признайте едно незнание.","You know how to convince and people follow. Conviction is not knowledge. Admit one thing you do not know."
"ketu","9","virgo","Умеете да проверявате всичко. Съмнението вече ви спира. Приемете едно нещо без доказателство.","You know how to check everything. Doubt now stops you. Accept one thing without proof."
"ketu","9","libra","Умеете да чуете всяка страна. Равновесието вече е избягване. Изберете една позиция.","You know how to hear every side. The balance is now avoidance. Choose one position."
"ketu","9","scorpio","Умеете да стигате до дъното на всяко учение. Дълбочината вече ви изолира. Обяснете едно просто.","You know how to reach the bottom of any teaching. The depth now isolates you. Explain one thing plainly."
"ketu","9","sagittarius","Тук всичко е на място: далечното и голямото ви идват даром. Учението вече не е ново. Само направете нещо с него.","Here everything sits in place: the far and the large come free to you. The learning is no longer new. Just do something with it."
"ketu","9","capricorn","Умеете да учите бавно и без прескачане. Бавността вече е отлагане. Дайте му дата.","You know how to learn slowly and without skipping. The slowness is now postponement. Give it a date."
"ketu","9","aquarius","Умеете да мислите различно от всички. Различието вече ви оставя без събеседник. Обяснете едно просто.","You know how to think differently from everybody. The difference now leaves you with nobody to talk to. Explain one thing plainly."
"ketu","9","pisces","Умеете да вярвате без доказателство. Вярата вече не се проверява от нищо. Стъпете на едно конкретно.","You know how to believe without proof. The faith is now checked by nothing. Stand on one concrete thing."
"ketu","10","aries","Умеете да пробивате отпред. Пробиването вече не ви носи ново. Оставете едно място на друг.","You know how to push through at the front. Pushing no longer brings you anything new. Leave one position to somebody else."
"ketu","10","taurus","Умеете да стоите на едно място с години. Стоенето вече не расте. Поискайте промяна.","You know how to hold one position for years. Holding no longer grows. Ask for a change."
"ketu","10","gemini","Умеете да говорите пред хора. Речта вече замества направеното. Свършете едно нещо.","You know how to speak in public. The speech now stands in for the doing. Finish one thing."
"ketu","10","cancer","Умеете да сте човекът, на когото се разчита. Разчитането вече ви изяжда. Кажете едно не.","You know how to be the one relied on. Being relied on now eats you. Say one no."
"ketu","10","leo","Умеете да бъдете видим и признат. Признанието вече не топли. Направете едно нещо тихо.","You know how to be visible and recognised. Recognition no longer warms. Do one thing quietly."
"ketu","10","virgo","Умеете да работите безупречно. Безупречността вече ви спира. Пуснете едно на девет от десет.","You know how to work immaculately. The immaculate now stops you. Release one at nine out of ten."
"ketu","10","libra","Умеете да се разбирате с всеки. Съгласието вече ви струва мястото. Поискайте своето.","You know how to get on with anybody. Agreement now costs you the position. Ask for yours."
"ketu","10","scorpio","Умеете да носите тежкото пред хора. Тежестта вече не е ваша. Оставете една част.","You know how to carry the heavy thing in public. The weight is no longer yours. Put one part down."
"ketu","10","sagittarius","Умеете да обещавате широко пред хора. Обещанието вече ви тежи. Кажете едно по-малко.","You know how to promise widely in public. The promise now weighs. Say one less."
"ketu","10","capricorn","Умеете да носите отговорност от рано. Носенето вече не е ваш избор. Проверете дали още го искате.","You know how to carry responsibility from early on. The carrying is no longer your choice. Check whether you still want it."
"ketu","10","aquarius","Умеете да работите извън реда. Извънредното вече не се вижда като работа. Направете едно разбираемо.","You know how to work outside the order. The unconventional is no longer seen as work. Do one that is understandable."
"ketu","10","pisces","Умеете да работите за нещо, което не се обяснява. Неясното вече ви коства. Кажете го с прост пример.","You know how to work for something that does not explain itself. The vagueness now costs you. Say it with a plain example."
"ketu","11","aries","Умеете да влезете и да задвижите група. Задвижването вече не ви носи. Влезте и мълчете веднъж.","You know how to come in and set a group moving. The setting in motion no longer pays you. Come in and stay quiet once."
"ketu","11","taurus","Умеете да държите един кръг с години. Кръгът вече не расте. Влезте в един нов.","You know how to hold one circle for years. The circle no longer grows. Join a new one."
"ketu","11","gemini","Познавате всички и никой отблизо. Широкото вече не ви храни. Задълбочете едно приятелство.","You know everybody and nobody closely. The wide no longer feeds you. Deepen one friendship."
"ketu","11","cancer","Умеете да гощавате и подслонявате кръга. Грижата вече ви изяжда. Оставете една задача.","You know how to feed and shelter the circle. The caring now eats you. Leave one task."
"ketu","11","leo","Умеете да сте центърът на компанията. Центърът вече не топли. Постойте отстрани веднъж.","You know how to be the centre of the company. The centre no longer warms. Stand aside once."
"ketu","11","virgo","Умеете да вършите работата на групата. Работата вече ви е приета за даденост. Кажете кога спирате.","You know how to do the group's work. The work is now taken for granted. Say when you stop."
"ketu","11","libra","Умеете да държите мира в кръга. Мирът вече ви струва. Кажете едно свое условие.","You know how to keep the peace in the circle. The peace now costs you. State one condition of your own."
"ketu","11","scorpio","Умеете да пускате малцина и да им вярвате. Затвореният кръг вече ви стеснява. Пуснете един нов.","You know how to let few in and trust them. The closed circle now narrows you. Let one new person in."
"ketu","11","sagittarius","Умеете да събирате хора отвсякъде. Широтата вече е разпиляване. Изберете три имена.","You know how to gather people from everywhere. The breadth is now scattering. Choose three names."
"ketu","11","capricorn","Умеете да носите общото начинание. Носенето вече не е ваше задължение. Предайте една част.","You know how to carry the shared undertaking. The carrying is no longer your duty. Hand over one part."
"ketu","11","aquarius","Умеете да сте различен сред групата. Различието вече ви оставя отвън. Направете едно общо нещо.","You know how to be different in the group. The difference now leaves you outside. Do one shared thing."
"ketu","11","pisces","Умеете да усетите какво иска групата. Усещането вече ви разтваря в нея. Кажете какво искате вие.","You know how to sense what the group wants. The sensing now dissolves you into it. Say what you want."
"ketu","12","aries","Умеете да изчезнете, когато стане тежко. Изчезването вече е бягство. Останете един път.","You know how to disappear when it gets heavy. The disappearing is now escape. Stay once."
"ketu","12","taurus","Умеете да носите мълчаливо години наред. Носенето вече не е сила. Оставете едно нещо.","You know how to carry silently for years. The carrying is no longer strength. Put one thing down."
"ketu","12","gemini","Умеете да мислите сам и на тъмно. Мисленето вече замества казването. Кажете едно нещо на глас.","You know how to think alone and in the dark. The thinking now stands in for saying. Say one thing out loud."
"ketu","12","cancer","Умеете да поемате чуждото настроение. Поемането вече ви изпразва. Оставете го на прага.","You know how to take on other people's moods. The taking on now empties you. Leave it at the door."
"ketu","12","leo","Умеете да правите голямо и да не го обявявате. Скриването вече ви коства. Покажете едно нещо.","You know how to do something large and not announce it. The hiding now costs you. Show one thing."
"ketu","12","virgo","Умеете да работите невидимо и точно. Невидимостта вече не е скромност. Оставете подпис.","You know how to work invisibly and precisely. The invisibility is no longer modesty. Leave a signature."
"ketu","12","libra","Умеете да уреждате мира зад кулисите. Уреждането вече не се вижда като работа. Кажете какво правите.","You know how to settle the peace behind the scenes. The settling is no longer seen as work. Say what you do."
"ketu","12","scorpio","Умеете да пазите чужди тайни. Тайната вече не е ваша за пазене. Оставете една.","You know how to keep other people's secrets. The secret is no longer yours to keep. Put one down."
"ketu","12","sagittarius","Умеете да мечтаете подробно и без да тръгвате. Мечтата вече замества живота. Направете една стъпка.","You know how to dream in detail and never set off. The dream now stands in for living. Take one step."
"ketu","12","capricorn","Умеете да носите товар без свидетел. Товарът вече не е ваш. Проверете чий е.","You know how to carry a load with no witness. The load is no longer yours. Check whose it is."
"ketu","12","aquarius","Умеете да сте отделен от всички. Отделеността вече ви струва. Влезте в една стая с хора.","You know how to be apart from everybody. The apartness now costs you. Go into one room with people."
"ketu","12","pisces","Тук всичко е на място: тишината и вътрешното ви идват даром. Скритото вече не ви учи. Само излезте и го покажете.","Here everything sits in place: silence and the inner life come free to you. The hidden no longer teaches you. Just come out and show it."
"chiron","1","aries","Учили сте се да заемате място, защото рано са ви казали да не пречите. Затова умеете да правите смели хора. Кажете това на един от тях.","You learned to take up room because early on you were told not to be in the way. That is why you can make people brave. Say that to one of them."
"chiron","1","taurus","Съмнявали сте се, че имате право на нещо свое. Затова помагате на хора да си вземат своето. Признайте, че и вие сте се учил.","You doubted you had a right to anything of your own. That is why you help people take what is theirs. Admit you had to learn it too."
"chiron","1","gemini","Смятали са ви за много или за малко, и сте се преправял. Затова разпознавате кой се преправя. Кажете го внимателно.","You were considered too much or too little, and you rearranged yourself. That is why you recognise somebody doing the same. Say it carefully."
"chiron","1","cancer","Учили сте се сам да се утешавате. Затова хората идват при вас, когато им е тежко. Оставяйте и за себе си.","You learned to comfort yourself. That is why people come to you when things are hard. Leave something for yourself."
"chiron","1","leo","Крили сте се, за да не ви преценят. Затова умеете да извадите някого на светло. Излезте и вие веднъж.","You hid so as not to be judged. That is why you can bring somebody into the light. Step out yourself once."
"chiron","1","virgo","Мерили сте се с невъзможен стандарт. Затова знаете как да успокоите човек за грешката му. Кажете го и на себе си.","You measured yourself against an impossible standard. That is why you know how to settle somebody about a mistake. Say it to yourself too."
"chiron","1","libra","Учили сте се да сте удобен, за да не ви отхвърлят. Затова забелязвате кой се пригажда. Кажете едно свое желание.","You learned to be convenient so as not to be rejected. That is why you notice somebody adapting. Say one wish of your own."
"chiron","1","scorpio","Показвали сте малко, защото е било опасно. Затова хората ви се доверяват веднага. Отворете едно нещо.","You showed little because it was not safe. That is why people trust you at once. Open one thing."
"chiron","1","sagittarius","Обещавали сте повече, за да ви обичат. Затова разпознавате чуждото преувеличаване. Кажете едно скромно.","You promised more so you would be loved. That is why you recognise somebody exaggerating. Say one modest thing."
"chiron","1","capricorn","Пораснали сте по-рано от нужното. Затова умеете да носите и чуждото. Оставете едно нещо.","You grew up earlier than necessary. That is why you can carry other people's things too. Put one down."
"chiron","1","aquarius","Били сте различен и ви е коствало. Затова умеете да приютите странния човек. Кажете му, че знаете.","You were different and it cost you. That is why you can shelter the odd one. Tell them that you know."
"chiron","1","pisces","Не сте знаел къде свършвате вие. Затова усещате всекиго веднага. Кажете едно ясно не.","You did not know where you ended. That is why you sense everybody at once. Say one clear no."
"chiron","2","aries","Учили сте се да си вземате, защото никой не ви е давал. Затова умеете да покажете на човек как да поиска. Поискайте и вие.","You learned to take because nobody gave. That is why you can show somebody how to ask. Ask, yourself, too."
"chiron","2","taurus","Не сте се чувствал сигурен, дори когато е имало. Затова знаете как се успокоява такъв страх. Кажете си го и на себе си.","You did not feel safe even when there was enough. That is why you know how such a fear is calmed. Say it to yourself as well."
"chiron","2","gemini","Учили сте се да смятате рано и сам. Затова обяснявате пари просто. Взимайте за това.","You learned to count early and alone. That is why you explain money plainly. Charge for it."
"chiron","2","cancer","Сигурността ви е зависела от чуждото настроение. Затова умеете да успокоите човек за парите. Направете си свой запас.","Your security depended on somebody's mood. That is why you can calm somebody about money. Build a reserve of your own."
"chiron","2","leo","Срамували сте се от това, което нямате. Затова знаете колко боли и не питате хората. Купете си едно нещо без вина.","You were ashamed of what you did not have. That is why you know how much it hurts and you do not ask people. Buy yourself one thing without guilt."
"chiron","2","virgo","Броили сте всичко, за да не сгрешите. Затова умеете да подредите чужди сметки. Оставете едно перо непроверено.","You counted everything so as not to err. That is why you can put somebody's accounts in order. Leave one line unchecked."
"chiron","2","libra","Не сте искал да говорите за пари, за да няма спор. Затова разпознавате кой мълчи от неудобство. Кажете числото.","You did not want to talk money so there would be no argument. That is why you recognise somebody silent from awkwardness. Say the number."
"chiron","2","scorpio","Живели сте с чужди пари и сте плащал за това. Затова умеете да поставите граница. Проверете своята.","You lived on other people's money and paid for it. That is why you can set a boundary. Check yours."
"chiron","2","sagittarius","Вярвали сте, че ще дойде, и е идвало на косъм. Затова умеете да успокоите човек. Направете и сметка.","You believed it would come, and it came by a hair. That is why you can calm somebody. Do the arithmetic as well."
"chiron","2","capricorn","Отказвали сте си всичко, за да е сигурно. Затова умеете да учите хора на пестене. Похарчете едно нещо.","You refused yourself everything to make it safe. That is why you can teach people to save. Spend one thing."
"chiron","2","aquarius","Изкарвали сте по необичаен път. Затова умеете да покажете, че има и друг път. Дръжте един сигурен приход.","You earned by an unusual road. That is why you can show that another road exists. Keep one steady income."
"chiron","2","pisces","Никога не сте знаел точно колко има. Затова умеете да не се плашите от числа. Погледнете сметката веднъж.","You never knew exactly how much there was. That is why numbers do not frighten you. Look at the account once."
"chiron","3","aries","Прекъсвали са ви, преди да завършите изречението. Затова изслушвате хората докрай. Довършете и вашето.","You were interrupted before finishing a sentence. That is why you hear people out. Finish yours too."
"chiron","3","taurus","Мълчали сте, защото думите ви са били бавни. Затова умеете да чакате човек да намери своята. Кажете и вашата.","You stayed quiet because your words were slow. That is why you can wait for somebody to find theirs. Say yours too."
"chiron","3","gemini","Смятали са ви за много приказлив или за странен. Затова умеете да успокоите човек, който се обяснява. Кажете едно нещо просто.","You were considered too talkative, or odd. That is why you can settle somebody who over-explains. Say one thing plainly."
"chiron","3","cancer","Не сте казвал какво чувствате, за да не тежите. Затова забелязвате кой мълчи от грижа. Кажете едно нещо.","You did not say what you felt so as not to burden. That is why you notice somebody silent out of care. Say one thing."
"chiron","3","leo","Смеели са ви се, когато сте разказвал. Затова умеете да дадете глас на човек. Разкажете едно ваше.","You were laughed at when you told a story. That is why you can give somebody a voice. Tell one of yours."
"chiron","3","virgo","Поправяли са всяка ваша дума. Затова умеете да оставите човек да говори неточно. Кажете едно нещо небрежно.","Every word of yours was corrected. That is why you can let somebody speak imprecisely. Say one thing carelessly."
"chiron","3","libra","Мерили сте всяко изречение, за да не нараните. Затова разпознавате премълчаното. Кажете едното нещо.","You weighed every sentence so as not to wound. That is why you recognise what goes unsaid. Say the one thing."
"chiron","3","scorpio","Тайните са били по-важни от истината. Затова умеете да питате безопасно. Кажете една своя.","Secrets mattered more than the truth. That is why you know how to ask safely. Tell one of yours."
"chiron","3","sagittarius","Обещавали сте с думи повече, отколкото сте могъл. Затова знаете цената на приказката. Кажете едно по-малко.","You promised more in words than you could do. That is why you know what talk costs. Say one less."
"chiron","3","capricorn","Говорели са ви строго и кратко. Затова умеете да кажете нещо топло на човек. Кажете го и на себе си.","You were spoken to sternly and briefly. That is why you can say something warm to somebody. Say it to yourself too."
"chiron","3","aquarius","Смятали са ви за странен заради това, което казвате. Затова умеете да чуете чуждата странна мисъл. Кажете вашата пак.","You were thought odd for what you said. That is why you can hear somebody's odd thought. Say yours again."
"chiron","3","pisces","Не сте намирал думи за това, което усещате. Затова умеете да чакате човек да намери своите. Напишете едно.","You could not find words for what you sensed. That is why you can wait for somebody to find theirs. Write one down."
"chiron","4","aries","Влизали сте в къща, в която е било напрегнато. Затова умеете да успокоите стая. Направете си свое тихо място.","You came into a house where things were tense. That is why you can settle a room. Make yourself a quiet place."
"chiron","4","taurus","Домът ви не е бил сигурен. Затова умеете да направите място, в което човек се отпуска. Останете в него.","Your home was not safe. That is why you can make a place where somebody relaxes. Stay in it."
"chiron","4","gemini","Вкъщи не се е говорело за важното. Затова умеете да отворите тема внимателно. Отворете една своя.","At home what mattered went unspoken. That is why you can open a subject carefully. Open one of yours."
"chiron","4","cancer","Грижили сте се за възрастен, докато сте бил дете. Затова умеете да носите. Оставете едно нещо.","You looked after an adult while you were a child. That is why you can carry. Put one thing down."
"chiron","4","leo","Не сте бил забелязван в своята къща. Затова умеете да видите човек. Кажете, че искате да ви видят.","You went unnoticed in your own house. That is why you can see somebody. Say that you want to be seen."
"chiron","4","virgo","Домът е трябвало да е безупречен. Затова умеете да успокоите човек за безпорядъка. Оставете едно нещо.","The home had to be immaculate. That is why you can settle somebody about mess. Leave one thing."
"chiron","4","libra","Държали сте мира между двама. Затова умеете да посредничите. Кажете едно свое условие.","You kept the peace between two people. That is why you can mediate. State one condition of your own."
"chiron","4","scorpio","В къщата е имало нещо, което не се назовава. Затова усещате чуждото премълчано. Наречете своето веднъж.","There was something in the house that never got named. That is why you sense what others swallow. Name yours once."
"chiron","4","sagittarius","Домът ви е бил далеч или разпръснат. Затова умеете да приютите човек отдалеч. Изберете едно място.","Your home was far away, or scattered. That is why you can shelter somebody from far away. Choose one place."
"chiron","4","capricorn","Носили сте къщата рано. Затова умеете да поемете и чуждото. Поискайте помощ.","You carried the house early. That is why you can take on other people's too. Ask for help."
"chiron","4","aquarius","Живели сте иначе от съседите. Затова умеете да приютите човек, който не се вписва. Пуснете един вътре.","You lived differently from the neighbours. That is why you can shelter somebody who does not fit. Let one in."
"chiron","4","pisces","Усещали сте настроението на къщата преди всички. Затова умеете да успокоите стая. Оставяйте я на прага.","You felt the mood of the house before anybody. That is why you can settle a room. Leave it at the door."
"chiron","5","aries","Смеели са ви се, когато сте показал направеното. Затова умеете да насърчите човек да покаже своето. Покажете и вашето.","You were laughed at when you showed what you made. That is why you can encourage somebody to show theirs. Show yours too."
"chiron","5","taurus","Не сте имал право да си играете. Затова умеете да дадете на човек разрешение. Дайте си го.","You had no right to play. That is why you can give somebody permission. Give it to yourself."
"chiron","5","gemini","Идеите ви са били отхвърляни бързо. Затова умеете да чуете чужда идея докрай. Кажете вашата пак.","Your ideas were dismissed fast. That is why you can hear somebody's idea to the end. Say yours again."
"chiron","5","cancer","Обичали са ви условно. Затова умеете да обичате дете безусловно. Кажете си, че и вие имате право.","You were loved conditionally. That is why you can love a child unconditionally. Tell yourself you have the right too."
"chiron","5","leo","Не сте бил гледан с радост. Затова умеете да се радвате на нечий успех истински. Позволете си вашия.","You were not looked at with gladness. That is why you can be truly glad at somebody's success. Allow yourself yours."
"chiron","5","virgo","Критикували са всяко ваше усилие. Затова умеете да похвалите точно. Похвалете и себе си.","Every effort of yours was criticised. That is why you can praise exactly. Praise yourself too."
"chiron","5","libra","Правили сте нещата, за да е приятно на другите. Затова разпознавате кой се старае. Направете едно за себе си.","You did things to keep others pleased. That is why you recognise somebody trying too hard. Make one for yourself."
"chiron","5","scorpio","Страстта ви е била срамна. Затова умеете да приемете чуждото желание без съд. Приемете и своето.","Your passion was shameful. That is why you can take somebody's desire without judging. Take yours too."
"chiron","5","sagittarius","Обещавали са ви големи неща и не са станали. Затова умеете да не обещавате напразно. Направете едно малко.","You were promised large things and they did not happen. That is why you do not promise idly. Do one small thing."
"chiron","5","capricorn","Не е имало време за игра. Затова умеете да дадете време на друг. Дайте един час на себе си.","There was no time for play. That is why you can give somebody time. Give yourself one hour."
"chiron","5","aquarius","Правили сте странни неща и никой не е разбирал. Затова умеете да приемете чуждото странно. Направете едно ваше.","You made odd things and nobody understood. That is why you can accept somebody's odd thing. Make one of yours."
"chiron","5","pisces","Мечтали сте вместо да правите. Затова умеете да задвижите човек. Направете първата страница.","You dreamed instead of doing. That is why you can get somebody moving. Do the first page."
"chiron","6","aries","Работили сте до предел, за да ви приемат. Затова разпознавате кой се пресилва. Спрете един час днес.","You worked to the limit to be accepted. That is why you recognise somebody overdoing it. Stop for one hour today."
"chiron","6","taurus","Тялото ви е било пренебрегвано. Затова умеете да напомните на човек да си почине. Направете го и вие.","Your body went ignored. That is why you can remind somebody to rest. Do it yourself too."
"chiron","6","gemini","Работили сте много неща наведнъж от страх. Затова умеете да подредите чужд ден. Затворете една задача.","You worked many things at once out of fear. That is why you can order somebody's day. Close one task."
"chiron","6","cancer","Грижили сте се за всички и никой за вас. Затова умеете да видите нечия умора. Кажете за своята.","You looked after everybody and nobody looked after you. That is why you can see somebody's tiredness. Say yours."
"chiron","6","leo","Работата ви не е била оценена. Затова умеете да похвалите чуждия труд. Кажете какво сте свършил.","Your work went unvalued. That is why you can praise somebody's labour. Say what you finished."
"chiron","6","virgo","Стандартът е бил невъзможен. Затова умеете да успокоите човек за грешка. Оставете едно нещо неоправено.","The standard was impossible. That is why you can settle somebody about a mistake. Leave one thing unfixed."
"chiron","6","libra","Търпели сте лош тон, за да останете. Затова разпознавате кой търпи. Кажете го рано.","You endured a bad tone in order to stay. That is why you recognise somebody enduring. Say so early."
"chiron","6","scorpio","Носили сте тежката част, защото никой друг. Затова умеете да влезете, когато трябва. Взимайте за това.","You carried the hard part because nobody else would. That is why you can go in when needed. Charge for it."
"chiron","6","sagittarius","Работата ви е била без смисъл за вас. Затова умеете да покажете на човек защо си струва. Изберете смисъл.","Your work had no meaning for you. That is why you can show somebody why it is worth it. Choose meaning."
"chiron","6","capricorn","Никой не ви е учил на занаята. Затова умеете да обясните на начинаещ. Обяснете на един по-млад.","Nobody taught you the craft. That is why you can explain to a beginner. Explain it to somebody younger."
"chiron","6","aquarius","Работили сте иначе и ви е коствало. Затова умеете да защитите нечий нов начин. Обяснете вашия.","You worked differently and it cost you. That is why you can defend somebody's new way. Explain yours."
"chiron","6","pisces","Тялото ви е говорело, а не сте го слушал. Затова умеете да чуете чуждото. Спрете сега.","Your body spoke and you did not listen. That is why you can hear somebody else's. Stop now."
"chiron","7","aries","Тръгвали са, преди да сте разбрал защо. Затова умеете да останете до човек. Останете и до себе си.","People left before you understood why. That is why you can stay beside somebody. Stay beside yourself as well."
"chiron","7","taurus","Държали са ви като притежание. Затова умеете да обичате, без да стискате. Кажете какво искате.","You were held like a possession. That is why you can love without gripping. Say what you want."
"chiron","7","gemini","Не сте бил чут в двойката. Затова умеете да изслушате човек докрай. Кажете и вашето.","You were not heard in the pair. That is why you can hear somebody out. Say yours too."
"chiron","7","cancer","Грижили сте се, за да не си тръгне някой. Затова разпознавате кой се старае от страх. Поискайте нещо.","You cared for somebody so they would not leave. That is why you recognise fearful effort. Ask for something."
"chiron","7","leo","Не са ви избирали пръв. Затова умеете да накарате човек да се почувства избран. Кажете, че искате същото.","You were not chosen first. That is why you can make somebody feel chosen. Say that you want the same."
"chiron","7","virgo","Мерили са ви и сте бил намерен недостатъчен. Затова умеете да приемете човек цял. Приемете и себе си.","You were measured and found wanting. That is why you can take somebody whole. Take yourself so too."
"chiron","7","libra","Тук всичко е на място: раната ви е в двойката и там сте най-полезен. Виждате какво липсва на двама. Само кажете и своето.","Here everything sits in place: your wound is in the pair and there you are most useful. You see what two people lack. Just say your own thing too."
"chiron","7","scorpio","Предавали са доверието ви. Затова проверявате дълго и разпознавате лъжата. Дайте едно доверие все пак.","Your trust was betrayed. That is why you test long and recognise a lie. Give one trust all the same."
"chiron","7","sagittarius","Обещавали са ви широко и не са изпълнили. Затова не обещавате празно. Обещайте едно малко.","You were promised widely and it was not delivered. That is why you do not promise emptily. Promise one small thing."
"chiron","7","capricorn","Отношението е било задължение. Затова умеете да различите обич от дълг. Проверете своята.","The bond was a duty. That is why you can tell love from obligation. Check yours."
"chiron","7","aquarius","Задушавали са ви в близост. Затова умеете да оставите въздух. Приближете се веднъж.","You were smothered in closeness. That is why you can leave air. Come closer once."
"chiron","7","pisces","Не сте знаел къде свършвате вие и започва другият. Затова усещате всичко. Кажете едно ясно не.","You did not know where you ended and the other began. That is why you sense everything. Say one clear no."
"chiron","8","aries","Влизали сте в кризи сам и рано. Затова не се плашите от чужда криза. Спрете преди края на силата.","You went into crises alone and early. That is why somebody's crisis does not frighten you. Stop before the strength runs out."
"chiron","8","taurus","Изгубили сте нещо материално и сте се справил. Затова умеете да успокоите човек. Купете си едно нещо.","You lost something material and managed. That is why you can settle somebody. Buy yourself one thing."
"chiron","8","gemini","Не са ви казвали истината за тежкото. Затова умеете да говорите ясно за него. Кажете и своята.","You were not told the truth about the heavy thing. That is why you can speak clearly about it. Say yours too."
"chiron","8","cancer","Загуба е минала през дома ви и не е оплакана. Затова умеете да седите с тъгуващ. Дайте на своята един ден.","A loss passed through your home and went unmourned. That is why you can sit with somebody grieving. Give yours one day."
"chiron","8","leo","Криели сте през какво сте минал. Затова разпознавате чуждото мълчание. Кажете една част.","You hid what you went through. That is why you recognise somebody's silence. Say one part."
"chiron","8","virgo","Приключвали сте чужди неща без благодарност. Затова умеете да го направите точно. Кажете какво ви взима.","You closed other people's affairs without thanks. That is why you can do it precisely. Say what it takes from you."
"chiron","8","libra","Делили са несправедливо и сте мълчал. Затова умеете да поставите сметката ясно. Кажете своята.","It was divided unfairly and you kept quiet. That is why you can put the reckoning clearly. Say yours."
"chiron","8","scorpio","Тук всичко е на място: минали сте през дъното и се връщате при други. Издържате чуждото тежко. Само не влизайте сам.","Here everything sits in place: you went through the bottom and you go back for others. You bear other people's heavy things. Just do not go in alone."
"chiron","8","sagittarius","Търсили сте смисъл в тежкото и сте го намерил. Затова умеете да го дадете на друг. Само не бързайте да го давате.","You looked for meaning in the heavy thing and found it. That is why you can give it to somebody. Just do not hurry to give it."
"chiron","8","capricorn","Плащали сте чужд дълг. Затова разпознавате кой носи чуждо. Проверете вашия чий е.","You paid somebody else's debt. That is why you recognise somebody carrying another's. Check whose yours is."
"chiron","8","aquarius","Гледали сте на края иначе и са ви смятали за странен. Затова умеете да успокоите човек. Кажете го спокойно.","You looked at endings differently and were thought odd. That is why you can settle somebody. Say it calmly."
"chiron","8","pisces","Поемали сте чуждата болка от дете. Затова я усещате веднага. Оставяйте я на прага.","You took on other people's pain from childhood. That is why you feel it at once. Leave it at the door."
"chiron","9","aries","Тръгвали сте сам и без изпращане. Затова умеете да насърчите човек да тръгне. Тръгнете пак.","You set off alone and unseen off. That is why you can encourage somebody to go. Set off again."
"chiron","9","taurus","Убеждението ви е било осмивано. Затова умеете да чуете чужда вяра без съд. Кажете вашата.","Your conviction was mocked. That is why you can hear somebody's faith without judging. Say yours."
"chiron","9","gemini","Смятали са ви за неук или за много учен. Затова обяснявате без надменност. Кажете какво знаете.","You were considered ignorant, or too learned. That is why you explain without condescension. Say what you know."
"chiron","9","cancer","Вярата на дома ви е тежала. Затова умеете да пуснете човек да вярва свое. Проверете своята.","The faith at home weighed on you. That is why you can let somebody believe their own. Check yours."
"chiron","9","leo","Учили са ви, че вашето мнение не струва. Затова умеете да дадете глас на човек. Кажете вашето.","You were taught your opinion was worth nothing. That is why you can give somebody a voice. Say yours."
"chiron","9","virgo","Проверявали са всяко ваше твърдение. Затова умеете да питате внимателно. Приемете едно нещо без доказателство.","Every claim of yours was checked. That is why you ask carefully. Accept one thing without proof."
"chiron","9","libra","Не сте имал право на своя истина. Затова умеете да не налагате. Кажете вашата все пак.","You had no right to a truth of your own. That is why you do not impose. Say yours all the same."
"chiron","9","scorpio","Търсили сте смисъл в много места. Затова умеете да седите с чужд въпрос. Останете с един свой.","You looked for meaning in many places. That is why you can sit with somebody's question. Stay with one of yours."
"chiron","9","sagittarius","Тук всичко е на място: раната ви е в смисъла и там учите другите. Стигнал сте до вярата си сам. Само не я налагайте.","Here everything sits in place: your wound is in meaning and there you teach others. You reached your faith alone. Just do not impose it."
"chiron","9","capricorn","Учението ви е било спряно и сте се върнал по-късно. Затова умеете да насърчите закъснелия. Довършете вашето.","Your studying was stopped and you came back later. That is why you can encourage the latecomer. Finish yours."
"chiron","9","aquarius","Мислили сте различно и са ви наказвали. Затова умеете да пазите чуждото различие. Кажете вашето пак.","You thought differently and were punished. That is why you can protect somebody's difference. Say yours again."
"chiron","9","pisces","Вярата ви е била без думи. Затова умеете да мълчите с човек. Опишете я веднъж.","Your faith had no words. That is why you can be silent with somebody. Describe it once."
"chiron","10","aries","Тръгвали сте отпред и са ви били по ръцете. Затова умеете да прикриете начинаещ. Излезте отпред пак.","You went to the front and were slapped down. That is why you can cover a beginner. Step forward again."
"chiron","10","taurus","Признанието ви е дошло късно. Затова умеете да оцените човек навреме. Поискайте вашето.","Your recognition came late. That is why you can value somebody in time. Ask for yours."
"chiron","10","gemini","Не са ви взимали на сериозно. Затова умеете да чуете човек, когото подминават. Кажете какво умеете.","You were not taken seriously. That is why you can hear somebody being passed over. Say what you can do."
"chiron","10","cancer","Работили сте за одобрението на родител. Затова разпознавате чуждото старание. Направете едно за себе си.","You worked for a parent's approval. That is why you recognise somebody trying. Do one for yourself."
"chiron","10","leo","Виждали са ви само когато сте успявал. Затова умеете да видите човек и в провал. Позволете си един.","You were seen only when you succeeded. That is why you can see somebody in failure. Allow yourself one."
"chiron","10","virgo","Мерили сте се с чужд стандарт. Затова умеете да покажете реална мярка. Свалете вашата наполовина.","You measured yourself by somebody else's standard. That is why you can show a real measure. Halve yours."
"chiron","10","libra","Не сте поискал мястото си. Затова умеете да покажете на човек как се иска. Поискайте вашето.","You did not ask for your position. That is why you can show somebody how it is asked for. Ask for yours."
"chiron","10","scorpio","Мястото ви е било свързано с чужда власт. Затова умеете да я носите чисто. Проверете как я ползвате.","Your position was bound up with somebody's power. That is why you can carry it cleanly. Check how you use it."
"chiron","10","sagittarius","Обещавали са ви кариера и не е станало. Затова не залъгвате никого. Направете една стъпка.","You were promised a career and it did not happen. That is why you fool nobody. Take one step."
"chiron","10","capricorn","Тук всичко е на място: раната ви е в признанието и там сте най-полезен. Знаете колко коства мястото. Само поискайте вашето.","Here everything sits in place: your wound is in recognition and there you are most useful. You know what a position costs. Just ask for yours."
"chiron","10","aquarius","Работили сте иначе и не са ви разбрали. Затова умеете да защитите нечий нов път. Обяснете вашия.","You worked differently and were not understood. That is why you can defend somebody's new road. Explain yours."
"chiron","10","pisces","Не сте знаел как изглежда работата ви отвън. Затова питате хората ясно. Питайте за себе си веднъж.","You did not know how your work looked from outside. That is why you ask people clearly. Ask about yourself once."
"chiron","11","aries","Влизали сте в групи и са ви отхвърляли. Затова умеете да приютите новодошъл. Влезте пак някъде.","You joined groups and were rejected. That is why you can welcome a newcomer. Join something again."
"chiron","11","taurus","Приятелите ви са си тръгвали. Затова умеете да останете. Пуснете един нов.","Your friends left. That is why you can stay. Let one new person in."
"chiron","11","gemini","Смятали са ви за странен в компанията. Затова разпознавате кой стои отстрани. Кажете му нещо.","You were thought odd in company. That is why you recognise somebody standing aside. Say something to them."
"chiron","11","cancer","Търсили сте семейство сред приятели. Затова умеете да направите кръг топъл. Кажете, когато ви е тежко.","You looked for family among friends. That is why you can make a circle warm. Say when things weigh on you."
"chiron","11","leo","Не са ви канили. Затова умеете да поканите човек. Поканете и себе си някъде.","You were not invited. That is why you can invite somebody. Invite yourself somewhere too."
"chiron","11","virgo","Били сте полезен, за да ви търпят. Затова разпознавате кой се старае за място. Кажете едно свое условие.","You were useful so you would be tolerated. That is why you recognise somebody earning their place. State one condition of your own."
"chiron","11","libra","Държали сте мира в групата с цената на себе си. Затова умеете да посредничите. Кажете вашето мнение.","You kept the group's peace at your own expense. That is why you can mediate. Say your opinion."
"chiron","11","scorpio","Предавали са ви в кръг. Затова проверявате дълго и разпознавате. Пуснете един нов все пак.","You were betrayed in a circle. That is why you test long and you recognise it. Let one new person in all the same."
"chiron","11","sagittarius","Общите цели са ви подвеждали. Затова умеете да питате какво точно се иска. Влезте в едно ново.","Shared aims misled you. That is why you know to ask what exactly is wanted. Join a new one."
"chiron","11","capricorn","Носили сте групата с години без благодарност. Затова умеете да видите нечий труд. Кажете вашия.","You carried the group for years without thanks. That is why you can see somebody's labour. Say yours."
"chiron","11","aquarius","Тук всичко е на място: раната ви е в принадлежността и там сте най-полезен. Знаете какво е да си отвън. Само влизайте и вие.","Here everything sits in place: your wound is in belonging and there you are most useful. You know what being outside is. Just go in yourself as well."
"chiron","11","pisces","Разтваряли сте се в групата и сте се губил. Затова умеете да върнете човек при себе си. Кажете какво искате вие.","You dissolved into the group and got lost. That is why you can bring somebody back to themselves. Say what you want."
"chiron","12","aries","Справяли сте се сам и в тишина. Затова умеете да седите с човек, който не говори. Поискайте помощ веднъж.","You managed alone and in silence. That is why you can sit with somebody who does not speak. Ask for help once."
"chiron","12","taurus","Носили сте нещо тежко без свидетел. Затова разпознавате чуждото носене. Оставете едно нещо.","You carried something heavy with no witness. That is why you recognise somebody carrying. Put one thing down."
"chiron","12","gemini","Мислите ви са били подигравани. Затова умеете да пазите чуждото крехко. Кажете едно свое на глас.","Your thoughts were mocked. That is why you can protect somebody's fragile thing. Say one of yours out loud."
"chiron","12","cancer","Усещали сте всичко в къщата и никой не го е признавал. Затова умеете да назовете неказаното. Наречете своето.","You felt everything in the house and nobody acknowledged it. That is why you can name the unspoken. Name yours."
"chiron","12","leo","Скривали сте се, за да не ви наранят. Затова умеете да извадите човек навън. Излезте и вие.","You hid so as not to be hurt. That is why you can bring somebody out. Come out yourself too."
"chiron","12","virgo","Работили сте невидимо и без благодарност. Затова умеете да видите скритата работа. Оставете подпис.","You worked invisibly and unthanked. That is why you can see hidden work. Leave a signature."
"chiron","12","libra","Пазили сте мира с мълчание. Затова разпознавате премълчаното. Кажете едно нещо.","You kept the peace with silence. That is why you recognise what is swallowed. Say one thing."
"chiron","12","scorpio","Пазили сте тайна, която не е ваша. Затова умеете да не издавате. Оставете тази.","You kept a secret that was not yours. That is why you do not give things away. Put this one down."
"chiron","12","sagittarius","Мечтали сте, за да издържите. Затова умеете да дадете надежда точно. Направете една стъпка към своята.","You dreamed in order to endure. That is why you can give hope precisely. Take one step towards yours."
"chiron","12","capricorn","Носили сте по график и без оплакване. Затова разпознавате чуждата тежест. Кажете за своята.","You carried on schedule and without complaint. That is why you recognise somebody's weight. Say yours."
"chiron","12","aquarius","Стоели сте отвън и сте виждали всичко. Затова умеете да опишете стая. Влезте в една.","You stood outside and saw everything. That is why you can describe a room. Go into one."
"chiron","12","pisces","Тук всичко е на място: раната ви е в скритото и там помагате най-много. Усещате чуждото веднага. Само оставяйте го на прага.","Here everything sits in place: your wound is in the hidden and there you help most. You feel other people's things at once. Just leave them at the door."
"lilith","1","aries","Не се подчинявате и това се вижда от вратата. Хората решават бързо за вас. Оставяйте им втора среща.","You do not submit and it shows from the doorway. People decide about you fast. Leave them a second meeting."
"lilith","1","taurus","Не се движите, когато ви бутат. Инатът ви е стар и пази. Проверявайте кога е само инат.","You do not move when pushed. Your stubbornness is old and it protects. Check when it is only stubbornness."
"lilith","1","gemini","Казвате го, преди да сте преценил кой слуша. Езикът ви е свободен. Мерете стаята.","You say it before judging who is listening. Your tongue is free. Read the room."
"lilith","1","cancer","Не показвате колко ви е засегнало. Гордостта ви е стара защита. Кажете на един човек.","You do not show how much it stung. Your pride is an old defence. Tell one person."
"lilith","1","leo","Не се извинявате за това, че заемате място. Хората ви наричат надменен. Обяснете се веднъж.","You do not apologise for taking up room. People call you haughty. Explain yourself once."
"lilith","1","virgo","Не приемате чужди правила без причина. Проверявате всяко. Само не проверявайте всичко.","You accept no rule without a reason. You check every one. Just do not check them all."
"lilith","1","libra","Не се пригаждате, колкото изглежда. Учтивостта ви е дреха. Кажете какво не приемате.","You adapt less than it looks. Your politeness is clothing. Say what you do not accept."
"lilith","1","scorpio","Не се пречупвате и хората го усещат. Силата ви плаши някои. Дайте им повод да ви видят иначе.","You do not break and people sense it. Your force frightens some. Give them a reason to see you otherwise."
"lilith","1","sagittarius","Не приемате граници, които не сте избрал. Свободата ви е първа. Кажете правилата си рано.","You accept no limits you did not choose. Your freedom comes first. State your rules early."
"lilith","1","capricorn","Не молите за нищо и не се оплаквате. Мълчанието ви е гордост. Поискайте едно нещо.","You ask for nothing and do not complain. Your silence is pride. Ask for one thing."
"lilith","1","aquarius","Тук всичко е на място: непокорството е самото ви лице. Не се вписвате и не искате. Само не се отделяйте от всички.","Here everything sits in place: unruliness is your face itself. You do not fit in and do not want to. Just do not stand apart from everybody."
"lilith","1","pisces","Изчезвате, вместо да откажете на глас. Отдръпването ви е отказ. Кажете едно не.","You disappear rather than refusing out loud. Your withdrawal is the refusal. Say one no."
"lilith","2","aries","Не търпите да ви казват какво да правите с парите си. Взимате бързо своето. Проверете чие е.","You will not be told what to do with your money. You take what is yours fast. Check whose it is."
"lilith","2","taurus","Не давате назаем и не обяснявате защо. Своето ви е свещено. Кажете го спокойно, вместо да мълчите.","You do not lend and do not explain why. What is yours is sacred. Say so calmly rather than staying silent."
"lilith","2","gemini","Не казвате колко имате на никого. Числата ви са ваши. Само не крийте от себе си.","You tell nobody how much you have. Your numbers are yours. Just do not hide them from yourself."
"lilith","2","cancer","Не приемате помощ, дори когато трябва. Гордостта ви струва. Приемете едно нещо.","You do not accept help even when you should. Your pride costs you. Accept one thing."
"lilith","2","leo","Харчите както решите и не се отчитате. Свободата ви е в това. Само дръжте лимит.","You spend as you decide and report to nobody. Your freedom is in that. Just keep a limit."
"lilith","2","virgo","Не приемате да ви мерят по това, което имате. Точно затова следите всичко. Оставете едно перо.","You will not be measured by what you own. That is exactly why you track everything. Leave one line."
"lilith","2","libra","Не спорите за пари и после ви е тежко. Отстъпването ви е гордост наопаки. Кажете числото.","You do not argue about money and afterwards it weighs. Giving way is pride inverted. Say the number."
"lilith","2","scorpio","Не се доверявате на общи сметки. Знаете какво може да стане. Дръжте своя настрана.","You do not trust shared accounts. You know what can happen. Keep yours separate."
"lilith","2","sagittarius","Не търпите работа за чужда изгода. Свободата ви е по-скъпа от заплатата. Проверявайте сметката все пак.","You will not work for somebody else's gain. Your freedom is dearer than the salary. Check the arithmetic all the same."
"lilith","2","capricorn","Не искате да дължите нищо на никого. Затова плащате всичко веднага. Позволете си едно разсрочено.","You want to owe nobody anything. That is why you pay everything at once. Allow yourself one instalment."
"lilith","2","aquarius","Не изкарвате по обичайния път и не се извинявате. Странното ви храни. Дръжте един сигурен приход.","You do not earn by the usual road and do not apologise. The odd feeds you. Keep one steady income."
"lilith","2","pisces","Не следите числата и това е избор, не немарливост. Свободата ви е в незнанието. Погледнете веднъж.","You do not track the numbers, and that is a choice rather than neglect. Your freedom is in not knowing. Look once."
"lilith","3","aries","Казвате го така, че се помни, и не съжалявате. Езикът ви е остър. Изберете кога.","You say it so it is remembered and you do not regret it. Your tongue is sharp. Choose when."
"lilith","3","taurus","Не повтаряте и не се обяснявате втори път. Казаното е казано. Само проверявайте дали са чули.","You do not repeat and do not explain twice. What was said was said. Just check that they heard."
"lilith","3","gemini","Тук всичко е на място: думите ви са свободни и неудобни. Казвате това, което другите заобикалят. Само мерете стаята.","Here everything sits in place: your words are free and inconvenient. You say what others go around. Just read the room."
"lilith","3","cancer","Не казвате какво чувствате, за да не ви ползват. Мълчанието ви пази. Кажете едно нещо на един човек.","You do not say what you feel so it cannot be used. Your silence protects. Say one thing to one person."
"lilith","3","leo","Не се страхувате да смаете стаята. Обичате реакцията. Само не я търсете всеки път.","You are not afraid to astonish the room. You like the reaction. Just do not go looking for it every time."
"lilith","3","virgo","Не приемате неточност и го казвате. Правотата ви създава врагове. Кажете и полезното.","You accept no inaccuracy and you say so. Being right makes you enemies. Say the useful thing too."
"lilith","3","libra","Не спорите открито, а не отстъпвате наум. Учтивостта ви е обвивка. Кажете едното нещо.","You do not argue openly and you do not yield inside. Your politeness is a wrapper. Say the one thing."
"lilith","3","scorpio","Казвате неудобното направо и хората се дърпат. Не се извинявате. Само изберете момента.","You say the uncomfortable thing outright and people pull back. You do not apologise. Just choose the moment."
"lilith","3","sagittarius","Не търпите догма и го казвате на глас. Свободната мисъл ви е първа. Обяснявайте по-търпеливо.","You will not tolerate dogma and you say so out loud. Free thinking comes first for you. Explain more patiently."
"lilith","3","capricorn","Казвате малко и то тежи. Мълчанието ви е власт. Не го ползвайте като наказание.","You say little and it weighs. Your silence is power. Do not use it as punishment."
"lilith","3","aquarius","Мислите неща, които не се казват тук. Не се приспособявате. Изберете кому да ги кажете.","You think things not said here. You do not adapt. Choose whom to say them to."
"lilith","3","pisces","Не спорите — просто спирате да говорите. Оттеглянето ви е отказ. Кажете една дума, преди да замълчите.","You do not argue — you simply stop speaking. Your withdrawal is the refusal. Say one word before going quiet."
"lilith","4","aries","Не приемате реда, който сте заварил вкъщи. Сблъсъкът е започнал рано. Кажете какво искате вие.","You do not accept the order you found at home. The clash began early. Say what you want."
"lilith","4","taurus","Не отстъпвате свое пространство в къщата. Своята стая ви е свещена. Кажете го, вместо да го отбранявате.","You concede no space of your own in the house. Your room is sacred. Say so rather than defending it."
"lilith","4","gemini","Не приемате семейните версии на историята. Знаете друго. Кажете го веднъж спокойно.","You do not accept the family versions of the story. You know something else. Say it once, calmly."
"lilith","4","cancer","Тук всичко е на място: отказали сте да наследите ролята. В рода ви наричат труден. Само кажете защо.","Here everything sits in place: you refused to inherit the role. The family calls you difficult. Just say why."
"lilith","4","leo","Не се държите вкъщи както се очаква. Гордостта ви е стара. Обяснете я веднъж.","You do not behave at home as expected. Your pride is old. Explain it once."
"lilith","4","virgo","Не приемате чужди правила за реда. Правите го по свой начин. Обяснете го на живеещите.","You accept nobody's rules about order. You do it your own way. Explain it to whoever lives there."
"lilith","4","libra","Не искате скандал и затова не казвате. Мирът ви е привиден. Кажете едно нещо.","You want no row and so you do not say. Your peace is only apparent. Say one thing."
"lilith","4","scorpio","Знаете какво крие родът и не мълчите по договор. Истината ви е по-важна. Изберете на кого.","You know what the family hides and you keep no agreed silence. The truth matters more to you. Choose whom to tell."
"lilith","4","sagittarius","Не сте останал там, където се очаква да останете. Тръгването е било ваше решение. Не се извинявайте.","You did not stay where you were expected to stay. Leaving was your decision. Do not apologise."
"lilith","4","capricorn","Носите къщата по свой ред и не приемате съвети. Никой не е помагал. Поискайте помощ веднъж.","You run the house in your own order and take no advice. Nobody helped. Ask for help once."
"lilith","4","aquarius","Живеете иначе и родата не одобрява. Одобрението не ви трябва. Само кажете, че сте добре.","You live differently and the family disapproves. You do not need approval. Just say that you are well."
"lilith","4","pisces","Изчезвате от къщи, вместо да спорите. Отсъствието ви е отговор. Кажете една дума, преди да излезете.","You vanish from the house rather than arguing. Your absence is the answer. Say one word before you go."
"lilith","5","aries","Правите го, както решите, и не питате. Свободата ви е в самото правене. Само довършвайте.","You do it as you decide and ask nobody. Your freedom is in the making itself. Just finish."
"lilith","5","taurus","Не правите нищо, което не ви е приятно. Тялото ви решава. Само не отлагайте вечно.","You do nothing you do not enjoy. Your body decides. Just do not postpone forever."
"lilith","5","gemini","Играете по свои правила и сменяте ги. Хората се объркват. Кажете ги отначало.","You play by your own rules and you change them. People get confused. State them at the start."
"lilith","5","cancer","Не приемате как се очаква да обичате децата си. Правите го иначе. Кажете им защо.","You do not accept how you are expected to love your children. You do it differently. Tell them why."
"lilith","5","leo","Тук всичко е на място: показвате се и не се извинявате. Желанието ви е видимо. Само не искайте одобрение.","Here everything sits in place: you show yourself and do not apologise. Your desire is visible. Just do not ask for approval."
"lilith","5","virgo","Не показвате направеното, докато не е ваше докрай. Никой не бърза вас. Пуснете едно.","You do not show what you made until it is entirely yours. Nobody is hurrying you. Release one."
"lilith","5","libra","Не търсите разрешение, но чакате знак. Двете се бият. Направете го без знак.","You seek no permission and still you wait for a sign. The two fight. Do it without the sign."
"lilith","5","scorpio","Желанието ви е силно и вие не се извинявате за него. Хората се плашат. Кажете го ясно.","Your desire is strong and you do not apologise for it. People take fright. Say it clearly."
"lilith","5","sagittarius","Не приемате правила в удоволствието. Свободата ви е първа. Само казвайте я предварително.","You accept no rules in pleasure. Freedom comes first for you. Just say so in advance."
"lilith","5","capricorn","Не се радвате, докато не сте заслужил. Правилото е ваше. Отменете го веднъж.","You do not take pleasure until you have earned it. The rule is yours. Repeal it once."
"lilith","5","aquarius","Правите неща, които не се очакват от вас. Обичайното ви е тясно. Довеждайте ги до край.","You do things not expected of you. The usual is tight for you. Carry them to the end."
"lilith","5","pisces","Желанието ви живее скрито и не го признавате. Никой не подозира. Кажете го на себе си на глас.","Your desire lives hidden and you do not admit it. Nobody suspects. Say it out loud to yourself."
"lilith","6","aries","Не търпите да ви командват в работата. Правите го сам и бързо. Само казвайте какво сте направил.","You will not be ordered about at work. You do it alone and fast. Just say what you did."
"lilith","6","taurus","Не се пресилвате за чужда изгода. Знаете си мярката. Кажете я на глас.","You do not overstrain for somebody else's gain. You know your measure. Say it out loud."
"lilith","6","gemini","Не приемате безсмислена задача и го показвате. Хората виждат. Кажете причината.","You will not accept a pointless task and it shows. People see. Say the reason."
"lilith","6","cancer","Не носите чуждото на работа, колкото изглежда. Границата ви е твърда. Кажете я рано.","You carry less of other people's work than it looks. Your boundary is firm. State it early."
"lilith","6","leo","Не работите, ако не се вижда чие е. Името ви е част от труда. Поискайте го.","You do not work if it is not clear whose it is. Your name is part of the labour. Ask for it."
"lilith","6","virgo","Не приемате правило без причина и питате. Началниците ви наричат труден. Питайте по-меко.","You accept no rule without a reason and you ask. Managers call you difficult. Ask more gently."
"lilith","6","libra","Не се карате на работа и мълчаливо спирате да давате. Оттеглянето ви е отказ. Кажете го.","You do not quarrel at work and you quietly stop giving. Your withdrawal is the refusal. Say it."
"lilith","6","scorpio","Не приемате контрол над вашата част. Работите по-добре сам. Кажете го ясно.","You accept no control over your part. You work better alone. Say so clearly."
"lilith","6","sagittarius","Не оставате там, където ви е тясно. Тръгвате, когато трябва. Само подгответе следващото.","You do not stay where it is tight. You leave when you must. Just prepare the next thing."
"lilith","6","capricorn","Не се оплаквате и не се подчинявате. Двете вървят заедно. Кажете спирачката на глас.","You do not complain and you do not submit. The two go together. Say the word stop out loud."
"lilith","6","aquarius","Тук всичко е на място: не работите по чужд ред. Намирате свой и той работи. Само обяснявайте го.","Here everything sits in place: you do not work by somebody else's order. You find your own and it works. Just explain it."
"lilith","6","pisces","Тялото ви отказва, когато работата е грешна. Знаете го, преди да го признаете. Спрете сега.","Your body refuses when the work is wrong. You know it before you admit it. Stop now."
"lilith","7","aries","Не се подчинявате на човека до вас и това е ясно от началото. Борбата ви е част от близостта. Кажете го направо.","You do not submit to the person beside you and it is clear from the start. The struggle is part of the closeness. Say so directly."
"lilith","7","taurus","Не отстъпвате в двойката и чакате другият да поддаде. Инатът ви е стар. Отстъпете едно нещо.","You do not yield in the pair and wait for the other to give. Your stubbornness is old. Concede one thing."
"lilith","7","gemini","Не приемате чужда версия за отношението. Казвате своята. Само чуйте и неговата.","You do not accept somebody else's version of the bond. You say yours. Just hear theirs as well."
"lilith","7","cancer","Не показвате нужда, за да не ви държат с нея. Гордостта ви е стара. Кажете една нужда.","You do not show need so it cannot be used to hold you. Your pride is old. Say one need."
"lilith","7","leo","Не приемате да сте втори в двойката. Равенството ви е условие. Кажете го рано.","You will not be second in the pair. Equality is a condition for you. Say so early."
"lilith","7","virgo","Не приемате поправяне. Всяка бележка ви пали. Питайте какво точно се иска.","You accept no correcting. Every remark lights you up. Ask what exactly is wanted."
"lilith","7","libra","Тук всичко е на място: отказвате да сте половинка. Искате равен и го казвате. Само не превръщайте всичко в спор.","Here everything sits in place: you refuse to be a half. You want an equal and you say so. Just do not turn everything into an argument."
"lilith","7","scorpio","Не се доверявате напълно и другият го усеща. Проверката ви е стара. Дайте едно доверие.","You do not trust completely and the other feels it. Your testing is old. Give one trust."
"lilith","7","sagittarius","Не приемате обвързване, което ви стеснява. Свободата ви е условие. Кажете го отначало.","You accept no bond that narrows you. Freedom is a condition for you. Say so at the start."
"lilith","7","capricorn","Не приемате формата, а носите съдържанието. Обещанието ви е ваше. Кажете какво значи за вас.","You do not accept the form and you carry the substance. Your promise is your own. Say what it means to you."
"lilith","7","aquarius","Не приемате обичайните правила на двойката. Пишете свои. Кажете ги ясно.","You accept no usual rules for a pair. You write your own. State them clearly."
"lilith","7","pisces","Не спорите — отдръпвате се и другият не разбира. Мълчанието ви е отказ. Кажете една дума.","You do not argue — you withdraw and the other does not understand. Your silence is the refusal. Say one word."
"lilith","8","aries","Не се плашите от тежкото и влизате сам. Никой не ви е учил на това. Само не влизайте всеки път.","The heavy thing does not frighten you and you go in alone. Nobody taught you that. Just do not go in every time."
"lilith","8","taurus","Не пускате това, което е ваше, дори когато е свършило. Държенето ви е старо. Оставете едно нещо.","You do not release what is yours even when it is over. Your holding is old. Let one thing go."
"lilith","8","gemini","Питате точно там, където се мълчи. Не се спирате от неудобство. Кажете защо питате.","You ask exactly where everybody is silent. Awkwardness does not stop you. Say why you are asking."
"lilith","8","cancer","Не показвате раната си на никого. Затварянето ви е старо. Кажете една част на един човек.","You show your wound to nobody. Your closing up is old. Say one part to one person."
"lilith","8","leo","Не се срамувате от желанието си. Другите се стряскат. Само изберете пред кого.","You are not ashamed of your desire. Others are startled. Just choose in front of whom."
"lilith","8","virgo","Не приемате несправедливо делене и го казвате точно. Числата са у вас. Кажете ги спокойно.","You accept no unfair division and you say it exactly. The numbers are with you. Say them calmly."
"lilith","8","libra","Не се борите открито и не отстъпвате наум. Двете се бият. Кажете сметката на глас.","You do not fight openly and you do not yield inside. The two fight. Say the reckoning out loud."
"lilith","8","scorpio","Тук всичко е на място: тъмното не ви плаши и знаете това. Хората усещат силата ви. Само не я ползвайте за натиск.","Here everything sits in place: the dark does not frighten you and you know it. People sense your force. Just do not use it as pressure."
"lilith","8","sagittarius","Не приемате чужди правила за края. Правите го по свой начин. Кажете какво искате.","You accept no rules about endings. You do it your own way. Say what you want."
"lilith","8","capricorn","Не приемате чужд дълг и все пак го носите. Проверете чий е. Оставете го, ако не е ваш.","You accept no inherited debt and still you carry it. Check whose it is. Put it down if it is not yours."
"lilith","8","aquarius","Не се страхувате от загуба, както се очаква. Гледате я направо. Обяснявайте по-мека.","You do not fear loss the way you are expected to. You look at it directly. Explain it more gently."
"lilith","8","pisces","Поемате чуждото тежко и после отказвате всичко. Двете идват заедно. Оставяйте го на прага.","You take on other people's heavy things and then refuse everything. The two come together. Leave it at the door."
"lilith","9","aries","Не приемате чужда истина на доверие. Проверявате всичко сам. Само не отхвърляйте, преди да сте чул.","You accept nobody's truth on trust. You check everything yourself. Just do not dismiss before hearing."
"lilith","9","taurus","Държите убеждението си и не се местите. Инатът ви пази и стеснява. Проверете едно твърдение.","You hold your conviction and do not move. Your stubbornness protects and narrows. Check one claim."
"lilith","9","gemini","Не приемате догма и питате неудобното. Учителите ви наричат труден. Питайте по-меко.","You accept no dogma and ask the uncomfortable question. Teachers call you difficult. Ask more gently."
"lilith","9","cancer","Не приемате вярата на дома си. Отказът е бил рано. Кажете какво вярвате вие.","You do not accept the faith of your home. The refusal came early. Say what you believe."
"lilith","9","leo","Не приемате чужд авторитет над мисълта си. Свободата ви е първа. Кажете го спокойно.","You accept nobody's authority over your thinking. Freedom comes first for you. Say it calmly."
"lilith","9","virgo","Не приемате небрежно знание. Проверявате източника. Само не поправяйте всекиго.","You accept no careless knowledge. You check the source. Just do not correct everybody."
"lilith","9","libra","Не спорите открито и не се съгласявате наум. Учтивостта ви е дреха. Кажете едното нещо.","You do not argue openly and you do not agree inside. Your politeness is clothing. Say the one thing."
"lilith","9","scorpio","Търсите знание, което не се преподава. Забраненото ви привлича. Само пазете се от гуру.","You look for knowledge that is not taught. The forbidden draws you. Just beware of gurus."
"lilith","9","sagittarius","Тук всичко е на място: не приемате чужда посока. Тръгвате натам, накъдето решите. Само казвайте къде.","Here everything sits in place: you accept nobody's direction. You go where you decide. Just say where."
"lilith","9","capricorn","Не приемате знание без доказателство и стигате бавно. Никой не ви е дал път. Дайте на друг един.","You accept no knowledge without proof and you arrive slowly. Nobody gave you a road. Give somebody one."
"lilith","9","aquarius","Мислите неща, които тук са неудобни. Не се приспособявате. Обяснявайте по-търпеливо.","You think things that are inconvenient here. You do not adapt. Explain more patiently."
"lilith","9","pisces","Вярвате в нещо, което не казвате на никого. Мълчанието го пази. Кажете една част.","You believe something you tell nobody. The silence protects it. Say one part."
"lilith","10","aries","Не се подчинявате на йерархия и това се вижда. Мястото ви идва въпреки това. Само изберете битките.","You do not submit to hierarchy and it shows. Your position comes anyway. Just choose the battles."
"lilith","10","taurus","Не се местите от мястото си и чакате да ви признаят. Инатът ви работи бавно. Поискайте го.","You do not move from your position and wait to be recognised. Your stubbornness works slowly. Ask for it."
"lilith","10","gemini","Казвате пред хора това, което другите мълчат. Носи ви име и врагове. Мерете момента.","You say in public what others keep quiet. It brings you a name and enemies. Judge the moment."
"lilith","10","cancer","Не приемате ролята, която родът е предвидил. Отказът е бил рано. Кажете какво искате вие.","You do not accept the role the family planned. The refusal came early. Say what you want."
"lilith","10","leo","Не се снишавате, за да ви приемат. Гордостта ви е видима. Само обяснявайте я.","You do not lower yourself to be accepted. Your pride shows. Just explain it."
"lilith","10","virgo","Не приемате безсмислени процедури и го казвате. Правотата ви прави труден. Предложете решение.","You accept no pointless procedure and you say so. Being right makes you difficult. Offer a solution."
"lilith","10","libra","Не се борите открито за мястото и не отстъпвате. Двете се бият. Поискайте го на глас.","You do not fight openly for the position and you do not yield. The two fight. Ask for it out loud."
"lilith","10","scorpio","Тук всичко е на място: не се подчинявате и все пак ви дават власт. Хората ви усещат. Само носете я чисто.","Here everything sits in place: you do not submit and authority is given to you anyway. People sense you. Just carry it cleanly."
"lilith","10","sagittarius","Не приемате тесни рамки в работата. Тръгвате, когато стане тясно. Само подгответе следващото.","You accept no narrow frame at work. You leave when it gets tight. Just prepare the next thing."
"lilith","10","capricorn","Не молите за повишение и чакате да го видят. Гордостта ви коства. Поискайте го.","You do not ask for promotion and wait to be seen. Your pride costs you. Ask for it."
"lilith","10","aquarius","Не работите както се очаква и това дразни. Резултатът ви оправдава. Обяснявайте новия начин.","You do not work as expected and it irritates. The result vindicates you. Explain the new way."
"lilith","10","pisces","Не приемате чужда представа за успех. Вашата е неясна за другите. Кажете я с прост пример.","You accept nobody's idea of success. Yours is unclear to others. Say it with a plain example."
"lilith","11","aries","Не следвате групата и го показвате. Хората ви приемат бавно. Оставете им време.","You do not follow the group and you show it. People accept you slowly. Give them time."
"lilith","11","taurus","Не се местите от позицията си в кръга. Инатът ви е стар. Чуйте едно чуждо мнение докрай.","You do not move from your position in the circle. Your stubbornness is old. Hear one other view to the end."
"lilith","11","gemini","Казвате в компанията това, което не се казва. Стаята се стряска. Изберете момента.","In company you say what is not said. The room is startled. Choose the moment."
"lilith","11","cancer","Не приемате кръга като семейство и пазите разстояние. Свободата ви е първа. Пуснете един човек.","You do not take the circle for family and you keep your distance. Freedom comes first for you. Let one person in."
"lilith","11","leo","Не се снишавате, за да ви приемат в групата. Гордостта ви е видима. Обяснете я веднъж.","You do not lower yourself to be accepted in the group. Your pride shows. Explain it once."
"lilith","11","virgo","Не приемате общи правила без причина. Питате защо всеки път. Питайте по-меко.","You accept no shared rules without a reason. You ask why every time. Ask more gently."
"lilith","11","libra","Не спорите в кръга и мълчаливо се отдалечавате. Оттеглянето ви е отказ. Кажете една дума.","You do not argue in the circle and you quietly move away. Your withdrawal is the refusal. Say one word."
"lilith","11","scorpio","Не приемате групова власт над себе си. Знаете как се използват хора. Кажете го спокойно.","You accept no group power over you. You know how people get used. Say it calmly."
"lilith","11","sagittarius","Не приемате общата цел, ако не е и ваша. Питате направо. Само предложете и своя.","You do not accept the shared aim unless it is yours as well. You ask outright. Just propose yours too."
"lilith","11","capricorn","Не носите общото по задължение. Правите го, само ако сте избрал. Кажете кое сте избрал.","You do not carry the shared thing out of duty. You do it only if you chose it. Say what you chose."
"lilith","11","aquarius","Тук всичко е на място: не се разтваряте в групата. Оставате себе си сред хора. Само не стойте съвсем отвън.","Here everything sits in place: you do not dissolve into the group. You stay yourself among people. Just do not stand entirely outside."
"lilith","11","pisces","Изчезвате от кръга, вместо да откажете. Отсъствието ви е отговор. Кажете една дума.","You vanish from the circle rather than refusing. Your absence is the answer. Say one word."
"lilith","12","aries","Отказвате наведнъж и после изчезвате. Никой не разбира откъде дойде. Кажете предупреждението.","You refuse all at once and then disappear. Nobody sees where it came from. Give the warning."
"lilith","12","taurus","Носите отказа си тихо и с години. Инатът ви е скрит. Кажете едно нещо на глас.","You carry your refusal quietly and for years. Your stubbornness is hidden. Say one thing out loud."
"lilith","12","gemini","Мислите непозволени неща и не ги казвате. Свободата ви живее наум. Кажете едно на един човек.","You think forbidden things and do not say them. Your freedom lives in your head. Say one to one person."
"lilith","12","cancer","Не показвате колко ви е било. Затварянето ви е старо. Кажете една част.","You do not show how much it was. Your closing up is old. Say one part."
"lilith","12","leo","Правите нещо свободно, за което никой не знае. Не искате да го обяснявате. Правилно е.","You do something free that nobody knows about. You do not want to explain it. That is right."
"lilith","12","virgo","Не приемате правила, но ги спазвате отвън. Двете живеят у вас. Кажете кое е истинско.","You accept no rules and you keep them on the surface. The two live in you. Say which is real."
"lilith","12","libra","Не отказвате на глас, а спирате да участвате. Оттеглянето ви е отказ. Кажете едно не.","You do not refuse out loud, you stop taking part. Your withdrawal is the refusal. Say one no."
"lilith","12","scorpio","Знаете тъмното си и не се плашите от него. Другите не биха издържали. Само не оставайте сам с него.","You know your own dark and it does not frighten you. Others would not bear it. Just do not stay alone with it."
"lilith","12","sagittarius","Не приемате чужда представа за живота ви. Живеете скрито по свой начин. Кажете една част на един човек.","You accept nobody's idea of your life. You live hiddenly, your own way. Say one part to one person."
"lilith","12","capricorn","Носите отказа по график и без свидетел. Никой не знае колко е. Дайте си край.","You carry the refusal on schedule and with no witness. Nobody knows how much it is. Give yourself an end."
"lilith","12","aquarius","Не приличате на никого и го криете. Обичайното ви е тясно. Покажете едно нещо.","You resemble nobody and you hide it. The usual is tight for you. Show one thing."
"lilith","12","pisces","Тук всичко е на място: непокорството ви живее на скрито. Никой не подозира колко сте свободен. Само покажете едно нещо.","Here everything sits in place: your unruliness lives out of sight. Nobody suspects how free you are. Just show one thing."
